{
  "Asthma": {
    "precision": 0.881578947368421,
    "recall": 0.881578947368421,
    "f1-score": 0.881578947368421,
    "support": 76.0
  },
  "BRON": {
    "precision": 0.9452054794520548,
    "recall": 0.9078947368421053,
    "f1-score": 0.9261744966442953,
    "support": 76.0
  },
  "COPD": {
    "precision": 1.0,
    "recall": 0.9473684210526315,
    "f1-score": 0.972972972972973,
    "support": 76.0
  },
  "Healthy": {
    "precision": 0.9178082191780822,
    "recall": 0.881578947368421,
    "f1-score": 0.8993288590604027,
    "support": 76.0
  },
  "Lung Fibrosis": {
    "precision": 0.9240506329113924,
    "recall": 0.9605263157894737,
    "f1-score": 0.9419354838709677,
    "support": 76.0
  },
  "Plueral Effusion": {
    "precision": 1.0,
    "recall": 0.9736842105263158,
    "f1-score": 0.9866666666666667,
    "support": 76.0
  },
  "Pneumonia": {
    "precision": 0.8795180722891566,
    "recall": 0.9605263157894737,
    "f1-score": 0.9182389937106918,
    "support": 76.0
  },
  "RTI": {
    "precision": 0.8974358974358975,
    "recall": 0.9210526315789473,
    "f1-score": 0.9090909090909091,
    "support": 76.0
  },
  "accuracy": 0.9292763157894737,
  "macro avg": {
    "precision": 0.9306996560793757,
    "recall": 0.9292763157894737,
    "f1-score": 0.9294984161731659,
    "support": 608.0
  },
  "weighted avg": {
    "precision": 0.9306996560793755,
    "recall": 0.9292763157894737,
    "f1-score": 0.929498416173166,
    "support": 608.0
  }
}