{
  "Asthma": {
    "precision": 0.8676470588235294,
    "recall": 0.7763157894736842,
    "f1-score": 0.8194444444444444,
    "support": 76.0
  },
  "BRON": {
    "precision": 0.9375,
    "recall": 0.7894736842105263,
    "f1-score": 0.8571428571428571,
    "support": 76.0
  },
  "COPD": {
    "precision": 1.0,
    "recall": 0.8421052631578947,
    "f1-score": 0.9142857142857143,
    "support": 76.0
  },
  "Healthy": {
    "precision": 0.7142857142857143,
    "recall": 0.7894736842105263,
    "f1-score": 0.75,
    "support": 76.0
  },
  "Lung Fibrosis": {
    "precision": 0.8607594936708861,
    "recall": 0.8947368421052632,
    "f1-score": 0.8774193548387097,
    "support": 76.0
  },
  "Plueral Effusion": {
    "precision": 0.9358974358974359,
    "recall": 0.9605263157894737,
    "f1-score": 0.948051948051948,
    "support": 76.0
  },
  "Pneumonia": {
    "precision": 0.7755102040816326,
    "recall": 1.0,
    "f1-score": 0.8735632183908046,
    "support": 76.0
  },
  "RTI": {
    "precision": 0.9315068493150684,
    "recall": 0.8947368421052632,
    "f1-score": 0.912751677852349,
    "support": 76.0
  },
  "accuracy": 0.868421052631579,
  "macro avg": {
    "precision": 0.8778883445092833,
    "recall": 0.868421052631579,
    "f1-score": 0.8690824018758534,
    "support": 608.0
  },
  "weighted avg": {
    "precision": 0.8778883445092832,
    "recall": 0.868421052631579,
    "f1-score": 0.8690824018758535,
    "support": 608.0
  }
}