{
  "Asthma": {
    "precision": 0.8909090909090909,
    "recall": 0.6447368421052632,
    "f1-score": 0.7480916030534351,
    "support": 76.0
  },
  "BRON": {
    "precision": 0.9692307692307692,
    "recall": 0.8289473684210527,
    "f1-score": 0.8936170212765957,
    "support": 76.0
  },
  "COPD": {
    "precision": 1.0,
    "recall": 0.881578947368421,
    "f1-score": 0.9370629370629371,
    "support": 76.0
  },
  "Healthy": {
    "precision": 0.6548672566371682,
    "recall": 0.9736842105263158,
    "f1-score": 0.783068783068783,
    "support": 76.0
  },
  "Lung Fibrosis": {
    "precision": 0.8552631578947368,
    "recall": 0.8552631578947368,
    "f1-score": 0.8552631578947368,
    "support": 76.0
  },
  "Plueral Effusion": {
    "precision": 0.9178082191780822,
    "recall": 0.881578947368421,
    "f1-score": 0.8993288590604027,
    "support": 76.0
  },
  "Pneumonia": {
    "precision": 0.8414634146341463,
    "recall": 0.9078947368421053,
    "f1-score": 0.8734177215189873,
    "support": 76.0
  },
  "RTI": {
    "precision": 0.922077922077922,
    "recall": 0.9342105263157895,
    "f1-score": 0.9281045751633987,
    "support": 76.0
  },
  "accuracy": 0.8634868421052632,
  "macro avg": {
    "precision": 0.8814524788202395,
    "recall": 0.8634868421052632,
    "f1-score": 0.8647443322624095,
    "support": 608.0
  },
  "weighted avg": {
    "precision": 0.8814524788202396,
    "recall": 0.8634868421052632,
    "f1-score": 0.8647443322624094,
    "support": 608.0
  }
}