{
  "Asthma": {
    "precision": 0.9491525423728814,
    "recall": 0.7368421052631579,
    "f1-score": 0.8296296296296296,
    "support": 76.0
  },
  "BRON": {
    "precision": 0.971830985915493,
    "recall": 0.9078947368421053,
    "f1-score": 0.9387755102040817,
    "support": 76.0
  },
  "COPD": {
    "precision": 1.0,
    "recall": 0.9605263157894737,
    "f1-score": 0.9798657718120806,
    "support": 76.0
  },
  "Healthy": {
    "precision": 0.8,
    "recall": 0.8947368421052632,
    "f1-score": 0.84472049689441,
    "support": 76.0
  },
  "Lung Fibrosis": {
    "precision": 0.8690476190476191,
    "recall": 0.9605263157894737,
    "f1-score": 0.9125,
    "support": 76.0
  },
  "Plueral Effusion": {
    "precision": 0.9857142857142858,
    "recall": 0.9078947368421053,
    "f1-score": 0.9452054794520548,
    "support": 76.0
  },
  "Pneumonia": {
    "precision": 0.8735632183908046,
    "recall": 1.0,
    "f1-score": 0.9325153374233128,
    "support": 76.0
  },
  "RTI": {
    "precision": 0.9240506329113924,
    "recall": 0.9605263157894737,
    "f1-score": 0.9419354838709677,
    "support": 76.0
  },
  "accuracy": 0.9161184210526315,
  "macro avg": {
    "precision": 0.9216699105440596,
    "recall": 0.9161184210526316,
    "f1-score": 0.9156434636608171,
    "support": 608.0
  },
  "weighted avg": {
    "precision": 0.9216699105440597,
    "recall": 0.9161184210526315,
    "f1-score": 0.9156434636608172,
    "support": 608.0
  }
}