{
  "Asthma": {
    "precision": 0.8717948717948718,
    "recall": 0.4473684210526316,
    "f1-score": 0.591304347826087,
    "support": 76.0
  },
  "BRON": {
    "precision": 0.890625,
    "recall": 0.75,
    "f1-score": 0.8142857142857143,
    "support": 76.0
  },
  "COPD": {
    "precision": 1.0,
    "recall": 0.8421052631578947,
    "f1-score": 0.9142857142857143,
    "support": 76.0
  },
  "Healthy": {
    "precision": 0.48201438848920863,
    "recall": 0.881578947368421,
    "f1-score": 0.6232558139534884,
    "support": 76.0
  },
  "Lung Fibrosis": {
    "precision": 0.6555555555555556,
    "recall": 0.7763157894736842,
    "f1-score": 0.7108433734939759,
    "support": 76.0
  },
  "Plueral Effusion": {
    "precision": 0.7818181818181819,
    "recall": 0.5657894736842105,
    "f1-score": 0.6564885496183206,
    "support": 76.0
  },
  "Pneumonia": {
    "precision": 0.7439024390243902,
    "recall": 0.8026315789473685,
    "f1-score": 0.7721518987341772,
    "support": 76.0
  },
  "RTI": {
    "precision": 0.8533333333333334,
    "recall": 0.8421052631578947,
    "f1-score": 0.847682119205298,
    "support": 76.0
  },
  "accuracy": 0.7384868421052632,
  "macro avg": {
    "precision": 0.7848804712519427,
    "recall": 0.7384868421052632,
    "f1-score": 0.7412871914253469,
    "support": 608.0
  },
  "weighted avg": {
    "precision": 0.7848804712519427,
    "recall": 0.7384868421052632,
    "f1-score": 0.7412871914253469,
    "support": 608.0
  }
}