{
  "Asthma": {
    "precision": 0.723404255319149,
    "recall": 0.4473684210526316,
    "f1-score": 0.5528455284552846,
    "support": 76.0
  },
  "BRON": {
    "precision": 1.0,
    "recall": 0.7631578947368421,
    "f1-score": 0.8656716417910447,
    "support": 76.0
  },
  "COPD": {
    "precision": 1.0,
    "recall": 0.9078947368421053,
    "f1-score": 0.9517241379310345,
    "support": 76.0
  },
  "Healthy": {
    "precision": 0.5670103092783505,
    "recall": 0.7236842105263158,
    "f1-score": 0.6358381502890174,
    "support": 76.0
  },
  "Lung Fibrosis": {
    "precision": 0.6017699115044248,
    "recall": 0.8947368421052632,
    "f1-score": 0.7195767195767195,
    "support": 76.0
  },
  "Plueral Effusion": {
    "precision": 0.8301886792452831,
    "recall": 0.5789473684210527,
    "f1-score": 0.6821705426356589,
    "support": 76.0
  },
  "Pneumonia": {
    "precision": 0.6836734693877551,
    "recall": 0.881578947368421,
    "f1-score": 0.7701149425287356,
    "support": 76.0
  },
  "RTI": {
    "precision": 0.8904109589041096,
    "recall": 0.8552631578947368,
    "f1-score": 0.87248322147651,
    "support": 76.0
  },
  "accuracy": 0.756578947368421,
  "macro avg": {
    "precision": 0.787057197954884,
    "recall": 0.756578947368421,
    "f1-score": 0.7563031105855006,
    "support": 608.0
  },
  "weighted avg": {
    "precision": 0.787057197954884,
    "recall": 0.756578947368421,
    "f1-score": 0.7563031105855006,
    "support": 608.0
  }
}