{
  "Asthma": {
    "precision": 0.9230769230769231,
    "recall": 0.631578947368421,
    "f1-score": 0.75,
    "support": 76.0
  },
  "BRON": {
    "precision": 0.9444444444444444,
    "recall": 0.8947368421052632,
    "f1-score": 0.918918918918919,
    "support": 76.0
  },
  "COPD": {
    "precision": 1.0,
    "recall": 0.9078947368421053,
    "f1-score": 0.9517241379310345,
    "support": 76.0
  },
  "Healthy": {
    "precision": 0.7926829268292683,
    "recall": 0.8552631578947368,
    "f1-score": 0.8227848101265823,
    "support": 76.0
  },
  "Lung Fibrosis": {
    "precision": 0.8255813953488372,
    "recall": 0.9342105263157895,
    "f1-score": 0.8765432098765432,
    "support": 76.0
  },
  "Plueral Effusion": {
    "precision": 0.971830985915493,
    "recall": 0.9078947368421053,
    "f1-score": 0.9387755102040817,
    "support": 76.0
  },
  "Pneumonia": {
    "precision": 0.7037037037037037,
    "recall": 1.0,
    "f1-score": 0.8260869565217391,
    "support": 76.0
  },
  "RTI": {
    "precision": 1.0,
    "recall": 0.8947368421052632,
    "f1-score": 0.9444444444444444,
    "support": 76.0
  },
  "accuracy": 0.8782894736842105,
  "macro avg": {
    "precision": 0.8951650474148337,
    "recall": 0.8782894736842105,
    "f1-score": 0.878659748502918,
    "support": 608.0
  },
  "weighted avg": {
    "precision": 0.8951650474148337,
    "recall": 0.8782894736842105,
    "f1-score": 0.878659748502918,
    "support": 608.0
  }
}