{
  "Asthma": {
    "precision": 0.9090909090909091,
    "recall": 0.6578947368421053,
    "f1-score": 0.7633587786259542,
    "support": 76.0
  },
  "BRON": {
    "precision": 0.8875,
    "recall": 0.9342105263157895,
    "f1-score": 0.9102564102564102,
    "support": 76.0
  },
  "COPD": {
    "precision": 1.0,
    "recall": 0.9342105263157895,
    "f1-score": 0.9659863945578231,
    "support": 76.0
  },
  "Healthy": {
    "precision": 0.6407766990291263,
    "recall": 0.868421052631579,
    "f1-score": 0.7374301675977654,
    "support": 76.0
  },
  "Lung Fibrosis": {
    "precision": 0.7474747474747475,
    "recall": 0.9736842105263158,
    "f1-score": 0.8457142857142858,
    "support": 76.0
  },
  "Plueral Effusion": {
    "precision": 0.9655172413793104,
    "recall": 0.7368421052631579,
    "f1-score": 0.835820895522388,
    "support": 76.0
  },
  "Pneumonia": {
    "precision": 0.7628865979381443,
    "recall": 0.9736842105263158,
    "f1-score": 0.8554913294797688,
    "support": 76.0
  },
  "RTI": {
    "precision": 1.0,
    "recall": 0.5921052631578947,
    "f1-score": 0.743801652892562,
    "support": 76.0
  },
  "accuracy": 0.8338815789473685,
  "macro avg": {
    "precision": 0.8641557743640297,
    "recall": 0.8338815789473684,
    "f1-score": 0.8322324893308697,
    "support": 608.0
  },
  "weighted avg": {
    "precision": 0.8641557743640297,
    "recall": 0.8338815789473685,
    "f1-score": 0.8322324893308697,
    "support": 608.0
  }
}