{
  "Asthma": {
    "precision": 0.8888888888888888,
    "recall": 0.7368421052631579,
    "f1-score": 0.8057553956834532,
    "support": 76.0
  },
  "BRON": {
    "precision": 0.9459459459459459,
    "recall": 0.9210526315789473,
    "f1-score": 0.9333333333333333,
    "support": 76.0
  },
  "COPD": {
    "precision": 1.0,
    "recall": 0.9210526315789473,
    "f1-score": 0.958904109589041,
    "support": 76.0
  },
  "Healthy": {
    "precision": 0.7857142857142857,
    "recall": 0.868421052631579,
    "f1-score": 0.825,
    "support": 76.0
  },
  "Lung Fibrosis": {
    "precision": 0.8314606741573034,
    "recall": 0.9736842105263158,
    "f1-score": 0.896969696969697,
    "support": 76.0
  },
  "Plueral Effusion": {
    "precision": 0.9848484848484849,
    "recall": 0.8552631578947368,
    "f1-score": 0.9154929577464789,
    "support": 76.0
  },
  "Pneumonia": {
    "precision": 0.8823529411764706,
    "recall": 0.9868421052631579,
    "f1-score": 0.9316770186335404,
    "support": 76.0
  },
  "RTI": {
    "precision": 0.922077922077922,
    "recall": 0.9342105263157895,
    "f1-score": 0.9281045751633987,
    "support": 76.0
  },
  "accuracy": 0.899671052631579,
  "macro avg": {
    "precision": 0.9051611428511627,
    "recall": 0.899671052631579,
    "f1-score": 0.8994046358898679,
    "support": 608.0
  },
  "weighted avg": {
    "precision": 0.9051611428511627,
    "recall": 0.899671052631579,
    "f1-score": 0.8994046358898679,
    "support": 608.0
  }
}