{
  "Asthma": {
    "precision": 0.28865979381443296,
    "recall": 0.3684210526315789,
    "f1-score": 0.3236994219653179,
    "support": 76.0
  },
  "BRON": {
    "precision": 0.6078431372549019,
    "recall": 0.8157894736842105,
    "f1-score": 0.6966292134831461,
    "support": 76.0
  },
  "COPD": {
    "precision": 0.9692307692307692,
    "recall": 0.8289473684210527,
    "f1-score": 0.8936170212765957,
    "support": 76.0
  },
  "Healthy": {
    "precision": 0.29545454545454547,
    "recall": 0.17105263157894737,
    "f1-score": 0.21666666666666667,
    "support": 76.0
  },
  "Lung Fibrosis": {
    "precision": 0.39552238805970147,
    "recall": 0.6973684210526315,
    "f1-score": 0.5047619047619047,
    "support": 76.0
  },
  "Plueral Effusion": {
    "precision": 0.9,
    "recall": 0.11842105263157894,
    "f1-score": 0.20930232558139536,
    "support": 76.0
  },
  "Pneumonia": {
    "precision": 0.41496598639455784,
    "recall": 0.8026315789473685,
    "f1-score": 0.547085201793722,
    "support": 76.0
  },
  "RTI": {
    "precision": 0.6666666666666666,
    "recall": 0.07894736842105263,
    "f1-score": 0.1411764705882353,
    "support": 76.0
  },
  "accuracy": 0.48519736842105265,
  "macro avg": {
    "precision": 0.567292910859447,
    "recall": 0.48519736842105265,
    "f1-score": 0.44161727826462294,
    "support": 608.0
  },
  "weighted avg": {
    "precision": 0.567292910859447,
    "recall": 0.48519736842105265,
    "f1-score": 0.441617278264623,
    "support": 608.0
  }
}