{
  "Asthma": {
    "precision": 0.8571428571428571,
    "recall": 0.7894736842105263,
    "f1-score": 0.821917808219178,
    "support": 76.0
  },
  "BRON": {
    "precision": 0.9726027397260274,
    "recall": 0.9342105263157895,
    "f1-score": 0.9530201342281879,
    "support": 76.0
  },
  "COPD": {
    "precision": 0.974025974025974,
    "recall": 0.9868421052631579,
    "f1-score": 0.9803921568627451,
    "support": 76.0
  },
  "Healthy": {
    "precision": 0.881578947368421,
    "recall": 0.881578947368421,
    "f1-score": 0.881578947368421,
    "support": 76.0
  },
  "Lung Fibrosis": {
    "precision": 0.7888888888888889,
    "recall": 0.9342105263157895,
    "f1-score": 0.8554216867469879,
    "support": 76.0
  },
  "Plueral Effusion": {
    "precision": 0.9864864864864865,
    "recall": 0.9605263157894737,
    "f1-score": 0.9733333333333334,
    "support": 76.0
  },
  "Pneumonia": {
    "precision": 0.9605263157894737,
    "recall": 0.9605263157894737,
    "f1-score": 0.9605263157894737,
    "support": 76.0
  },
  "RTI": {
    "precision": 1.0,
    "recall": 0.9473684210526315,
    "f1-score": 0.972972972972973,
    "support": 76.0
  },
  "accuracy": 0.9243421052631579,
  "macro avg": {
    "precision": 0.9276565261785161,
    "recall": 0.924342105263158,
    "f1-score": 0.9248954194401624,
    "support": 608.0
  },
  "weighted avg": {
    "precision": 0.9276565261785162,
    "recall": 0.9243421052631579,
    "f1-score": 0.9248954194401625,
    "support": 608.0
  }
}