{
  "Asthma": {
    "precision": 0.9285714285714286,
    "recall": 0.8552631578947368,
    "f1-score": 0.8904109589041096,
    "support": 76.0
  },
  "BRON": {
    "precision": 0.9850746268656716,
    "recall": 0.868421052631579,
    "f1-score": 0.9230769230769231,
    "support": 76.0
  },
  "COPD": {
    "precision": 1.0,
    "recall": 1.0,
    "f1-score": 1.0,
    "support": 76.0
  },
  "Healthy": {
    "precision": 0.9583333333333334,
    "recall": 0.9078947368421053,
    "f1-score": 0.9324324324324325,
    "support": 76.0
  },
  "Lung Fibrosis": {
    "precision": 0.7956989247311828,
    "recall": 0.9736842105263158,
    "f1-score": 0.8757396449704142,
    "support": 76.0
  },
  "Plueral Effusion": {
    "precision": 0.9722222222222222,
    "recall": 0.9210526315789473,
    "f1-score": 0.9459459459459459,
    "support": 76.0
  },
  "Pneumonia": {
    "precision": 0.9605263157894737,
    "recall": 0.9605263157894737,
    "f1-score": 0.9605263157894737,
    "support": 76.0
  },
  "RTI": {
    "precision": 0.8658536585365854,
    "recall": 0.9342105263157895,
    "f1-score": 0.8987341772151899,
    "support": 76.0
  },
  "accuracy": 0.9276315789473685,
  "macro avg": {
    "precision": 0.9332850637562372,
    "recall": 0.9276315789473685,
    "f1-score": 0.9283582997918112,
    "support": 608.0
  },
  "weighted avg": {
    "precision": 0.9332850637562371,
    "recall": 0.9276315789473685,
    "f1-score": 0.9283582997918111,
    "support": 608.0
  }
}