{
  "Asthma": {
    "precision": 0.8831168831168831,
    "recall": 0.8947368421052632,
    "f1-score": 0.8888888888888888,
    "support": 76.0
  },
  "BRON": {
    "precision": 1.0,
    "recall": 0.881578947368421,
    "f1-score": 0.9370629370629371,
    "support": 76.0
  },
  "COPD": {
    "precision": 1.0,
    "recall": 0.9473684210526315,
    "f1-score": 0.972972972972973,
    "support": 76.0
  },
  "Healthy": {
    "precision": 0.8554216867469879,
    "recall": 0.9342105263157895,
    "f1-score": 0.8930817610062893,
    "support": 76.0
  },
  "Lung Fibrosis": {
    "precision": 0.8888888888888888,
    "recall": 0.9473684210526315,
    "f1-score": 0.9171974522292994,
    "support": 76.0
  },
  "Plueral Effusion": {
    "precision": 1.0,
    "recall": 0.9342105263157895,
    "f1-score": 0.9659863945578231,
    "support": 76.0
  },
  "Pneumonia": {
    "precision": 0.8,
    "recall": 0.9473684210526315,
    "f1-score": 0.8674698795180723,
    "support": 76.0
  },
  "RTI": {
    "precision": 1.0,
    "recall": 0.881578947368421,
    "f1-score": 0.9370629370629371,
    "support": 76.0
  },
  "accuracy": 0.9210526315789473,
  "macro avg": {
    "precision": 0.928428432344095,
    "recall": 0.9210526315789473,
    "f1-score": 0.9224654029124025,
    "support": 608.0
  },
  "weighted avg": {
    "precision": 0.928428432344095,
    "recall": 0.9210526315789473,
    "f1-score": 0.9224654029124025,
    "support": 608.0
  }
}