{
  "Asthma": {
    "precision": 0.9178082191780822,
    "recall": 0.881578947368421,
    "f1-score": 0.8993288590604027,
    "support": 76.0
  },
  "BRON": {
    "precision": 1.0,
    "recall": 0.8552631578947368,
    "f1-score": 0.9219858156028369,
    "support": 76.0
  },
  "COPD": {
    "precision": 1.0,
    "recall": 0.9342105263157895,
    "f1-score": 0.9659863945578231,
    "support": 76.0
  },
  "Healthy": {
    "precision": 0.9420289855072463,
    "recall": 0.8552631578947368,
    "f1-score": 0.896551724137931,
    "support": 76.0
  },
  "Lung Fibrosis": {
    "precision": 0.8604651162790697,
    "recall": 0.9736842105263158,
    "f1-score": 0.9135802469135802,
    "support": 76.0
  },
  "Plueral Effusion": {
    "precision": 0.9726027397260274,
    "recall": 0.9342105263157895,
    "f1-score": 0.9530201342281879,
    "support": 76.0
  },
  "Pneumonia": {
    "precision": 0.8604651162790697,
    "recall": 0.9736842105263158,
    "f1-score": 0.9135802469135802,
    "support": 76.0
  },
  "RTI": {
    "precision": 0.8352941176470589,
    "recall": 0.9342105263157895,
    "f1-score": 0.8819875776397516,
    "support": 76.0
  },
  "accuracy": 0.9177631578947368,
  "macro avg": {
    "precision": 0.9235830368270693,
    "recall": 0.9177631578947368,
    "f1-score": 0.9182526248817616,
    "support": 608.0
  },
  "weighted avg": {
    "precision": 0.9235830368270692,
    "recall": 0.9177631578947368,
    "f1-score": 0.9182526248817617,
    "support": 608.0
  }
}