{
  "Asthma": {
    "precision": 0.8928571428571429,
    "recall": 0.6578947368421053,
    "f1-score": 0.7575757575757576,
    "support": 76.0
  },
  "BRON": {
    "precision": 0.9714285714285714,
    "recall": 0.8947368421052632,
    "f1-score": 0.9315068493150684,
    "support": 76.0
  },
  "COPD": {
    "precision": 1.0,
    "recall": 0.9605263157894737,
    "f1-score": 0.9798657718120806,
    "support": 76.0
  },
  "Healthy": {
    "precision": 0.7931034482758621,
    "recall": 0.9078947368421053,
    "f1-score": 0.8466257668711656,
    "support": 76.0
  },
  "Lung Fibrosis": {
    "precision": 0.8452380952380952,
    "recall": 0.9342105263157895,
    "f1-score": 0.8875,
    "support": 76.0
  },
  "Plueral Effusion": {
    "precision": 0.9367088607594937,
    "recall": 0.9736842105263158,
    "f1-score": 0.9548387096774194,
    "support": 76.0
  },
  "Pneumonia": {
    "precision": 0.9156626506024096,
    "recall": 1.0,
    "f1-score": 0.9559748427672956,
    "support": 76.0
  },
  "RTI": {
    "precision": 0.9736842105263158,
    "recall": 0.9736842105263158,
    "f1-score": 0.9736842105263158,
    "support": 76.0
  },
  "accuracy": 0.912828947368421,
  "macro avg": {
    "precision": 0.9160853724609863,
    "recall": 0.9128289473684211,
    "f1-score": 0.9109464885681379,
    "support": 608.0
  },
  "weighted avg": {
    "precision": 0.9160853724609863,
    "recall": 0.912828947368421,
    "f1-score": 0.9109464885681379,
    "support": 608.0
  }
}