{
  "predicted_class_idx": 1,
  "confidence": 0.8183449506759644,
  "all_probabilities": [
    3.6807778087677434e-05,
    0.8183449506759644,
    0.00627135718241334,
    0.003656835528090596,
    2.8815844416385517e-05,
    6.008786499478447e-07,
    0.08237794786691666,
    0.08928268402814865
  ],
  "std_probabilities": [
    4.087744309799746e-05,
    0.20482304692268372,
    0.009554961696267128,
    0.004295711405575275,
    3.9568316424265504e-05,
    7.375604127446422e-07,
    0.16317547857761383,
    0.11172568053007126
  ],
  "fold_predictions": [
    [
      2.9316450309124775e-05,
      0.9418951869010925,
      0.006413015071302652,
      0.0015796446241438389,
      2.123637023032643e-05,
      2.0037155081809033e-06,
      0.0015610259724780917,
      0.04849860817193985
    ],
    [
      1.5624674460923416e-06,
      0.9926809668540955,
      6.466181730502285e-06,
      0.004996149335056543,
      1.5363544036972598e-07,
      3.0445329457506887e-07,
      2.2031210846762406e-06,
      0.0023122536949813366
    ],
    [
      3.8802201743237674e-05,
      0.6827153563499451,
      9.524195047561079e-05,
      0.011472552083432674,
      0.0001060818976839073,
      4.785104934512674e-08,
      0.0015633091097697616,
      0.3040086328983307
    ],
    [
      0.00011295761942164972,
      0.47978153824806213,
      0.02473841980099678,
      0.00022714394435752183,
      1.660260750213638e-05,
      6.444999485211156e-07,
      0.4087259769439697,
      0.08639677613973618
    ],
    [
      1.4001578847455676e-06,
      0.9946519136428833,
      0.00010364010813646019,
      8.687110494065564e-06,
      4.7321457863347405e-09,
      3.873405152177156e-09,
      3.72379545297008e-05,
      0.005197132471948862
    ]
  ],
  "filename": "201_1b1_Al_sc_Meditron_filtered_seg3_orig_0042.wav",
  "feature_type": "mfcc",
  "timestamp": "20251106_112809",
  "predicted_class": "BRON",
  "class_probabilities": {
    "Asthma": 3.6807778087677434e-05,
    "BRON": 0.8183449506759644,
    "COPD": 0.00627135718241334,
    "Healthy": 0.003656835528090596,
    "Lung Fibrosis": 2.8815844416385517e-05,
    "Plueral Effusion": 6.008786499478447e-07,
    "Pneumonia": 0.08237794786691666,
    "RTI": 0.08928268402814865
  }
}