{
  "predicted_class_idx": 3,
  "confidence": 0.4055294096469879,
  "all_probabilities": [
    3.096399723290233e-06,
    0.18780191242694855,
    8.687518129590899e-05,
    0.4055294096469879,
    7.398440082795332e-09,
    0.016576137393712997,
    0.0002692303969524801,
    0.38973331451416016
  ],
  "std_probabilities": [
    6.098386165831471e-06,
    0.34808945655822754,
    0.0001735958067001775,
    0.4359990358352661,
    1.1615299833067638e-08,
    0.03310936689376831,
    0.0004991930909454823,
    0.45389702916145325
  ],
  "fold_predictions": [
    [
      1.5292444004444405e-05,
      0.048983704298734665,
      0.0004340667510405183,
      0.02167275920510292,
      3.00417859477875e-08,
      9.451435403207142e-07,
      0.0012670955620706081,
      0.9276261925697327
    ],
    [
      1.1873721450506025e-10,
      1.7019993053812854e-11,
      7.537954635483679e-12,
      0.9996342658996582,
      1.1754842975733593e-12,
      2.6496268290543412e-08,
      7.572103832842458e-09,
      0.0003656771150417626
    ],
    [
      1.761130334898553e-07,
      0.0007644121069461107,
      1.1603241745206105e-07,
      0.8726285696029663,
      6.762714388486302e-09,
      0.08279483765363693,
      2.073083487630356e-05,
      0.043791137635707855
    ],
    [
      5.319999996089564e-10,
      0.883029043674469,
      5.431317288279169e-13,
      0.10282830893993378,
      9.14866515877577e-11,
      1.5743057701911312e-06,
      4.829374665860087e-05,
      0.014092830009758472
    ],
    [
      1.2793593739957032e-08,
      0.006232407409697771,
      1.931053930093185e-07,
      0.030883312225341797,
      9.50386505604861e-11,
      8.331479330081493e-05,
      1.00243405540823e-05,
      0.9627907276153564
    ]
  ],
  "filename": "105_1b1_Tc_sc_Meditron_filtered_seg1_aug_highpass_ca750770.wav",
  "feature_type": "mel",
  "timestamp": "20251106_115324",
  "predicted_class": "Healthy",
  "class_probabilities": {
    "Asthma": 3.096399723290233e-06,
    "BRON": 0.18780191242694855,
    "COPD": 8.687518129590899e-05,
    "Healthy": 0.4055294096469879,
    "Lung Fibrosis": 7.398440082795332e-09,
    "Plueral Effusion": 0.016576137393712997,
    "Pneumonia": 0.0002692303969524801,
    "RTI": 0.38973331451416016
  }
}