{
  "predicted_class_idx": 4,
  "confidence": 0.6842091083526611,
  "all_probabilities": [
    0.2926119267940521,
    0.00206948583945632,
    1.2344675269559957e-05,
    0.020515520125627518,
    0.6842091083526611,
    1.2241282831837452e-07,
    0.0005069379694759846,
    7.456672756234184e-05
  ],
  "std_probabilities": [
    0.3677721321582794,
    0.003257026430219412,
    2.391859015915543e-05,
    0.03749047964811325,
    0.37006813287734985,
    1.7142306774076133e-07,
    0.0004598484665621072,
    9.918584692059085e-05
  ],
  "fold_predictions": [
    [
      0.004762934986501932,
      7.172295590862632e-05,
      1.666345395001656e-09,
      0.00052057666471228,
      0.9946358799934387,
      3.063782560985828e-11,
      8.731613888812717e-06,
      1.1470780947320236e-07
    ],
    [
      0.027670221403241158,
      0.00011195623665116727,
      1.208270195007799e-08,
      0.004485558718442917,
      0.9677167534828186,
      5.6802323261662124e-11,
      1.52010261444957e-05,
      2.6222070914627693e-07
    ],
    [
      0.11453177034854889,
      0.00854584202170372,
      1.540883886264055e-06,
      0.002120831049978733,
      0.8738719820976257,
      1.744586199947662e-07,
      0.0008034485508687794,
      0.00012443792365957052
    ],
    [
      0.3230608105659485,
      0.00102924183011055,
      6.016705810907297e-05,
      0.09543177485466003,
      0.5796615481376648,
      4.375134494694066e-07,
      0.0005080061382614076,
      0.0002480025577824563
    ],
    [
      0.9930338859558105,
      0.0005886659491807222,
      1.677339933614519e-09,
      1.885709752968978e-05,
      0.005159291904419661,
      4.607461547706526e-12,
      0.0011993024963885546,
      1.6239741995605073e-08
    ]
  ],
  "filename": "BP68_asthmaE_WP_R_L_21F_filtered_seg1_orig_0055.wav",
  "feature_type": "mfcc",
  "timestamp": "20251106_112420",
  "predicted_class": "Lung Fibrosis",
  "class_probabilities": {
    "Asthma": 0.2926119267940521,
    "BRON": 0.00206948583945632,
    "COPD": 1.2344675269559957e-05,
    "Healthy": 0.020515520125627518,
    "Lung Fibrosis": 0.6842091083526611,
    "Plueral Effusion": 1.2241282831837452e-07,
    "Pneumonia": 0.0005069379694759846,
    "RTI": 7.456672756234184e-05
  }
}