{
  "predicted_class_idx": 1,
  "confidence": 0.8656333684921265,
  "all_probabilities": [
    4.7786352297407575e-06,
    0.8656333684921265,
    5.353030907429002e-09,
    0.001858184696175158,
    1.0211250511815706e-08,
    3.4521431047096485e-08,
    0.05465060472488403,
    0.07785309851169586
  ],
  "std_probabilities": [
    9.449719073018059e-06,
    0.26164138317108154,
    8.972591558631393e-09,
    0.0037142562214285135,
    2.0190194405245165e-08,
    6.740775404523447e-08,
    0.10482123494148254,
    0.15312525629997253
  ],
  "fold_predictions": [
    [
      1.9347331203789508e-07,
      0.9925205707550049,
      3.382099877935474e-10,
      2.6326082647187832e-08,
      2.714174440754391e-10,
      8.086400438145347e-10,
      0.007419982925057411,
      5.926124504185282e-05
    ],
    [
      7.133580191668893e-15,
      1.0,
      1.5207407612371528e-14,
      1.4571169271171414e-10,
      8.359963726493728e-17,
      2.0656171615194955e-16,
      2.4008850463275166e-11,
      9.411407764225999e-11
    ],
    [
      2.3677517674514093e-05,
      0.34238922595977783,
      2.3134441917704862e-08,
      0.009286696091294289,
      5.059107266447427e-08,
      1.6932486346377118e-07,
      0.2642219662666321,
      0.3840782642364502
    ],
    [
      2.2180277170491536e-08,
      0.9932737350463867,
      3.2391422877253717e-09,
      4.200107468932401e-06,
      1.9375984150471481e-10,
      2.472915427986777e-09,
      0.0016105726826936007,
      0.005111579783260822
    ],
    [
      5.894226513120104e-12,
      0.9999830722808838,
      5.334365241194128e-11,
      1.2665674065104326e-09,
      1.4427137378503338e-15,
      7.434005125893373e-13,
      5.177256525712437e-07,
      1.642897586862091e-05
    ]
  ],
  "filename": "169_1b1_Lr_sc_Meditron_filtered_seg1_aug_highpass-lowpass_d0b9375e.wav",
  "feature_type": "mel",
  "timestamp": "20251106_112736",
  "predicted_class": "BRON",
  "class_probabilities": {
    "Asthma": 4.7786352297407575e-06,
    "BRON": 0.8656333684921265,
    "COPD": 5.353030907429002e-09,
    "Healthy": 0.001858184696175158,
    "Lung Fibrosis": 1.0211250511815706e-08,
    "Plueral Effusion": 3.4521431047096485e-08,
    "Pneumonia": 0.05465060472488403,
    "RTI": 0.07785309851169586
  }
}