{
  "predicted_class_idx": 4,
  "confidence": 0.45131468772888184,
  "all_probabilities": [
    0.1416613757610321,
    0.0008989052148535848,
    0.004044364206492901,
    0.2675521671772003,
    0.45131468772888184,
    0.0009443953749723732,
    0.13335877656936646,
    0.0002253358979942277
  ],
  "std_probabilities": [
    0.12007442116737366,
    0.00087834830628708,
    0.00535588338971138,
    0.21611502766609192,
    0.26881149411201477,
    0.0013351838570088148,
    0.13533665239810944,
    0.00017781983478926122
  ],
  "fold_predictions": [
    [
      0.09559287875890732,
      6.091218892834149e-05,
      5.439956294139847e-05,
      0.009644180536270142,
      0.892989993095398,
      0.0006511082756333053,
      0.0009076829301193357,
      9.885175677482039e-05
    ],
    [
      0.16513317823410034,
      0.00025976751931011677,
      0.0021409003529697657,
      0.5055181384086609,
      0.16560399532318115,
      0.0001452386932214722,
      0.16096855700016022,
      0.00023029329895507544
    ],
    [
      0.05756025016307831,
      0.002498788759112358,
      0.0014624831965193152,
      0.37993448972702026,
      0.1754056066274643,
      0.0003416369145270437,
      0.38265153765678406,
      0.00014525676670018584
    ],
    [
      0.02670867368578911,
      0.0011371851433068514,
      0.0019061692291870713,
      0.43752846121788025,
      0.4860750436782837,
      0.0035792761482298374,
      0.04249889776110649,
      0.0005662862095050514
    ],
    [
      0.3633119463920593,
      0.0005378724890761077,
      0.014657868072390556,
      0.005135551560670137,
      0.5364987850189209,
      4.7168932724162005e-06,
      0.07976721972227097,
      8.599150169175118e-05
    ]
  ],
  "filename": "BP4_Heart_Failure__Lung_Fibrosis_I_CP_L_R72F_filtered_seg2_aug_lowpass-time_stretch_6b89d550.wav",
  "feature_type": "mfcc",
  "timestamp": "20251106_114658",
  "predicted_class": "Lung Fibrosis",
  "class_probabilities": {
    "Asthma": 0.1416613757610321,
    "BRON": 0.0008989052148535848,
    "COPD": 0.004044364206492901,
    "Healthy": 0.2675521671772003,
    "Lung Fibrosis": 0.45131468772888184,
    "Plueral Effusion": 0.0009443953749723732,
    "Pneumonia": 0.13335877656936646,
    "RTI": 0.0002253358979942277
  }
}