{
  "predicted_class_idx": 4,
  "confidence": 0.9835301637649536,
  "all_probabilities": [
    0.009249570779502392,
    0.00012377797975204885,
    1.202478642881033e-06,
    0.006890476681292057,
    0.9835301637649536,
    1.803964977398209e-08,
    0.00019392148533370346,
    1.0884786206588615e-05
  ],
  "std_probabilities": [
    0.009467408992350101,
    0.0001723173336358741,
    2.043475205937284e-06,
    0.011953206732869148,
    0.018270203843712807,
    2.9489751085520766e-08,
    0.00018124499183613807,
    1.8549993910710327e-05
  ],
  "fold_predictions": [
    [
      0.0003289680171292275,
      4.085774708073586e-05,
      3.945795690185605e-09,
      0.0003346574667375535,
      0.9992690682411194,
      1.3137607668411988e-10,
      2.635877171996981e-05,
      8.089320147064427e-08
    ],
    [
      0.002876406302675605,
      1.356638108518382e-06,
      4.668591291334678e-09,
      0.0021379957906901836,
      0.9949610233306885,
      1.303762792170815e-10,
      2.277465318911709e-05,
      4.874604542237648e-07
    ],
    [
      0.0018584808567538857,
      0.0004584908892866224,
      7.557956678283517e-07,
      0.0010840645991265774,
      0.9964020252227783,
      7.60415161948913e-08,
      0.00018997819279320538,
      6.143007794889854e-06
    ],
    [
      0.017760468646883965,
      0.00011478062515379861,
      5.247615717962617e-06,
      0.030755668878555298,
      0.9507957100868225,
      1.389335668733338e-08,
      0.0005204239278100431,
      4.7696154069853947e-05
    ],
    [
      0.023423532024025917,
      3.404019935260294e-06,
      3.6803174396915495e-10,
      0.0001399953180225566,
      0.9762229919433594,
      1.6257263547522771e-12,
      0.00021007189934607595,
      1.6415052428442323e-08
    ]
  ],
  "filename": "BP105_Lung_FibrosisCrepA_U_R44M_filtered_seg3_aug_lowpass-pitch_shift_5237d94b.wav",
  "feature_type": "mfcc",
  "timestamp": "20251106_114932",
  "predicted_class": "Lung Fibrosis",
  "class_probabilities": {
    "Asthma": 0.009249570779502392,
    "BRON": 0.00012377797975204885,
    "COPD": 1.202478642881033e-06,
    "Healthy": 0.006890476681292057,
    "Lung Fibrosis": 0.9835301637649536,
    "Plueral Effusion": 1.803964977398209e-08,
    "Pneumonia": 0.00019392148533370346,
    "RTI": 1.0884786206588615e-05
  }
}