{
  "predicted_class_idx": 1,
  "confidence": 0.8283303380012512,
  "all_probabilities": [
    0.0012329674791544676,
    0.8283303380012512,
    0.11794088780879974,
    0.018519291654229164,
    0.0015233984449878335,
    0.00022858078591525555,
    0.019388215616345406,
    0.01283629797399044
  ],
  "std_probabilities": [
    0.0023364408407360315,
    0.1996423304080963,
    0.15182162821292877,
    0.03499169275164604,
    0.0030423656571656466,
    0.00045694035361520946,
    0.03794616833329201,
    0.012885640375316143
  ],
  "fold_predictions": [
    [
      1.165572083294819e-10,
      0.9999997615814209,
      1.3196036263707356e-07,
      3.994859165690201e-10,
      6.659961644672752e-12,
      9.544990665910635e-13,
      1.1433692215234714e-08,
      4.9958227776869535e-08
    ],
    [
      1.2344930837571155e-05,
      0.5780430436134338,
      0.3874477744102478,
      0.0030203652568161488,
      1.0179169294133317e-06,
      4.77012349620054e-08,
      0.001372188446111977,
      0.030103186145424843
    ],
    [
      3.2149301887329784e-07,
      0.9916178584098816,
      0.0005324688390828669,
      4.603877187037142e-06,
      3.7092513593961485e-07,
      4.3739908917039827e-10,
      2.708537749640527e-06,
      0.00784173235297203
    ],
    [
      0.005901954136788845,
      0.5898783802986145,
      0.18552890419960022,
      0.08846791833639145,
      0.007608127314597368,
      0.0011424614349380136,
      0.09527383744716644,
      0.026198383420705795
    ],
    [
      0.00025021692272275686,
      0.9821127653121948,
      0.016195189207792282,
      0.001103566843084991,
      7.475870461348677e-06,
      3.94328196762217e-07,
      0.00029233438544906676,
      3.81366626243107e-05
    ]
  ],
  "filename": "206_1b1_Ar_sc_Meditron_filtered_seg1_aug_pitch_shift-lowpass_f7721bde.wav",
  "feature_type": "concat",
  "timestamp": "20251106_112846",
  "predicted_class": "BRON",
  "class_probabilities": {
    "Asthma": 0.0012329674791544676,
    "BRON": 0.8283303380012512,
    "COPD": 0.11794088780879974,
    "Healthy": 0.018519291654229164,
    "Lung Fibrosis": 0.0015233984449878335,
    "Plueral Effusion": 0.00022858078591525555,
    "Pneumonia": 0.019388215616345406,
    "RTI": 0.01283629797399044
  }
}