{
  "predicted_class_idx": 2,
  "confidence": 0.982731819152832,
  "all_probabilities": [
    2.0171655705780722e-05,
    5.429382508737035e-05,
    0.982731819152832,
    0.0026214069221168756,
    1.4004741615281091e-06,
    2.549309101596009e-07,
    0.014569880440831184,
    7.340953516177251e-07
  ],
  "std_probabilities": [
    3.694064434967004e-05,
    9.454791143070906e-05,
    0.034221671521663666,
    0.005201978143304586,
    2.7956989470112603e-06,
    4.810951850231504e-07,
    0.02899116650223732,
    9.745784836923121e-07
  ],
  "fold_predictions": [
    [
      1.2957009403180564e-06,
      8.447286745649762e-07,
      0.9999129772186279,
      3.3069659366447013e-06,
      2.4082642546829902e-09,
      2.517105014004928e-12,
      8.145927131408826e-05,
      9.153433211395168e-08
    ],
    [
      5.6220910664706025e-06,
      0.00024212432617787272,
      0.999474823474884,
      7.044903031783178e-05,
      6.7792362834495634e-09,
      5.815881465309758e-08,
      0.00020597050024662167,
      1.0715303915276309e-06
    ],
    [
      9.393746586283669e-05,
      2.8473295969888568e-05,
      0.9142895936965942,
      0.013025234453380108,
      6.9918701228743885e-06,
      1.2160711548858671e-06,
      0.07255202531814575,
      2.5073770757444436e-06
    ],
    [
      5.1409604351349e-10,
      1.0918863591058425e-09,
      0.9999997615814209,
      1.1174163461191711e-07,
      3.6792396906903946e-10,
      8.966592225656544e-12,
      9.543123269395437e-08,
      1.0819859765087703e-11
    ],
    [
      2.499308759951191e-09,
      2.5673884351817833e-08,
      0.9999821186065674,
      7.932435437396634e-06,
      9.447501669868075e-10,
      4.1298592323713024e-10,
      9.848989066085778e-06,
      2.3851410430042463e-11
    ]
  ],
  "filename": "213_1p3_Al_mc_AKGC417L_filtered_seg1_copy_0184.wav",
  "feature_type": "mel",
  "timestamp": "20251106_113917",
  "predicted_class": "COPD",
  "class_probabilities": {
    "Asthma": 2.0171655705780722e-05,
    "BRON": 5.429382508737035e-05,
    "COPD": 0.982731819152832,
    "Healthy": 0.0026214069221168756,
    "Lung Fibrosis": 1.4004741615281091e-06,
    "Plueral Effusion": 2.549309101596009e-07,
    "Pneumonia": 0.014569880440831184,
    "RTI": 7.340953516177251e-07
  }
}