{
  "predicted_class_idx": 5,
  "confidence": 0.7948896884918213,
  "all_probabilities": [
    3.9837010262999684e-05,
    1.2799807791452622e-06,
    4.455965874061718e-10,
    0.2050691843032837,
    5.299504168831959e-10,
    0.7948896884918213,
    3.278988747190681e-10,
    3.2041508335467483e-11
  ],
  "std_probabilities": [
    7.92958599049598e-05,
    1.1036163414246403e-06,
    8.909605830886846e-10,
    0.3959687352180481,
    1.0410881046141185e-09,
    0.39595136046409607,
    6.35239472135396e-10,
    4.11803854905024e-11
  ],
  "fold_predictions": [
    [
      7.474446874766727e-07,
      1.5983731600499596e-06,
      4.18805994658461e-13,
      0.003912481479346752,
      3.5039072338038935e-11,
      0.9960851669311523,
      4.151962801346443e-11,
      1.0032933511761044e-10
    ],
    [
      1.0244760595412572e-09,
      2.8014728741254658e-06,
      4.623526632082167e-14,
      0.9967977404594421,
      2.755455152242403e-12,
      0.0031993810553103685,
      3.868991122624047e-15,
      2.463235507493139e-13
    ],
    [
      1.0906711644942391e-10,
      3.0896444513928145e-08,
      3.114819072356615e-17,
      0.0001003194774966687,
      3.9660196036911415e-18,
      0.9998996257781982,
      8.111775793758828e-17,
      8.049152165102991e-14
    ],
    [
      8.810922658142317e-09,
      3.063753745602589e-14,
      1.4686625897079274e-18,
      1.3994540637440878e-08,
      2.480766976220274e-18,
      1.0,
      8.197856178768036e-18,
      1.2895935581189934e-20
    ],
    [
      0.00019842767505906522,
      1.9691615307237953e-06,
      2.2275177258279655e-09,
      0.024535296484827995,
      2.6119577611893874e-09,
      0.975264310836792,
      1.5979707557178813e-09,
      5.955139853464075e-11
    ]
  ],
  "filename": "BP72_NNP_R_U24F_filtered_seg3_orig_0101.wav",
  "feature_type": "mel",
  "timestamp": "20251106_114345",
  "predicted_class": "Plueral Effusion",
  "class_probabilities": {
    "Asthma": 3.9837010262999684e-05,
    "BRON": 1.2799807791452622e-06,
    "COPD": 4.455965874061718e-10,
    "Healthy": 0.2050691843032837,
    "Lung Fibrosis": 5.299504168831959e-10,
    "Plueral Effusion": 0.7948896884918213,
    "Pneumonia": 3.278988747190681e-10,
    "RTI": 3.2041508335467483e-11
  }
}