{
  "predicted_class_idx": 2,
  "confidence": 0.9426997900009155,
  "all_probabilities": [
    1.725649599393364e-05,
    0.000285932794213295,
    0.9426997900009155,
    0.00017408726853318512,
    1.5248181171045871e-06,
    1.976010253201821e-07,
    0.05678214505314827,
    3.9011174521874636e-05
  ],
  "std_probabilities": [
    2.500896698620636e-05,
    0.00016497200704179704,
    0.09131257981061935,
    0.0002033111813943833,
    2.399530785623938e-06,
    3.8714583183718787e-07,
    0.09111849963665009,
    3.769791510421783e-05
  ],
  "fold_predictions": [
    [
      6.459263386204839e-05,
      0.00015362672274932265,
      0.9965471625328064,
      0.00046765542356297374,
      5.153895017429022e-07,
      2.2783606112852794e-09,
      0.002726328792050481,
      4.0061218896880746e-05
    ],
    [
      5.499047119883471e-07,
      0.0002162986493203789,
      0.9583706855773926,
      2.5341310902149417e-05,
      2.91655921635936e-10,
      2.174016078271279e-09,
      0.04137968644499779,
      7.444806215062272e-06
    ],
    [
      2.106326246575918e-05,
      0.0004981973906978965,
      0.7626118063926697,
      0.0003726296126842499,
      6.282768936216598e-06,
      9.718788760437747e-07,
      0.23644842207431793,
      4.060216815560125e-05
    ],
    [
      1.567409668723485e-08,
      0.00046599406050518155,
      0.9983647465705872,
      1.7249386701223557e-06,
      8.2174545923408e-07,
      8.457379685467004e-09,
      0.001059934264048934,
      0.00010679952538339421
    ],
    [
      6.100749772031122e-08,
      9.554716962156817e-05,
      0.9976047277450562,
      3.0851388146402314e-06,
      3.895380462637377e-09,
      3.2164748642316e-09,
      0.002296353690326214,
      1.4815755378094764e-07
    ]
  ],
  "filename": "170_1b4_Pr_mc_AKGC417L_filtered_seg2_copy_0152.wav",
  "feature_type": "mel",
  "timestamp": "20251106_113439",
  "predicted_class": "COPD",
  "class_probabilities": {
    "Asthma": 1.725649599393364e-05,
    "BRON": 0.000285932794213295,
    "COPD": 0.9426997900009155,
    "Healthy": 0.00017408726853318512,
    "Lung Fibrosis": 1.5248181171045871e-06,
    "Plueral Effusion": 1.976010253201821e-07,
    "Pneumonia": 0.05678214505314827,
    "RTI": 3.9011174521874636e-05
  }
}