{
  "predicted_class_idx": 4,
  "confidence": 0.7442175149917603,
  "all_probabilities": [
    0.043134190142154694,
    0.0048444150015711784,
    0.0003978485183324665,
    0.06397928297519684,
    0.7442175149917603,
    0.007222089916467667,
    0.13602809607982635,
    0.00017652317183092237
  ],
  "std_probabilities": [
    0.0813947468996048,
    0.008948971517384052,
    0.00048416171921417117,
    0.06236565113067627,
    0.2840527892112732,
    0.014430423267185688,
    0.17939703166484833,
    0.0002864886191673577
  ],
  "fold_predictions": [
    [
      0.0017293717246502638,
      0.0008444319828413427,
      0.0008628484793007374,
      0.11231473833322525,
      0.8611456751823425,
      2.5031935365404934e-05,
      0.023071251809597015,
      6.514581855299184e-06
    ],
    [
      0.0005495884106494486,
      0.00028698061942122877,
      2.1083635147078894e-05,
      0.1583835482597351,
      0.7574053406715393,
      8.824842439025815e-07,
      0.08326472342014313,
      8.775352034717798e-05
    ],
    [
      0.003381584072485566,
      0.00019431592954788357,
      4.933598916068149e-07,
      0.0013348428765311837,
      0.9176052808761597,
      1.2257444268470863e-06,
      0.07744012027978897,
      4.21637887484394e-05
    ],
    [
      0.20590467751026154,
      0.022735506296157837,
      0.0011038691736757755,
      0.047028567641973495,
      0.1965721845626831,
      0.036082930862903595,
      0.48982617259025574,
      0.0007460964261554182
    ],
    [
      0.004105733707547188,
      0.00016083919035736471,
      9.481389611210034e-07,
      0.0008346990216523409,
      0.9883590936660767,
      3.8078039210631687e-07,
      0.006538226269185543,
      8.754290803381082e-08
    ]
  ],
  "filename": "BP4_Heart_Failure__Lung_Fibrosis_I_CP_L_R72F_filtered_seg1_orig_0007.wav",
  "feature_type": "concat",
  "timestamp": "20251106_114530",
  "predicted_class": "Lung Fibrosis",
  "class_probabilities": {
    "Asthma": 0.043134190142154694,
    "BRON": 0.0048444150015711784,
    "COPD": 0.0003978485183324665,
    "Healthy": 0.06397928297519684,
    "Lung Fibrosis": 0.7442175149917603,
    "Plueral Effusion": 0.007222089916467667,
    "Pneumonia": 0.13602809607982635,
    "RTI": 0.00017652317183092237
  }
}