{
  "predicted_class_idx": 3,
  "confidence": 0.9924289584159851,
  "all_probabilities": [
    0.002632866380736232,
    0.0028387936763465405,
    1.4377334082382731e-05,
    0.9924289584159851,
    0.000131186141516082,
    3.300722528365441e-05,
    3.299105082987808e-05,
    0.0018878353293985128
  ],
  "std_probabilities": [
    0.004117321688681841,
    0.004126443061977625,
    1.4642172573076095e-05,
    0.00670035183429718,
    0.00016010426043067127,
    2.802092240017373e-05,
    5.288984175422229e-05,
    0.0019515384919941425
  ],
  "fold_predictions": [
    [
      5.755473466706462e-06,
      0.001502436469309032,
      1.86715078598354e-05,
      0.9980505704879761,
      2.2505228116642684e-06,
      3.5510303860064596e-05,
      1.7550993334225495e-06,
      0.00038304785266518593
    ],
    [
      3.973687853431329e-06,
      5.316813258104958e-06,
      4.7536664737890533e-07,
      0.9978030323982239,
      7.284409520025292e-08,
      4.2004839428955165e-07,
      1.488693305873312e-05,
      0.0021718796342611313
    ],
    [
      0.010710541158914566,
      0.0014985083835199475,
      4.051022551720962e-05,
      0.981684148311615,
      0.000295434205327183,
      6.248508725548163e-05,
      0.00013825888163410127,
      0.00557011179625988
    ],
    [
      0.00029489430016838014,
      0.010995063930749893,
      1.0631093573465478e-05,
      0.9873786568641663,
      0.0003562665078788996,
      6.48424174869433e-05,
      9.383838914800435e-06,
      0.0008902167319320142
    ],
    [
      0.0021491674706339836,
      0.00019264212460257113,
      1.5984777519406634e-06,
      0.9972283244132996,
      1.9066214917984325e-06,
      1.7782754184736405e-06,
      6.705079158564331e-07,
      0.0004239216214045882
    ]
  ],
  "filename": "182_1b1_Tc_sc_Meditron_filtered_seg1_orig_0040.wav",
  "feature_type": "mfcc",
  "timestamp": "20251106_114204",
  "predicted_class": "Healthy",
  "class_probabilities": {
    "Asthma": 0.002632866380736232,
    "BRON": 0.0028387936763465405,
    "COPD": 1.4377334082382731e-05,
    "Healthy": 0.9924289584159851,
    "Lung Fibrosis": 0.000131186141516082,
    "Plueral Effusion": 3.300722528365441e-05,
    "Pneumonia": 3.299105082987808e-05,
    "RTI": 0.0018878353293985128
  }
}