{
  "predicted_class_idx": 5,
  "confidence": 0.6315602660179138,
  "all_probabilities": [
    0.3666483461856842,
    0.00015701013035140932,
    0.0006661931402049959,
    0.0001691818906692788,
    0.0007685989839956164,
    0.6315602660179138,
    2.333015982003417e-05,
    7.057250968500739e-06
  ],
  "std_probabilities": [
    0.2831142544746399,
    0.00014560775889549404,
    0.0013273858930915594,
    0.0003010976652149111,
    0.0015177226159721613,
    0.28399011492729187,
    4.59429866168648e-05,
    1.0601092981232796e-05
  ],
  "fold_predictions": [
    [
      0.10415280610322952,
      0.0002715650771278888,
      3.56287046088255e-06,
      9.575778676662594e-06,
      3.894858673447743e-05,
      0.8955181837081909,
      1.3656100463776966e-06,
      3.942688636016101e-06
    ],
    [
      0.004420420154929161,
      6.004768238199176e-07,
      4.3795702708848694e-07,
      1.0472191434018896e-06,
      1.1318188342102076e-07,
      0.9955493211746216,
      2.122888019887026e-12,
      2.8004484192933887e-05
    ],
    [
      0.7304767370223999,
      0.00014654290862381458,
      0.003320961492136121,
      6.513570406241342e-05,
      3.7317157364213926e-08,
      0.26587197184562683,
      0.00011521025589900091,
      3.3382650599378394e-06
    ],
    [
      0.3662307858467102,
      0.00036612318945117295,
      1.486922371896071e-07,
      0.0007694645319133997,
      0.0038038946222513914,
      0.6288295388221741,
      6.631435667259211e-08,
      3.4647451574443267e-10
    ],
    [
      0.6279608607292175,
      2.1901320224060328e-07,
      5.854687515238766e-06,
      6.86200849031593e-07,
      1.2340988231329675e-09,
      0.3720323443412781,
      8.623260328022297e-09,
      4.713947010515085e-10
    ]
  ],
  "filename": "BP38_AsthmaE_WP_R_M38M_filtered_seg2_aug_add_noise-change_volume_b6bd0319.wav",
  "feature_type": "mfcc",
  "timestamp": "20251106_115952",
  "predicted_class": "Plueral Effusion",
  "class_probabilities": {
    "Asthma": 0.3666483461856842,
    "BRON": 0.00015701013035140932,
    "COPD": 0.0006661931402049959,
    "Healthy": 0.0001691818906692788,
    "Lung Fibrosis": 0.0007685989839956164,
    "Plueral Effusion": 0.6315602660179138,
    "Pneumonia": 2.333015982003417e-05,
    "RTI": 7.057250968500739e-06
  }
}