{
  "predicted_class_idx": 5,
  "confidence": 0.9985345005989075,
  "all_probabilities": [
    0.0014655181439593434,
    5.579982429484683e-15,
    4.681883214452398e-10,
    8.524741329507535e-11,
    6.6070412182495705e-15,
    0.9985345005989075,
    6.3865479541674354e-15,
    1.6762290680878747e-17
  ],
  "std_probabilities": [
    0.0029251929372549057,
    1.1157846429568283e-14,
    9.363765318681772e-10,
    1.5317271062631477e-10,
    9.861250745558763e-15,
    0.0029252066742628813,
    1.1264090619175337e-14,
    3.34848866185223e-17
  ],
  "fold_predictions": [
    [
      7.4007489274663385e-06,
      3.952627963164214e-18,
      7.760713455512723e-19,
      2.109613971858905e-17,
      2.473017353705812e-20,
      0.9999926090240479,
      1.7947053407227476e-19,
      1.1916197498964126e-20
    ],
    [
      1.3079136385041323e-10,
      2.017233081370851e-19,
      2.0578936768784144e-16,
      3.9089043113449407e-10,
      3.9389361387929915e-15,
      1.0,
      2.809190559833175e-18,
      7.042432037970644e-23
    ],
    [
      4.2709771150839515e-06,
      2.7895674865104775e-14,
      5.152425648403799e-17,
      7.066378732156764e-12,
      3.022448183929733e-15,
      0.9999957084655762,
      3.1472277837633162e-15,
      8.373204571994987e-17
    ],
    [
      1.772247060216614e-08,
      3.4927442505892224e-28,
      1.7361359195472552e-31,
      4.564957543680556e-16,
      1.3347293306336742e-19,
      1.0,
      1.1268836122846564e-25,
      4.215961157732632e-29
    ],
    [
      0.007315901108086109,
      8.280858583358904e-20,
      2.3409414406927453e-09,
      2.8279803845898677e-11,
      2.6073662949847518e-14,
      0.9926840662956238,
      2.8782521749011816e-14,
      6.742623176497637e-20
    ]
  ],
  "filename": "BP6_Plueral_EffusionI_C_BP_L_R81M_filtered_seg2_aug_time_stretch-lowpass-highpass_a214df15.wav",
  "feature_type": "mel",
  "timestamp": "20251106_115818",
  "predicted_class": "Plueral Effusion",
  "class_probabilities": {
    "Asthma": 0.0014655181439593434,
    "BRON": 5.579982429484683e-15,
    "COPD": 4.681883214452398e-10,
    "Healthy": 8.524741329507535e-11,
    "Lung Fibrosis": 6.6070412182495705e-15,
    "Plueral Effusion": 0.9985345005989075,
    "Pneumonia": 6.3865479541674354e-15,
    "RTI": 1.6762290680878747e-17
  }
}