{
  "predicted_class_idx": 5,
  "confidence": 0.9999474287033081,
  "all_probabilities": [
    4.7692254156572744e-05,
    9.343407991746489e-11,
    1.2782265246258362e-09,
    4.8222009354503825e-06,
    3.351081545588386e-08,
    0.9999474287033081,
    6.175348427062133e-11,
    4.296479079630988e-13
  ],
  "std_probabilities": [
    9.43585837376304e-05,
    1.301388441454776e-10,
    2.5558477556586467e-09,
    5.909076662646839e-06,
    6.472645708299751e-08,
    9.785221482161433e-05,
    1.2284206984958246e-10,
    8.573946132066357e-13
  ],
  "fold_predictions": [
    [
      1.9742315089388285e-06,
      5.97496774279449e-11,
      2.1200486570276122e-13,
      1.4069933662597123e-08,
      1.4021677152697976e-09,
      0.9999979734420776,
      1.3291982531998814e-12,
      3.65539948299614e-15
    ],
    [
      4.927115782038527e-08,
      3.4848129937259387e-10,
      9.984184702951926e-13,
      1.263570084120147e-05,
      3.1893789831372032e-09,
      0.9999873638153076,
      1.0405088249343386e-15,
      5.459175652401739e-17
    ],
    [
      5.4189319698139116e-09,
      1.325492016493457e-12,
      2.746044253615367e-17,
      7.402052304428253e-10,
      1.9114314894329992e-14,
      1.0,
      1.049706888057471e-16,
      6.330270952802962e-18
    ],
    [
      2.8946217867087398e-08,
      1.068273612033269e-15,
      1.2213639691893404e-19,
      6.548258824068398e-09,
      1.9869139319950158e-11,
      1.0,
      1.5866912335543173e-15,
      8.845759621056731e-17
    ],
    [
      0.0002364034007769078,
      5.761291443917571e-11,
      6.389921924920827e-09,
      1.1453945262474008e-05,
      1.6294264071348152e-07,
      0.9997519850730896,
      3.0743549372935774e-10,
      2.1444348033416993e-12
    ]
  ],
  "filename": "BP6_Plueral_EffusionI_C_BP_L_R81M_filtered_seg1_aug_lowpass-highpass-time_stretch_f4611a14.wav",
  "feature_type": "mel",
  "timestamp": "20251106_115803",
  "predicted_class": "Plueral Effusion",
  "class_probabilities": {
    "Asthma": 4.7692254156572744e-05,
    "BRON": 9.343407991746489e-11,
    "COPD": 1.2782265246258362e-09,
    "Healthy": 4.8222009354503825e-06,
    "Lung Fibrosis": 3.351081545588386e-08,
    "Plueral Effusion": 0.9999474287033081,
    "Pneumonia": 6.175348427062133e-11,
    "RTI": 4.296479079630988e-13
  }
}