{
  "predicted_class_idx": 0,
  "confidence": 0.522619366645813,
  "all_probabilities": [
    0.522619366645813,
    0.2836998701095581,
    3.5932935134042054e-05,
    0.05909203737974167,
    6.587682582903653e-05,
    0.13380178809165955,
    0.0006304697599261999,
    5.4681622714269906e-05
  ],
  "std_probabilities": [
    0.34405773878097534,
    0.34669381380081177,
    5.59092550247442e-05,
    0.039941780269145966,
    0.0001187731686513871,
    0.25224778056144714,
    0.0006089009111747146,
    9.726755524752662e-05
  ],
  "fold_predictions": [
    [
      0.39431023597717285,
      0.5588178038597107,
      0.00014638672291766852,
      0.033987563103437424,
      9.624160156818107e-06,
      0.011648492887616158,
      0.0010675573721528053,
      1.2321385838731658e-05
    ],
    [
      0.04297684505581856,
      0.831093966960907,
      7.300751349248458e-06,
      0.11531580239534378,
      0.00030313097522594035,
      0.009782813489437103,
      0.0002711307897698134,
      0.0002490367041900754
    ],
    [
      0.34232717752456665,
      0.011525732465088367,
      4.338966164141311e-08,
      0.00788535550236702,
      4.31645872822628e-07,
      0.638260543346405,
      6.201513542691828e-07,
      4.032376210716393e-08
    ],
    [
      0.8836572766304016,
      0.016842544078826904,
      1.4246746786739095e-06,
      0.09522697329521179,
      2.970827779336105e-07,
      0.0026597348041832447,
      0.0016081301728263497,
      3.548408130882308e-06
    ],
    [
      0.9498251676559448,
      0.00021923585154581815,
      2.450913962093182e-05,
      0.043044500052928925,
      1.5900228390819393e-05,
      0.00665734289214015,
      0.00020491034956648946,
      8.461266588710714e-06
    ]
  ],
  "filename": "BP4_Plueral_EffusionI_C_BP_L_L70M_filtered_seg3_aug_time_shift_7e866f6155.wav",
  "feature_type": "mel",
  "timestamp": "20251106_115723",
  "predicted_class": "Asthma",
  "class_probabilities": {
    "Asthma": 0.522619366645813,
    "BRON": 0.2836998701095581,
    "COPD": 3.5932935134042054e-05,
    "Healthy": 0.05909203737974167,
    "Lung Fibrosis": 6.587682582903653e-05,
    "Plueral Effusion": 0.13380178809165955,
    "Pneumonia": 0.0006304697599261999,
    "RTI": 5.4681622714269906e-05
  }
}