{
  "predicted_class_idx": 1,
  "confidence": 0.7700568437576294,
  "all_probabilities": [
    0.018658306449651718,
    0.7700568437576294,
    0.017970750108361244,
    0.16196875274181366,
    0.0028110253624618053,
    0.0005074769724160433,
    0.018543463200330734,
    0.009483344852924347
  ],
  "std_probabilities": [
    0.021088454872369766,
    0.2514262795448303,
    0.014542819932103157,
    0.19594085216522217,
    0.0054736691527068615,
    0.0009702827082946897,
    0.036199260503053665,
    0.013658334501087666
  ],
  "fold_predictions": [
    [
      0.006023894064128399,
      0.9819914698600769,
      0.0019968971610069275,
      0.0002564893220551312,
      2.9309117962839082e-05,
      8.285275544039905e-05,
      4.68902217107825e-05,
      0.009572184644639492
    ],
    [
      8.213888941099867e-05,
      0.5767619609832764,
      0.03387666121125221,
      0.3890972137451172,
      2.7388116450310918e-06,
      1.914995806373554e-07,
      0.00012668067938648164,
      5.237042933003977e-05
    ],
    [
      4.070211434736848e-05,
      0.9954798221588135,
      0.0031030045356601477,
      0.0009392576175741851,
      1.7864527990241186e-06,
      4.520229968107969e-09,
      2.5428647859371267e-05,
      0.00040990355773828924
    ],
    [
      0.03548311069607735,
      0.3712603449821472,
      0.03584817796945572,
      0.41437801718711853,
      0.0137565853074193,
      0.0024470367934554815,
      0.09093238413333893,
      0.03589440882205963
    ],
    [
      0.05166168510913849,
      0.9247905611991882,
      0.015029015950858593,
      0.005172865465283394,
      0.0002647074870765209,
      7.299327080545481e-06,
      0.0015859354753047228,
      0.001487859059125185
    ]
  ],
  "filename": "206_1b1_Lr_sc_Meditron_filtered_seg1_orig_0060.wav",
  "feature_type": "concat",
  "timestamp": "20251106_112858",
  "predicted_class": "BRON",
  "class_probabilities": {
    "Asthma": 0.018658306449651718,
    "BRON": 0.7700568437576294,
    "COPD": 0.017970750108361244,
    "Healthy": 0.16196875274181366,
    "Lung Fibrosis": 0.0028110253624618053,
    "Plueral Effusion": 0.0005074769724160433,
    "Pneumonia": 0.018543463200330734,
    "RTI": 0.009483344852924347
  }
}