{
  "predicted_class_idx": 1,
  "confidence": 0.9981177449226379,
  "all_probabilities": [
    1.004494492917729e-06,
    0.9981177449226379,
    0.001133754733018577,
    4.400271427584812e-05,
    6.371524641224369e-09,
    3.225451195021378e-08,
    0.0003544672508724034,
    0.00034902215702459216
  ],
  "std_probabilities": [
    1.7698699821266928e-06,
    0.0029892236925661564,
    0.0022632619366049767,
    5.9261423302814364e-05,
    8.294646747231127e-09,
    4.1312553378247685e-08,
    0.0006557889864780009,
    0.0004162280820310116
  ],
  "fold_predictions": [
    [
      3.135485826533113e-08,
      0.9999353885650635,
      4.829110821447102e-06,
      2.1180007081511576e-07,
      1.086842942032984e-11,
      5.851258279981897e-12,
      4.530383534984139e-07,
      5.9106620028615e-05
    ],
    [
      1.152925088732104e-09,
      0.9998507499694824,
      1.8704187709772668e-07,
      1.0481547008112102e-07,
      4.422743421494957e-12,
      8.396820738720834e-11,
      6.33817762718536e-08,
      0.0001489773130742833
    ],
    [
      3.014202718532033e-07,
      0.9985939860343933,
      2.8722540719172684e-06,
      0.00015001752763055265,
      2.088401807043283e-08,
      1.0500167491045431e-07,
      0.00010838683374458924,
      0.0011443051043897867
    ],
    [
      1.5062413183386525e-07,
      0.9999796152114868,
      6.077346483834845e-07,
      8.702500053914264e-07,
      4.3918096936934603e-10,
      4.300948042157415e-09,
      6.791569973074729e-08,
      1.8773942429106683e-05
    ],
    [
      4.537920176517218e-06,
      0.9922290444374084,
      0.005660277791321278,
      6.880917499074712e-05,
      1.0519135784647915e-08,
      5.188011087398081e-08,
      0.0016633650520816445,
      0.000373947957996279
    ]
  ],
  "filename": "206_1b1_Ar_sc_Meditron_filtered_seg1_aug_pitch_shift-lowpass_f7721bde.wav",
  "feature_type": "mel",
  "timestamp": "20251106_112847",
  "predicted_class": "BRON",
  "class_probabilities": {
    "Asthma": 1.004494492917729e-06,
    "BRON": 0.9981177449226379,
    "COPD": 0.001133754733018577,
    "Healthy": 4.400271427584812e-05,
    "Lung Fibrosis": 6.371524641224369e-09,
    "Plueral Effusion": 3.225451195021378e-08,
    "Pneumonia": 0.0003544672508724034,
    "RTI": 0.00034902215702459216
  }
}