{
  "predicted_class_idx": 0,
  "confidence": 0.8180177807807922,
  "all_probabilities": [
    0.8180177807807922,
    0.00048507325118407607,
    0.03401568531990051,
    0.034339647740125656,
    0.026072422042489052,
    0.08703126758337021,
    1.824023092922289e-05,
    1.9871369659085758e-05
  ],
  "std_probabilities": [
    0.16531454026699066,
    0.0009682734380476177,
    0.06729669123888016,
    0.06510571390390396,
    0.05199377238750458,
    0.09375041723251343,
    3.2903026294661686e-05,
    3.753988858079538e-05
  ],
  "fold_predictions": [
    [
      0.9998075366020203,
      4.383018947784478e-11,
      0.00019239031826145947,
      2.7870670181451285e-12,
      1.820853690048807e-09,
      4.5456598485316135e-09,
      4.142518847480986e-13,
      7.848628769124844e-08
    ],
    [
      0.7632205486297607,
      3.5563381128866922e-09,
      8.195628470275551e-05,
      0.007250341586768627,
      0.0002986238687299192,
      0.22914838790893555,
      2.66021316086551e-09,
      1.510086633516039e-07
    ],
    [
      0.8312599062919617,
      1.5056921256473288e-06,
      0.16860632598400116,
      3.6836606653878334e-08,
      1.1015831802296816e-07,
      0.00012257031630724669,
      5.419026820163708e-06,
      4.092993549420498e-06
    ],
    [
      0.5350789427757263,
      0.0024216193705797195,
      0.0011914451606571674,
      0.16443009674549103,
      0.13005970418453217,
      0.1666393131017685,
      8.392722520511597e-05,
      9.48881934164092e-05
    ],
    [
      0.9607219696044922,
      2.2376596007234184e-06,
      6.3047295952856075e-06,
      1.7761485651135445e-05,
      3.6613175780075835e-06,
      0.0392460934817791,
      1.852242462518916e-06,
      1.4616944099543616e-07
    ]
  ],
  "filename": "ASMA_7.wav",
  "feature_type": "concat",
  "timestamp": "20251106_144138",
  "predicted_class": "Asthma",
  "class_probabilities": {
    "Asthma": 0.8180177807807922,
    "BRON": 0.00048507325118407607,
    "COPD": 0.03401568531990051,
    "Healthy": 0.034339647740125656,
    "Lung Fibrosis": 0.026072422042489052,
    "Plueral Effusion": 0.08703126758337021,
    "Pneumonia": 1.824023092922289e-05,
    "RTI": 1.9871369659085758e-05
  }
}