{
  "predicted_class_idx": 6,
  "confidence": 0.4836994707584381,
  "all_probabilities": [
    0.13912279903888702,
    8.592568519816268e-06,
    0.20608453452587128,
    0.030605560168623924,
    0.1369236409664154,
    0.0030575154814869165,
    0.4836994707584381,
    0.0004978601355105639
  ],
  "std_probabilities": [
    0.16449998319149017,
    1.5109584637684748e-05,
    0.32333043217658997,
    0.040364887565374374,
    0.2525354325771332,
    0.006099087651818991,
    0.3555622100830078,
    0.0009718239889480174
  ],
  "fold_predictions": [
    [
      0.1238275095820427,
      3.868311978294514e-05,
      0.8481965661048889,
      0.0016813680995255709,
      0.0018282679375261068,
      1.6270452761091292e-05,
      0.024409715086221695,
      1.4933717693565995e-06
    ],
    [
      0.4508558511734009,
      3.749898951355135e-06,
      0.047442153096199036,
      0.10197080671787262,
      0.027469675987958908,
      0.015255683101713657,
      0.3545607924461365,
      0.0024413177743554115
    ],
    [
      0.00019225914729759097,
      4.5924704750177625e-07,
      0.11374374479055405,
      6.641054642386734e-05,
      0.6416151523590088,
      3.2600415700301255e-09,
      0.2443784773349762,
      3.5294315239298157e-06
    ],
    [
      0.004764281678944826,
      3.4168909479603826e-08,
      3.386896423762664e-05,
      0.049287375062704086,
      0.00017039570957422256,
      1.370138420497824e-06,
      0.945737898349762,
      4.702111709775636e-06
    ],
    [
      0.11597409844398499,
      3.640846557573241e-08,
      0.021006328985095024,
      2.1842184651177377e-05,
      0.01353471539914608,
      1.4250302228902001e-05,
      0.8494104743003845,
      3.825808016699739e-05
    ]
  ],
  "filename": "BP105_Lung_FibrosisCrepA_U_R44M_filtered_seg2_aug_highpass_45fe7761.wav",
  "feature_type": "mfcc",
  "timestamp": "20251106_114853",
  "predicted_class": "Pneumonia",
  "class_probabilities": {
    "Asthma": 0.13912279903888702,
    "BRON": 8.592568519816268e-06,
    "COPD": 0.20608453452587128,
    "Healthy": 0.030605560168623924,
    "Lung Fibrosis": 0.1369236409664154,
    "Plueral Effusion": 0.0030575154814869165,
    "Pneumonia": 0.4836994707584381,
    "RTI": 0.0004978601355105639
  }
}