{
  "predicted_class_idx": 1,
  "confidence": 0.9999420046806335,
  "all_probabilities": [
    2.3181046060472e-07,
    0.9999420046806335,
    2.2112953956821002e-05,
    1.3654593203682452e-05,
    1.2521644832119705e-09,
    3.836199802265128e-09,
    1.8080801964970306e-05,
    3.909971383109223e-06
  ],
  "std_probabilities": [
    2.7659720558403933e-07,
    6.312492041615769e-05,
    4.348951188148931e-05,
    1.4071541045268532e-05,
    1.6254534385140573e-09,
    6.0974105764444175e-09,
    2.982539081131108e-05,
    2.9548343718488468e-06
  ],
  "fold_predictions": [
    [
      5.083240921521792e-07,
      0.9999827146530151,
      1.223937033500988e-06,
      7.249647751450539e-06,
      2.6045021694898196e-10,
      5.3326742327497456e-11,
      9.143108741227479e-07,
      7.438041848217836e-06
    ],
    [
      4.0914965859784047e-10,
      0.9999955892562866,
      8.948666874175615e-08,
      4.293684980893886e-07,
      6.074426552038492e-12,
      1.6501959521075804e-11,
      1.9813679585922728e-08,
      3.8602279346378054e-06
    ],
    [
      2.4028256717656404e-08,
      0.999881386756897,
      1.0551733709007749e-07,
      3.455773912719451e-05,
      1.769047019983816e-09,
      3.3558835710323365e-09,
      7.697843830101192e-05,
      6.939485501789022e-06
    ],
    [
      6.262903298193123e-07,
      0.9998505115509033,
      0.00010908749391091987,
      2.598652099550236e-05,
      4.225242822286646e-09,
      1.5754654469901652e-08,
      1.2483197679102886e-05,
      1.3085566479276167e-06
    ],
    [
      4.1505370646476025e-13,
      0.9999998807907104,
      5.8329160168568706e-08,
      4.968805811245147e-08,
      8.037619303306355e-15,
      6.319886562862476e-13,
      8.244888327624267e-09,
      3.54577145422752e-09
    ]
  ],
  "filename": "168_1b1_Al_sc_Meditron_filtered_seg3_aug_time_shift-change_volume-time_stretch_357acc06.wav",
  "feature_type": "mel",
  "timestamp": "20251106_112715",
  "predicted_class": "BRON",
  "class_probabilities": {
    "Asthma": 2.3181046060472e-07,
    "BRON": 0.9999420046806335,
    "COPD": 2.2112953956821002e-05,
    "Healthy": 1.3654593203682452e-05,
    "Lung Fibrosis": 1.2521644832119705e-09,
    "Plueral Effusion": 3.836199802265128e-09,
    "Pneumonia": 1.8080801964970306e-05,
    "RTI": 3.909971383109223e-06
  }
}