{
  "predicted_class_idx": 0,
  "confidence": 0.8918587565422058,
  "all_probabilities": [
    0.8918587565422058,
    0.0007793481345288455,
    0.010148940607905388,
    0.04665770381689072,
    0.034810759127140045,
    0.015591290779411793,
    0.000112745794467628,
    4.047570837428793e-05
  ],
  "std_probabilities": [
    0.1403462141752243,
    0.001552140456624329,
    0.019353915005922318,
    0.058930858969688416,
    0.06821046024560928,
    0.022734221071004868,
    0.00016897617024369538,
    7.830643880879506e-05
  ],
  "fold_predictions": [
    [
      0.9999785423278809,
      1.4372569800968904e-09,
      3.9915090610520565e-07,
      1.935938698238715e-08,
      4.6779828153376e-06,
      1.4172664123179857e-05,
      5.785200335277352e-13,
      2.183872311434243e-06
    ],
    [
      0.8860641121864319,
      5.305359707108437e-09,
      2.8701615519821644e-05,
      0.09365087747573853,
      0.0022457754239439964,
      0.018009597435593605,
      6.882677325847908e-07,
      2.9956677849440894e-07
    ],
    [
      0.9499985575675964,
      1.2902646631118841e-05,
      0.04882949963212013,
      2.721793862292543e-05,
      3.2555577490711585e-05,
      0.0009698508656583726,
      0.00012680479267146438,
      2.5890635697578546e-06
    ],
    [
      0.6238669753074646,
      0.0038836130406707525,
      0.001885196310468018,
      0.13956519961357117,
      0.17122188210487366,
      0.05894386023283005,
      0.00043616839684545994,
      0.0001970768644241616
    ],
    [
      0.9993854761123657,
      2.1836753205661807e-07,
      9.019993285619421e-07,
      4.519436333794147e-05,
      0.0005488995811901987,
      1.8966331481351517e-05,
      6.752348724603507e-08,
      2.291577771984521e-07
    ]
  ],
  "filename": "BP26_Lung_FibrosisCrepP90F_filtered_seg1_aug_time_stretch-add_noise-pitch_shift_438bb41b.wav",
  "feature_type": "concat",
  "timestamp": "20251106_114730",
  "predicted_class": "Asthma",
  "class_probabilities": {
    "Asthma": 0.8918587565422058,
    "BRON": 0.0007793481345288455,
    "COPD": 0.010148940607905388,
    "Healthy": 0.04665770381689072,
    "Lung Fibrosis": 0.034810759127140045,
    "Plueral Effusion": 0.015591290779411793,
    "Pneumonia": 0.000112745794467628,
    "RTI": 4.047570837428793e-05
  }
}