{
  "predicted_class_idx": 3,
  "confidence": 0.8279944658279419,
  "all_probabilities": [
    0.04542316123843193,
    3.179770283168182e-05,
    0.047959305346012115,
    0.8279944658279419,
    0.017537208274006844,
    0.00017379029304720461,
    0.060661040246486664,
    0.00021923732128925622
  ],
  "std_probabilities": [
    0.06273430585861206,
    3.5632328945212066e-05,
    0.0548323355615139,
    0.11045614629983902,
    0.013065044768154621,
    0.0003418804262764752,
    0.04939484968781471,
    0.00034208677243441343
  ],
  "fold_predictions": [
    [
      0.0031547686085104942,
      9.779911488294601e-05,
      0.1266273409128189,
      0.8504353165626526,
      0.0018012860091403127,
      0.0008575054816901684,
      0.016130585223436356,
      0.0008954653167165816
    ],
    [
      0.018160372972488403,
      2.2351576944856788e-07,
      0.0036469013430178165,
      0.8271589279174805,
      0.014261920005083084,
      4.400885984523484e-07,
      0.13662180304527283,
      0.00014942926645744592
    ],
    [
      0.03073711507022381,
      3.5694276448339224e-05,
      0.007248525507748127,
      0.8893762826919556,
      0.01926126331090927,
      1.0508570085221436e-05,
      0.05332495644688606,
      5.546072770812316e-06
    ],
    [
      0.005720596294850111,
      1.5529636812061653e-06,
      0.0001314157561864704,
      0.9497298002243042,
      0.041059207171201706,
      1.162484437600142e-07,
      0.0033250092528760433,
      3.229567300877534e-05
    ],
    [
      0.16934294998645782,
      2.3718630473013036e-05,
      0.1021423414349556,
      0.6232720017433167,
      0.011302358470857143,
      3.810206692378415e-07,
      0.09390285611152649,
      1.345028340438148e-05
    ]
  ],
  "filename": "BP50_NNP_R_L_27M_filtered_seg2_orig_0092.wav",
  "feature_type": "mfcc",
  "timestamp": "20251106_114323",
  "predicted_class": "Healthy",
  "class_probabilities": {
    "Asthma": 0.04542316123843193,
    "BRON": 3.179770283168182e-05,
    "COPD": 0.047959305346012115,
    "Healthy": 0.8279944658279419,
    "Lung Fibrosis": 0.017537208274006844,
    "Plueral Effusion": 0.00017379029304720461,
    "Pneumonia": 0.060661040246486664,
    "RTI": 0.00021923732128925622
  }
}