{
  "predicted_class_idx": 7,
  "confidence": 0.7801880240440369,
  "all_probabilities": [
    1.445658563170582e-05,
    0.0006284854607656598,
    8.646306378068402e-05,
    0.2186749279499054,
    1.3092876542941667e-05,
    3.7357895052991807e-06,
    0.00039080396527424455,
    0.7801880240440369
  ],
  "std_probabilities": [
    2.74200410785852e-05,
    0.0009022555314004421,
    5.614911424345337e-05,
    0.2942273020744324,
    2.5299146727775224e-05,
    6.89459238856216e-06,
    0.0007761268061585724,
    0.29379263520240784
  ],
  "fold_predictions": [
    [
      1.2361805374894175e-06,
      0.0002426548016956076,
      3.8999329262878746e-05,
      0.09992006421089172,
      1.7881987446344283e-08,
      5.329785324192926e-08,
      2.4594000933575444e-06,
      0.8997943997383118
    ],
    [
      1.1244893016737478e-07,
      8.127569890348241e-05,
      4.637693928088993e-05,
      0.07424475997686386,
      1.5137019317990053e-06,
      1.016012106447306e-06,
      1.2912372540085926e-06,
      0.9256235957145691
    ],
    [
      6.92828543833457e-05,
      0.002412734553217888,
      0.00011462685506558046,
      0.10865968465805054,
      6.36788536212407e-05,
      1.7504620700492524e-05,
      0.001943050418049097,
      0.8867194652557373
    ],
    [
      1.612957476027077e-06,
      7.690397069382016e-06,
      4.7791789256734774e-05,
      0.8028571605682373,
      2.5169757122966985e-07,
      1.0380199455539696e-07,
      7.065266800054815e-06,
      0.1970783770084381
    ],
    [
      3.8486668074710906e-08,
      0.00039807194843888283,
      0.00018452040967531502,
      0.007692931219935417,
      2.2503678920315906e-09,
      1.215458400594116e-09,
      1.5333873193412728e-07,
      0.9917243123054504
    ]
  ],
  "filename": "Healthy_2.wav",
  "feature_type": "mel",
  "timestamp": "20251113_110449",
  "predicted_class": "RTI",
  "class_probabilities": {
    "ASMA": 1.445658563170582e-05,
    "BRON": 0.0006284854607656598,
    "COPD": 8.646306378068402e-05,
    "Healthy": 0.2186749279499054,
    "Lung Fibrosis": 1.3092876542941667e-05,
    "Plueral Effusion": 3.7357895052991807e-06,
    "Pneumonia": 0.00039080396527424455,
    "RTI": 0.7801880240440369
  }
}