{
  "predicted_class_idx": 0,
  "confidence": 0.42149630188941956,
  "all_probabilities": [
    0.42149630188941956,
    0.028766606003046036,
    0.3666074872016907,
    0.12623928487300873,
    0.01550667267292738,
    0.03405749797821045,
    0.002068648347631097,
    0.005257497075945139
  ],
  "std_probabilities": [
    0.2962088882923126,
    0.04222114756703377,
    0.4336676001548767,
    0.17327947914600372,
    0.030867524445056915,
    0.0556279718875885,
    0.003160717198625207,
    0.005154992453753948
  ],
  "fold_predictions": [
    [
      0.19538463652133942,
      3.8134005535539472e-06,
      0.782723605632782,
      2.865349415515084e-07,
      1.5928424090816407e-06,
      0.010233413428068161,
      9.665943045966685e-11,
      0.011652608402073383
    ],
    [
      0.543621301651001,
      2.5410849957552273e-07,
      0.00019955004972871393,
      0.4464135468006134,
      0.00023897801293060184,
      0.009518579579889774,
      6.826429626016761e-07,
      7.102999006747268e-06
    ],
    [
      0.0012799047399312258,
      3.758144885068759e-05,
      0.998576283454895,
      2.089420547690679e-08,
      1.116088998998066e-08,
      1.0032165846496355e-05,
      3.1175270578387426e-06,
      9.30189635255374e-05
    ],
    [
      0.5123066902160645,
      0.03506680950522423,
      0.05030689761042595,
      0.1744074523448944,
      0.07724147289991379,
      0.1450754702091217,
      0.0021784703712910414,
      0.0034167554695159197
    ],
    [
      0.854888916015625,
      0.10872456431388855,
      0.0012311626924201846,
      0.0103750703856349,
      5.131008583703078e-05,
      0.005449996795505285,
      0.008160971105098724,
      0.011117999441921711
    ]
  ],
  "filename": "188_1b1_Pl_sc_Meditron_filtered_seg2_aug_time_shift-add_noise_c407e87c.wav",
  "feature_type": "concat",
  "timestamp": "20251106_115502",
  "predicted_class": "Asthma",
  "class_probabilities": {
    "Asthma": 0.42149630188941956,
    "BRON": 0.028766606003046036,
    "COPD": 0.3666074872016907,
    "Healthy": 0.12623928487300873,
    "Lung Fibrosis": 0.01550667267292738,
    "Plueral Effusion": 0.03405749797821045,
    "Pneumonia": 0.002068648347631097,
    "RTI": 0.005257497075945139
  }
}