{
  "predicted_class_idx": 2,
  "confidence": 0.4634268879890442,
  "all_probabilities": [
    0.0019042149651795626,
    0.28536587953567505,
    0.4634268879890442,
    0.16779543459415436,
    0.0020492197945713997,
    0.00030218882602639496,
    0.06970034539699554,
    0.0094557860866189
  ],
  "std_probabilities": [
    0.0036191281396895647,
    0.3849354684352875,
    0.37868738174438477,
    0.16568024456501007,
    0.0040709893219172955,
    0.0006015989929437637,
    0.05967503786087036,
    0.014712527394294739
  ],
  "fold_predictions": [
    [
      8.337521535395354e-07,
      0.9982277750968933,
      0.001683875685557723,
      6.305879651336e-05,
      7.782664113165083e-08,
      3.58605507244647e-06,
      1.1982529940723907e-05,
      8.831076229398604e-06
    ],
    [
      0.00017379273776896298,
      0.015738030895590782,
      0.48722565174102783,
      0.3436398506164551,
      4.553941107587889e-05,
      9.600863677405869e-07,
      0.15208543837070465,
      0.0010907275136560202
    ],
    [
      1.0845438737305813e-05,
      0.0031606440898030996,
      0.7850756049156189,
      0.09664277732372284,
      8.972493560577277e-06,
      1.0010375035562902e-06,
      0.10735029727220535,
      0.007749855052679777
    ],
    [
      0.00914069451391697,
      0.38842764496803284,
      0.07827594876289368,
      0.38792186975479126,
      0.010191129520535469,
      0.0015053844545036554,
      0.08622156083583832,
      0.03831564635038376
    ],
    [
      0.00019490769773256034,
      0.02127544768154621,
      0.9648733735084534,
      0.010709579102694988,
      3.8039513583498774e-07,
      1.2501589985447481e-08,
      0.002832480939105153,
      0.00011387051927158609
    ]
  ],
  "filename": "168_1b1_Al_sc_Meditron_filtered_seg3_aug_time_shift-change_volume-time_stretch_357acc06.wav",
  "feature_type": "concat",
  "timestamp": "20251106_112713",
  "predicted_class": "COPD",
  "class_probabilities": {
    "Asthma": 0.0019042149651795626,
    "BRON": 0.28536587953567505,
    "COPD": 0.4634268879890442,
    "Healthy": 0.16779543459415436,
    "Lung Fibrosis": 0.0020492197945713997,
    "Plueral Effusion": 0.00030218882602639496,
    "Pneumonia": 0.06970034539699554,
    "RTI": 0.0094557860866189
  }
}