{
  "predicted_class_idx": 1,
  "confidence": 0.7635214924812317,
  "all_probabilities": [
    0.06969519704580307,
    0.7635214924812317,
    4.812419501831755e-05,
    0.02933991327881813,
    0.05643951892852783,
    1.5487700011362904e-06,
    0.0005118424305692315,
    0.0804424062371254
  ],
  "std_probabilities": [
    0.1381213515996933,
    0.23954224586486816,
    3.004077370860614e-05,
    0.04324894770979881,
    0.1125149205327034,
    1.8139703570341226e-06,
    0.0006975239375606179,
    0.09364105015993118
  ],
  "fold_predictions": [
    [
      2.1509817088372074e-05,
      0.9945176243782043,
      1.0164723789785057e-05,
      8.980502025224268e-05,
      1.4456509234150872e-05,
      9.656969446325547e-09,
      3.433466645219596e-06,
      0.005343079566955566
    ],
    [
      0.00012432309449650347,
      0.6767573952674866,
      5.67960632906761e-05,
      0.11468921601772308,
      8.406491542700678e-05,
      4.6499121708620805e-06,
      0.0018506156047806144,
      0.20643295347690582
    ],
    [
      0.3459347188472748,
      0.3507671058177948,
      5.721303023165092e-05,
      0.016266372054815292,
      0.2814690172672272,
      3.9172783772301045e-07,
      0.0005476318183355033,
      0.0049575939774513245
    ],
    [
      0.0018765124259516597,
      0.7987954616546631,
      9.503061301074922e-05,
      0.015435151755809784,
      0.0005663753836415708,
      2.580321506684413e-06,
      0.0001312695094384253,
      0.1830977201461792
    ],
    [
      0.0005189453368075192,
      0.996769905090332,
      2.1416539311758243e-05,
      0.00021903487504459918,
      6.36916229268536e-05,
      1.1223074380950493e-07,
      2.626169953146018e-05,
      0.0023806618992239237
    ]
  ],
  "filename": "161_1b1_Pl_sc_Meditron_filtered_seg2_orig_0021.wav",
  "feature_type": "mfcc",
  "timestamp": "20251106_112626",
  "predicted_class": "BRON",
  "class_probabilities": {
    "Asthma": 0.06969519704580307,
    "BRON": 0.7635214924812317,
    "COPD": 4.812419501831755e-05,
    "Healthy": 0.02933991327881813,
    "Lung Fibrosis": 0.05643951892852783,
    "Plueral Effusion": 1.5487700011362904e-06,
    "Pneumonia": 0.0005118424305692315,
    "RTI": 0.0804424062371254
  }
}