{
  "predicted_class_idx": 6,
  "confidence": 0.5418606400489807,
  "all_probabilities": [
    0.236281156539917,
    0.001314917579293251,
    0.005295789334923029,
    0.16193202137947083,
    0.011000549420714378,
    0.04185719043016434,
    0.5418606400489807,
    0.00045776437036693096
  ],
  "std_probabilities": [
    0.1677405834197998,
    0.0012850826606154442,
    0.007525946944952011,
    0.09904097765684128,
    0.01059954147785902,
    0.0251153577119112,
    0.16156083345413208,
    0.0006974464631639421
  ],
  "fold_predictions": [
    [
      0.1482831984758377,
      0.0005290754488669336,
      0.0005937236128374934,
      0.23485486209392548,
      0.028523724526166916,
      0.01229172758758068,
      0.5748202204704285,
      0.00010345844930270687
    ],
    [
      0.07515120506286621,
      1.2845555829699151e-05,
      0.00035287204082123935,
      0.10616984218358994,
      0.0005088694160804152,
      0.04882465675473213,
      0.76894211769104,
      3.754578574444167e-05
    ],
    [
      0.18266718089580536,
      0.0037164788227528334,
      0.02010786533355713,
      0.32010984420776367,
      0.00426374189555645,
      0.012324764393270016,
      0.45496034622192383,
      0.0018497455166652799
    ],
    [
      0.5583524703979492,
      0.0014106446178629994,
      0.0013139351503923535,
      0.06362339109182358,
      0.017895452678203583,
      0.06830283254384995,
      0.2889823019504547,
      0.00011900515528395772
    ],
    [
      0.21695172786712646,
      0.0009055433911271393,
      0.004110547713935375,
      0.08490213751792908,
      0.0038109621964395046,
      0.06754197180271149,
      0.6215980648994446,
      0.00017906691937241703
    ]
  ],
  "filename": "BP56_asthmaE_WP_R_M56F_filtered_seg2_orig_0045.wav",
  "feature_type": "concat",
  "timestamp": "20251106_112356",
  "predicted_class": "Pneumonia",
  "class_probabilities": {
    "Asthma": 0.236281156539917,
    "BRON": 0.001314917579293251,
    "COPD": 0.005295789334923029,
    "Healthy": 0.16193202137947083,
    "Lung Fibrosis": 0.011000549420714378,
    "Plueral Effusion": 0.04185719043016434,
    "Pneumonia": 0.5418606400489807,
    "RTI": 0.00045776437036693096
  }
}