{
  "predicted_class_idx": 3,
  "confidence": 0.4283856451511383,
  "all_probabilities": [
    0.04290460795164108,
    0.16056354343891144,
    4.477012771531008e-05,
    0.4283856451511383,
    0.0022610833402723074,
    0.145906001329422,
    0.21003751456737518,
    0.009896836243569851
  ],
  "std_probabilities": [
    0.056646786630153656,
    0.2582244277000427,
    4.710135544883087e-05,
    0.2111516147851944,
    0.0024898836854845285,
    0.28952547907829285,
    0.2232399582862854,
    0.013766476884484291
  ],
  "fold_predictions": [
    [
      0.021502431482076645,
      0.04540516808629036,
      5.606700506177731e-05,
      0.8215994238853455,
      0.005123738199472427,
      0.0040346370078623295,
      0.09783893078565598,
      0.004439667332917452
    ],
    [
      0.005559136159718037,
      0.6760466694831848,
      1.2484887292885105e-06,
      0.2729329764842987,
      0.005459663923829794,
      4.068907946930267e-05,
      0.003230238799005747,
      0.0367293544113636
    ],
    [
      0.02141943946480751,
      0.031660158187150955,
      4.7442634354410984e-07,
      0.22196584939956665,
      4.7536741476505995e-07,
      0.7249491810798645,
      2.591558541098493e-06,
      1.8141217879019678e-06
    ],
    [
      0.010525195859372616,
      0.046808622777462006,
      3.7307636375771835e-05,
      0.3898880183696747,
      1.4965976333769504e-05,
      9.935907655744813e-06,
      0.5444358587265015,
      0.008280041627585888
    ],
    [
      0.1555168479681015,
      0.002897171303629875,
      0.0001287530903937295,
      0.4355418384075165,
      0.000706573307979852,
      0.0004955324693582952,
      0.4046800136566162,
      3.330401159473695e-05
    ]
  ],
  "filename": "BP88_NNA_R_U29M_filtered_seg2_orig_0131.wav",
  "feature_type": "mel",
  "timestamp": "20251106_114449",
  "predicted_class": "Healthy",
  "class_probabilities": {
    "Asthma": 0.04290460795164108,
    "BRON": 0.16056354343891144,
    "COPD": 4.477012771531008e-05,
    "Healthy": 0.4283856451511383,
    "Lung Fibrosis": 0.0022610833402723074,
    "Plueral Effusion": 0.145906001329422,
    "Pneumonia": 0.21003751456737518,
    "RTI": 0.009896836243569851
  }
}