{
  "predicted_class_idx": 7,
  "confidence": 0.4072076678276062,
  "all_probabilities": [
    4.232122705616348e-07,
    0.17895498871803284,
    0.0028793015517294407,
    0.21792776882648468,
    4.328848369015902e-19,
    2.1241091108237242e-09,
    0.19302985072135925,
    0.4072076678276062
  ],
  "std_probabilities": [
    8.463761105304002e-07,
    0.3578673005104065,
    0.005166872404515743,
    0.38991260528564453,
    8.657688466225678e-19,
    3.806654547133803e-09,
    0.3565596342086792,
    0.48409706354141235
  ],
  "fold_predictions": [
    [
      2.1159644347790163e-06,
      0.8946896195411682,
      0.013169226236641407,
      3.108894164240844e-13,
      1.7398417983653516e-24,
      3.6467352672477004e-20,
      0.0605393685400486,
      0.03159957379102707
    ],
    [
      8.80571726646906e-11,
      8.176200168297232e-12,
      0.0012272810563445091,
      0.9942442774772644,
      2.1644225042973317e-18,
      8.963381148419103e-10,
      3.3755395634216256e-07,
      0.004528092686086893
    ],
    [
      7.04529977092809e-17,
      4.817701793058404e-09,
      5.499849707601978e-12,
      3.6487472243607044e-07,
      5.128354218852179e-29,
      9.706108805573876e-09,
      2.044243002955956e-13,
      0.9999996423721313
    ],
    [
      4.0519949202189433e-16,
      4.648702102988812e-16,
      6.291660462405065e-20,
      0.09539421647787094,
      0.0,
      1.7916166814013756e-11,
      0.9046057462692261,
      3.1869853343442083e-21
    ],
    [
      8.977978950552856e-12,
      8.528531907359138e-05,
      1.4521479504980839e-11,
      3.9799821424657544e-12,
      5.977433888238426e-26,
      1.822539515139443e-13,
      3.760439312827657e-06,
      0.9999109506607056
    ]
  ],
  "filename": "BP105_Lung_FibrosisCrepA_U_R44M_filtered_seg3_aug_change_volume-add_noise-highpass_bec1ceb9.wav",
  "feature_type": "mel",
  "timestamp": "20251106_114924",
  "predicted_class": "RTI",
  "class_probabilities": {
    "Asthma": 4.232122705616348e-07,
    "BRON": 0.17895498871803284,
    "COPD": 0.0028793015517294407,
    "Healthy": 0.21792776882648468,
    "Lung Fibrosis": 4.328848369015902e-19,
    "Plueral Effusion": 2.1241091108237242e-09,
    "Pneumonia": 0.19302985072135925,
    "RTI": 0.4072076678276062
  }
}