{
  "predicted_class_idx": 4,
  "confidence": 0.59355229139328,
  "all_probabilities": [
    0.037699006497859955,
    0.004970099311321974,
    0.00032611971255391836,
    0.11977367103099823,
    0.59355229139328,
    0.09709665179252625,
    0.14562076330184937,
    0.0009613946313038468
  ],
  "std_probabilities": [
    0.0471651554107666,
    0.005378618836402893,
    0.0004986284766346216,
    0.14068494737148285,
    0.2776608169078827,
    0.17044977843761444,
    0.18414437770843506,
    0.0011536239180713892
  ],
  "fold_predictions": [
    [
      0.010504418984055519,
      0.009551739320158958,
      0.0003362194693181664,
      0.36100533604621887,
      0.5954448580741882,
      0.0037837696727365255,
      0.019317086786031723,
      5.656396024278365e-05
    ],
    [
      0.00021173917048145086,
      0.001050995197147131,
      2.1173511868255446e-06,
      0.005140235181897879,
      0.8100325465202332,
      4.9979236791841686e-05,
      0.183492049574852,
      2.0325400328147225e-05
    ],
    [
      0.05170119181275368,
      0.0009025317267514765,
      3.0970950319897383e-06,
      0.19778524339199066,
      0.29016974568367004,
      0.4362694323062897,
      0.021010104566812515,
      0.002158650429919362
    ],
    [
      0.12426646798849106,
      0.013228324241936207,
      0.0012891333317384124,
      0.034923624247312546,
      0.2875202000141144,
      0.04537736997008324,
      0.4908234775066376,
      0.0025714305229485035
    ],
    [
      0.0018112279940396547,
      0.00011690457904478535,
      3.135640369578141e-08,
      1.394322043779539e-05,
      0.9845941066741943,
      2.705686029003118e-06,
      0.013461117632687092,
      2.6459177071558315e-09
    ]
  ],
  "filename": "BP6_Plueral_EffusionI_C_BP_L_R81M_filtered_seg1_aug_highpass-lowpass-pitch_shift_12493027.wav",
  "feature_type": "concat",
  "timestamp": "20251106_115745",
  "predicted_class": "Lung Fibrosis",
  "class_probabilities": {
    "Asthma": 0.037699006497859955,
    "BRON": 0.004970099311321974,
    "COPD": 0.00032611971255391836,
    "Healthy": 0.11977367103099823,
    "Lung Fibrosis": 0.59355229139328,
    "Plueral Effusion": 0.09709665179252625,
    "Pneumonia": 0.14562076330184937,
    "RTI": 0.0009613946313038468
  }
}