{
  "predicted_class_idx": 5,
  "confidence": 0.5012139678001404,
  "all_probabilities": [
    0.48688235878944397,
    1.920419163070619e-05,
    4.500214345171116e-05,
    0.005770229734480381,
    0.006058729253709316,
    0.5012139678001404,
    9.855351891019382e-06,
    6.479280045823543e-07
  ],
  "std_probabilities": [
    0.4290231466293335,
    3.8403864891733974e-05,
    5.566081017605029e-05,
    0.011521261185407639,
    0.01211651973426342,
    0.419082373380661,
    1.2306139069551136e-05,
    8.788505851953232e-07
  ],
  "fold_predictions": [
    [
      0.9999972581863403,
      4.7065433148030245e-14,
      5.6544006810099745e-08,
      5.2831242852713345e-11,
      8.962239839149788e-09,
      2.737378963502124e-06,
      2.610834508656734e-12,
      4.365035763398417e-11
    ],
    [
      0.006830035708844662,
      1.1948130202235618e-13,
      6.897886706269674e-09,
      3.704351547639817e-05,
      1.8114869817509316e-06,
      0.9931311011314392,
      4.079641069409945e-10,
      6.984672389076518e-12
    ],
    [
      0.9935075044631958,
      7.621684616765378e-09,
      0.000125047197798267,
      5.659613862007973e-07,
      5.441440364961636e-08,
      0.006336851045489311,
      2.891486292355694e-05,
      1.0207095328951254e-06
    ],
    [
      0.10688725858926773,
      9.601192141417414e-05,
      9.989889076678082e-05,
      0.02881273441016674,
      0.030291767790913582,
      0.8337899446487427,
      2.016775033553131e-05,
      2.217903556811507e-06
    ],
    [
      0.32718977332115173,
      1.4086606325847129e-09,
      1.1717319337023469e-09,
      8.054352633735107e-07,
      9.61759782924787e-10,
      0.6728092432022095,
      1.9373278803413996e-07,
      9.761137453878632e-10
    ]
  ],
  "filename": "BP47_asthmaE_WP_L_M60M_filtered_seg1_aug_add_noise_9c0d3ba1.wav",
  "feature_type": "concat",
  "timestamp": "20251106_112331",
  "predicted_class": "Plueral Effusion",
  "class_probabilities": {
    "Asthma": 0.48688235878944397,
    "BRON": 1.920419163070619e-05,
    "COPD": 4.500214345171116e-05,
    "Healthy": 0.005770229734480381,
    "Lung Fibrosis": 0.006058729253709316,
    "Plueral Effusion": 0.5012139678001404,
    "Pneumonia": 9.855351891019382e-06,
    "RTI": 6.479280045823543e-07
  }
}