{
  "predicted_class_idx": 6,
  "confidence": 0.9658921957015991,
  "all_probabilities": [
    0.002782153431326151,
    0.012167197652161121,
    0.002454435918480158,
    0.01051211915910244,
    0.0009159434703178704,
    0.0010052613215520978,
    0.9658921957015991,
    0.004270683042705059
  ],
  "std_probabilities": [
    0.004458172246813774,
    0.023561112582683563,
    0.004225601442158222,
    0.0156104676425457,
    0.0013671276392415166,
    0.0018827597377821803,
    0.05237219110131264,
    0.0049259536899626255
  ],
  "fold_predictions": [
    [
      0.00024098587164189667,
      0.00066015450283885,
      2.777151166810654e-05,
      0.007606601342558861,
      0.00013635412324219942,
      4.302201705286279e-05,
      0.978317379951477,
      0.012967739254236221
    ],
    [
      0.00048594275722280145,
      0.0005658807931467891,
      0.0007011192501522601,
      0.0022881419863551855,
      7.551207090727985e-05,
      0.00014632687089033425,
      0.9937677383422852,
      0.0019693044014275074
    ],
    [
      5.219045760895824e-06,
      7.383360298263142e-06,
      9.763171249232983e-08,
      3.177663165843114e-05,
      2.314449076834535e-08,
      3.714251306519145e-06,
      0.9999500513076782,
      1.8303391016161186e-06
    ],
    [
      0.011636395938694477,
      0.05928725004196167,
      0.010884560644626617,
      0.041304878890514374,
      0.0035940019879490137,
      0.004769627470523119,
      0.8621612191200256,
      0.006362041924148798
    ],
    [
      0.0015422239666804671,
      0.000315318931825459,
      0.0006586310919374228,
      0.0013291992945596576,
      0.000773825915530324,
      6.361571286106482e-05,
      0.9952647686004639,
      5.249820605968125e-05
    ]
  ],
  "filename": "135_2b3_Pr_mc_LittC2SE_filtered_seg2_aug_highpass-add_noise_8606b441.wav",
  "feature_type": "concat",
  "timestamp": "20251106_115056",
  "predicted_class": "Pneumonia",
  "class_probabilities": {
    "Asthma": 0.002782153431326151,
    "BRON": 0.012167197652161121,
    "COPD": 0.002454435918480158,
    "Healthy": 0.01051211915910244,
    "Lung Fibrosis": 0.0009159434703178704,
    "Plueral Effusion": 0.0010052613215520978,
    "Pneumonia": 0.9658921957015991,
    "RTI": 0.004270683042705059
  }
}