{
  "predicted_class_idx": 5,
  "confidence": 0.39950045943260193,
  "all_probabilities": [
    0.3050839900970459,
    0.22097930312156677,
    2.41248490056023e-05,
    0.07439814507961273,
    1.3438113910524407e-06,
    0.39950045943260193,
    1.6436695204902207e-07,
    1.2442326806194615e-05
  ],
  "std_probabilities": [
    0.36948809027671814,
    0.3885005712509155,
    4.400549369165674e-05,
    0.11917290836572647,
    2.1376199583755806e-06,
    0.48307695984840393,
    3.278931899330928e-07,
    2.1876809114473872e-05
  ],
  "fold_predictions": [
    [
      0.014862492680549622,
      0.00252736359834671,
      8.590462130086962e-06,
      7.832889968995005e-05,
      5.516308647202095e-06,
      0.9824609160423279,
      8.201528771678568e-07,
      5.600466829491779e-05
    ],
    [
      0.00030357405194081366,
      4.431674085481063e-07,
      3.777276091909698e-08,
      5.710537607228616e-06,
      6.954429978937859e-13,
      0.9996901750564575,
      2.9920001552725787e-16,
      1.3627996509057994e-07
    ],
    [
      0.6910157799720764,
      6.899008440086618e-07,
      4.981722057095794e-08,
      0.3087158799171448,
      8.376164345458292e-13,
      0.00026704504853114486,
      4.3643505476254063e-10,
      5.782925995845289e-07
    ],
    [
      0.8186967372894287,
      0.10891218483448029,
      5.939951464029036e-08,
      0.05790408328175545,
      1.2027404636683059e-06,
      0.014485770836472511,
      1.252822429131939e-10,
      1.0212223289229883e-09
    ],
    [
      0.00054140918655321,
      0.9934558272361755,
      0.00011188679491169751,
      0.0052867005579173565,
      6.546172458266053e-12,
      0.0005986070609651506,
      1.120148307443003e-09,
      5.491374395205639e-06
    ]
  ],
  "filename": "BP88_NNA_R_U29M_filtered_seg1_aug_add_noise-time_stretch_3bb0d422.wav",
  "feature_type": "mfcc",
  "timestamp": "20251106_114436",
  "predicted_class": "Plueral Effusion",
  "class_probabilities": {
    "Asthma": 0.3050839900970459,
    "BRON": 0.22097930312156677,
    "COPD": 2.41248490056023e-05,
    "Healthy": 0.07439814507961273,
    "Lung Fibrosis": 1.3438113910524407e-06,
    "Plueral Effusion": 0.39950045943260193,
    "Pneumonia": 1.6436695204902207e-07,
    "RTI": 1.2442326806194615e-05
  }
}