{
  "predicted_class_idx": 5,
  "confidence": 0.9908574223518372,
  "all_probabilities": [
    0.009020836092531681,
    3.430361124822333e-14,
    1.0309338449587813e-06,
    0.00012073213292751461,
    2.7685079118100475e-08,
    0.9908574223518372,
    2.003210172789575e-19,
    1.8136247644201346e-14
  ],
  "std_probabilities": [
    0.018041668459773064,
    6.860650421250739e-14,
    2.0618676899175625e-06,
    0.000241464251303114,
    5.537015823620095e-08,
    0.018285250291228294,
    3.994965962046822e-19,
    3.627208871258801e-14
  ],
  "fold_predictions": [
    [
      2.6983682649417418e-11,
      1.4328471167504533e-18,
      1.772302291205091e-18,
      1.1398847631852865e-13,
      2.53962300291609e-20,
      1.0,
      2.2928697351436584e-21,
      8.11728671915384e-19
    ],
    [
      8.870084355893955e-18,
      1.195950013873489e-28,
      1.9960485953656654e-23,
      4.8611420658741016e-20,
      5.725048285934133e-21,
      1.0,
      5.447464441143625e-34,
      5.9883354475239294e-31
    ],
    [
      3.0056469892902847e-18,
      3.1641715502060213e-27,
      8.0019906783993e-35,
      6.453268128084485e-21,
      1.6503216046083045e-35,
      1.0,
      3.825749573155137e-31,
      2.602094427207407e-25
    ],
    [
      7.668580437325545e-09,
      2.410694407702275e-27,
      1.8421482603171238e-28,
      1.281978402557435e-13,
      4.737081452979913e-20,
      1.0,
      1.274887394035303e-32,
      3.025253613697413e-37
    ],
    [
      0.045104172080755234,
      1.715166230613699e-13,
      5.154669452167582e-06,
      0.0006036606500856578,
      1.384253920377887e-07,
      0.9542868733406067,
      9.993122451343671e-19,
      9.068042676344326e-14
    ]
  ],
  "filename": "BP4_Heart_Failure__Lung_Fibrosis_I_CP_L_R72F_filtered_seg1_aug_pitch_shift-add_noise_fe26bc0e.wav",
  "feature_type": "mel",
  "timestamp": "20251106_114631",
  "predicted_class": "Plueral Effusion",
  "class_probabilities": {
    "Asthma": 0.009020836092531681,
    "BRON": 3.430361124822333e-14,
    "COPD": 1.0309338449587813e-06,
    "Healthy": 0.00012073213292751461,
    "Lung Fibrosis": 2.7685079118100475e-08,
    "Plueral Effusion": 0.9908574223518372,
    "Pneumonia": 2.003210172789575e-19,
    "RTI": 1.8136247644201346e-14
  }
}