{
  "predicted_class_idx": 5,
  "confidence": 0.3194178342819214,
  "all_probabilities": [
    0.1636795997619629,
    0.07591969519853592,
    1.184438315249281e-05,
    0.220902681350708,
    0.1990690529346466,
    0.3194178342819214,
    0.020313149318099022,
    0.0006861059810034931
  ],
  "std_probabilities": [
    0.1822078824043274,
    0.08957933634519577,
    1.659202462178655e-05,
    0.10202228277921677,
    0.27496248483657837,
    0.33374226093292236,
    0.040605075657367706,
    0.0013623166596516967
  ],
  "fold_predictions": [
    [
      0.1106463074684143,
      0.045218490064144135,
      4.274401726434007e-05,
      0.3384957015514374,
      0.2676393389701843,
      0.13302338123321533,
      0.10152330249547958,
      0.003410724690183997
    ],
    [
      0.0002348239067941904,
      0.09114660322666168,
      4.895504090995928e-08,
      0.19675251841545105,
      0.7101291418075562,
      0.0016992900054901838,
      2.5317800464108586e-05,
      1.2233282177476212e-05
    ],
    [
      0.0002388769935350865,
      0.0011241436004638672,
      6.629489845977332e-09,
      0.038034625351428986,
      7.09316054781084e-07,
      0.960601270198822,
      6.937558794106735e-08,
      3.474470986475353e-07
    ],
    [
      0.21654446423053741,
      0.24204877018928528,
      5.946016585767211e-07,
      0.2558117210865021,
      0.01570042036473751,
      0.2698713541030884,
      1.578231058374513e-05,
      6.9249290390871465e-06
    ],
    [
      0.4907335340976715,
      6.047355054761283e-05,
      1.5827712559257634e-05,
      0.27541887760162354,
      0.00187571975402534,
      0.23189394176006317,
      1.2787045307049993e-06,
      2.995533918692672e-07
    ]
  ],
  "filename": "BP4_Heart_Failure__Lung_Fibrosis_I_CP_L_R72F_filtered_seg1_orig_0007.wav",
  "feature_type": "mel",
  "timestamp": "20251106_114526",
  "predicted_class": "Plueral Effusion",
  "class_probabilities": {
    "Asthma": 0.1636795997619629,
    "BRON": 0.07591969519853592,
    "COPD": 1.184438315249281e-05,
    "Healthy": 0.220902681350708,
    "Lung Fibrosis": 0.1990690529346466,
    "Plueral Effusion": 0.3194178342819214,
    "Pneumonia": 0.020313149318099022,
    "RTI": 0.0006861059810034931
  }
}