{
  "predicted_class_idx": 5,
  "confidence": 0.879499077796936,
  "all_probabilities": [
    0.11093642562627792,
    1.780582124411012e-06,
    7.549344445578754e-05,
    0.00010203141573583707,
    0.008705858141183853,
    0.879499077796936,
    0.0006603334913961589,
    1.9039083781535737e-05
  ],
  "std_probabilities": [
    0.21130038797855377,
    3.525595502651413e-06,
    0.00015072966925799847,
    0.00017306598601862788,
    0.009268135763704777,
    0.2209927886724472,
    0.0009047589846886694,
    3.7989691918483004e-05
  ],
  "fold_predictions": [
    [
      0.00857737846672535,
      1.6036397765262222e-09,
      6.631857729644253e-09,
      3.446464234002633e-07,
      0.011072168126702309,
      0.9803496599197388,
      2.3138730398386542e-07,
      1.0192587751589599e-07
    ],
    [
      0.0018529383232817054,
      1.35675762291676e-10,
      1.3162844425540499e-10,
      5.800809503853088e-07,
      0.0008060173131525517,
      0.9973405003547668,
      1.5812732456765843e-08,
      2.880596872145702e-09
    ],
    [
      0.5335086584091187,
      8.831579179968685e-06,
      0.0003769525501411408,
      0.0004451074346434325,
      0.02559782937169075,
      0.43767496943473816,
      0.0022926100064069033,
      9.501843305770308e-05
    ],
    [
      0.0034329649060964584,
      6.850179801176637e-08,
      4.999003522243584e-07,
      6.0647027567029e-05,
      0.0006142760976217687,
      0.9948830604553223,
      0.00100850616581738,
      6.654419593132843e-08
    ],
    [
      0.0073101334273815155,
      1.0909388947766274e-09,
      8.025493158925201e-09,
      3.4779138786689145e-06,
      0.005439002998173237,
      0.9872469902038574,
      3.0410200224650907e-07,
      5.641128453248712e-09
    ]
  ],
  "filename": "BP4_Heart_Failure__Lung_Fibrosis_I_CP_L_R72F_filtered_seg3_aug_add_noise-change_volume_7032ffe5.wav",
  "feature_type": "mfcc",
  "timestamp": "20251106_114705",
  "predicted_class": "Plueral Effusion",
  "class_probabilities": {
    "Asthma": 0.11093642562627792,
    "BRON": 1.780582124411012e-06,
    "COPD": 7.549344445578754e-05,
    "Healthy": 0.00010203141573583707,
    "Lung Fibrosis": 0.008705858141183853,
    "Plueral Effusion": 0.879499077796936,
    "Pneumonia": 0.0006603334913961589,
    "RTI": 1.9039083781535737e-05
  }
}