{
  "predicted_class_idx": 1,
  "confidence": 0.5076000094413757,
  "all_probabilities": [
    0.006906116846948862,
    0.5076000094413757,
    0.027689799666404724,
    0.11878597736358643,
    0.013134585693478584,
    0.0012076017446815968,
    0.07924775779247284,
    0.2454281747341156
  ],
  "std_probabilities": [
    0.013010118156671524,
    0.37915781140327454,
    0.047535207122564316,
    0.12302956730127335,
    0.022127831354737282,
    0.0023802337236702442,
    0.09846141189336777,
    0.26189517974853516
  ],
  "fold_predictions": [
    [
      9.772916200745385e-06,
      0.9595531225204468,
      4.713642192655243e-05,
      0.0005017134244553745,
      6.822957948315889e-05,
      3.658647358406597e-07,
      0.004278200212866068,
      0.035541534423828125
    ],
    [
      0.0002728250401560217,
      0.012597841210663319,
      0.009153654798865318,
      0.21495433151721954,
      0.001140484237112105,
      2.806564953061752e-05,
      0.023828227072954178,
      0.7380245923995972
    ],
    [
      0.0008222636533901095,
      0.5869455337524414,
      0.0061646196991205215,
      0.01863698847591877,
      0.006514850538223982,
      1.97431436390616e-05,
      0.2733488380908966,
      0.10754715651273727
    ],
    [
      0.032920852303504944,
      0.12712590396404266,
      0.12251320481300354,
      0.31208816170692444,
      0.05715249851346016,
      0.0059680333361029625,
      0.05358247831463814,
      0.2886488437652588
    ],
    [
      0.0005048711318522692,
      0.8517776727676392,
      0.0005703801289200783,
      0.047748666256666183,
      0.0007968614809215069,
      2.180104456783738e-05,
      0.041201021522283554,
      0.05737872049212456
    ]
  ],
  "filename": "BRON_2.wav",
  "feature_type": "concat",
  "timestamp": "20251106_144402",
  "predicted_class": "BRON",
  "class_probabilities": {
    "Asthma": 0.006906116846948862,
    "BRON": 0.5076000094413757,
    "COPD": 0.027689799666404724,
    "Healthy": 0.11878597736358643,
    "Lung Fibrosis": 0.013134585693478584,
    "Plueral Effusion": 0.0012076017446815968,
    "Pneumonia": 0.07924775779247284,
    "RTI": 0.2454281747341156
  }
}