{
  "predicted_class_idx": 0,
  "confidence": 0.3972994387149811,
  "all_probabilities": [
    0.3972994387149811,
    4.6045366616453975e-05,
    0.18515260517597198,
    0.0029176061507314444,
    0.3858995735645294,
    0.004388233181089163,
    0.024294868111610413,
    1.6870241097421967e-06
  ],
  "std_probabilities": [
    0.371204674243927,
    2.9343034839257598e-05,
    0.3681507408618927,
    0.005450618918985128,
    0.3774295747280121,
    0.008734608069062233,
    0.033788908272981644,
    1.942751168826362e-06
  ],
  "fold_predictions": [
    [
      0.9976683259010315,
      2.261657027702313e-05,
      0.001437076018191874,
      0.00020935459178872406,
      5.4506717788171954e-06,
      7.073508641042281e-07,
      0.0006563426577486098,
      2.2265410848376632e-08
    ],
    [
      0.6153501272201538,
      6.422140722861513e-05,
      0.001707322197034955,
      0.0002907525631599128,
      0.3525601625442505,
      0.0218573659658432,
      0.00816477369517088,
      5.34323862666497e-06
    ],
    [
      1.4443411373576964e-06,
      7.117171207937645e-08,
      9.741273970576003e-05,
      4.370034289991054e-08,
      0.9997687935829163,
      1.3368484097497912e-08,
      0.00013144055265001953,
      8.13312396985566e-07
    ],
    [
      0.31799837946891785,
      7.183952402556315e-05,
      0.001067952485755086,
      0.0138168940320611,
      0.5770800709724426,
      7.353172259172425e-05,
      0.0898909941315651,
      3.0838560860502184e-07
    ],
    [
      0.055478788912296295,
      7.147815631469712e-05,
      0.9214532375335693,
      0.00027098567807115614,
      8.331497519975528e-05,
      9.54863389779348e-06,
      0.022630788385868073,
      1.9479182356008096e-06
    ]
  ],
  "filename": "BP52_Lung_FibrosisCrepP_L_L76F_filtered_seg1_aug_time_stretch-time_shift-highpass_5d18e3ef.wav",
  "feature_type": "mfcc",
  "timestamp": "20251106_114819",
  "predicted_class": "Asthma",
  "class_probabilities": {
    "Asthma": 0.3972994387149811,
    "BRON": 4.6045366616453975e-05,
    "COPD": 0.18515260517597198,
    "Healthy": 0.0029176061507314444,
    "Lung Fibrosis": 0.3858995735645294,
    "Plueral Effusion": 0.004388233181089163,
    "Pneumonia": 0.024294868111610413,
    "RTI": 1.6870241097421967e-06
  }
}