{
  "predicted_class_idx": 1,
  "confidence": 0.7118420600891113,
  "all_probabilities": [
    0.00014613670646212995,
    0.7118420600891113,
    0.2850695252418518,
    0.0003315830253995955,
    3.6954872939531924e-06,
    3.335717792651849e-06,
    1.935755426529795e-05,
    0.0025843647308647633
  ],
  "std_probabilities": [
    0.0002884293207898736,
    0.3785672187805176,
    0.3739940822124481,
    0.0006370305782184005,
    4.454787813301664e-06,
    5.888794930797303e-06,
    2.922996827692259e-05,
    0.003935032989829779
  ],
  "fold_predictions": [
    [
      4.397850972281958e-08,
      0.9975149631500244,
      0.002484972355887294,
      1.2325498954801617e-10,
      2.5223694660736484e-11,
      4.600798366415082e-13,
      2.3873230059479056e-09,
      8.019786434942944e-08
    ],
    [
      3.070986664965858e-08,
      0.9469338655471802,
      0.05300300568342209,
      5.547226010094164e-06,
      5.8576745232130634e-08,
      4.3378492464718477e-10,
      4.115685570127425e-08,
      5.751676872023381e-05
    ],
    [
      0.0007229827460832894,
      0.6058416366577148,
      0.39068084955215454,
      4.1882532968884334e-05,
      7.413357252517017e-06,
      1.632502630855015e-06,
      2.0892524844384752e-05,
      0.002682751975953579
    ],
    [
      5.206038167671068e-06,
      0.013319498859345913,
      0.974789559841156,
      0.0016052925493568182,
      1.0601132089504972e-05,
      1.5045248801470734e-05,
      7.555755291832611e-05,
      0.010179227218031883
    ],
    [
      2.4200501229643123e-06,
      0.9956002235412598,
      0.004389207344502211,
      5.192627213546075e-06,
      4.043453429858346e-07,
      4.0216496799416745e-10,
      2.9415093649731716e-07,
      2.248282498840126e-06
    ]
  ],
  "filename": "201_1b1_Ar_sc_Meditron_filtered_seg2_orig_0044.wav",
  "feature_type": "concat",
  "timestamp": "20251106_112825",
  "predicted_class": "BRON",
  "class_probabilities": {
    "Asthma": 0.00014613670646212995,
    "BRON": 0.7118420600891113,
    "COPD": 0.2850695252418518,
    "Healthy": 0.0003315830253995955,
    "Lung Fibrosis": 3.6954872939531924e-06,
    "Plueral Effusion": 3.335717792651849e-06,
    "Pneumonia": 1.935755426529795e-05,
    "RTI": 0.0025843647308647633
  }
}