{
  "predicted_class_idx": 6,
  "confidence": 0.5150651931762695,
  "all_probabilities": [
    0.2173871248960495,
    0.0002804756222758442,
    0.1507105976343155,
    0.0863577127456665,
    0.011241132393479347,
    0.018617715686559677,
    0.5150651931762695,
    0.000340007187332958
  ],
  "std_probabilities": [
    0.1697591096162796,
    0.0002600128354970366,
    0.29748040437698364,
    0.10356170684099197,
    0.0200649444013834,
    0.019994009286165237,
    0.2898349463939667,
    0.0006427878397516906
  ],
  "fold_predictions": [
    [
      0.18363192677497864,
      3.250786176067777e-05,
      0.001167760812677443,
      0.29182183742523193,
      0.051326971501111984,
      0.000987974344752729,
      0.4710187315940857,
      1.2252970009285491e-05
    ],
    [
      0.01587756909430027,
      3.886601263047851e-08,
      2.381247941229958e-05,
      0.010150417685508728,
      0.00010228788596577942,
      0.012838122434914112,
      0.9610058069229126,
      1.98278894458781e-06
    ],
    [
      0.12446564435958862,
      0.000643521489109844,
      0.7456652522087097,
      0.04542936384677887,
      0.00044332724064588547,
      0.001982575049623847,
      0.07974512130022049,
      0.0016251627821475267
    ],
    [
      0.5226499438285828,
      0.0005250601680018008,
      0.0026922435499727726,
      0.038588300347328186,
      0.0027879527769982815,
      0.021668169647455215,
      0.41103845834732056,
      4.979982986696996e-05
    ],
    [
      0.24031059443950653,
      0.00020124974253121763,
      0.004003917332738638,
      0.04579867050051689,
      0.001545122591778636,
      0.055611737072467804,
      0.6525179147720337,
      1.0837713489308953e-05
    ]
  ],
  "filename": "BP4_Heart_Failure__Lung_Fibrosis_I_CP_L_R72F_filtered_seg2_aug_change_volume_146c9718.wav",
  "feature_type": "concat",
  "timestamp": "20251106_114608",
  "predicted_class": "Pneumonia",
  "class_probabilities": {
    "Asthma": 0.2173871248960495,
    "BRON": 0.0002804756222758442,
    "COPD": 0.1507105976343155,
    "Healthy": 0.0863577127456665,
    "Lung Fibrosis": 0.011241132393479347,
    "Plueral Effusion": 0.018617715686559677,
    "Pneumonia": 0.5150651931762695,
    "RTI": 0.000340007187332958
  }
}