{
  "predicted_class_idx": 6,
  "confidence": 0.4013034701347351,
  "all_probabilities": [
    0.17193493247032166,
    0.002438292372971773,
    0.000382511701900512,
    0.33859434723854065,
    0.08470488339662552,
    0.000548524665646255,
    0.4013034701347351,
    9.297690121456981e-05
  ],
  "std_probabilities": [
    0.13998068869113922,
    0.004472007043659687,
    0.00038256996776908636,
    0.24994948506355286,
    0.14038312435150146,
    0.0009935740381479263,
    0.31763002276420593,
    0.00016860647883731872
  ],
  "fold_predictions": [
    [
      0.13078701496124268,
      0.0006758261588402092,
      0.0005432339385151863,
      0.3664318025112152,
      0.3633566200733185,
      0.00016766447515692562,
      0.13801512122154236,
      2.268765092594549e-05
    ],
    [
      0.04203537851572037,
      5.815978056489257e-06,
      2.05863452720223e-05,
      0.672061026096344,
      0.0071624042466282845,
      3.3891620887516183e-07,
      0.2787140905857086,
      3.6978738648940634e-07
    ],
    [
      0.014116903766989708,
      6.052424942026846e-05,
      1.0713833944464568e-05,
      0.01534448191523552,
      0.0020355703309178352,
      2.9270347567944555e-07,
      0.9684217572212219,
      9.706105629447848e-06
    ],
    [
      0.3218225836753845,
      0.011368979699909687,
      0.0010381860192865133,
      0.1014111116528511,
      0.048170484602451324,
      0.002531882608309388,
      0.5132270455360413,
      0.000429825420724228
    ],
    [
      0.35091283917427063,
      8.031638571992517e-05,
      0.00029983845888637006,
      0.5377233624458313,
      0.00279937032610178,
      4.2444622522452846e-05,
      0.10813945531845093,
      2.2955455278861336e-06
    ]
  ],
  "filename": "BP47_asthmaE_WP_L_M60M_filtered_seg1_orig_0040.wav",
  "feature_type": "concat",
  "timestamp": "20251106_112101",
  "predicted_class": "Pneumonia",
  "class_probabilities": {
    "Asthma": 0.17193493247032166,
    "BRON": 0.002438292372971773,
    "COPD": 0.000382511701900512,
    "Healthy": 0.33859434723854065,
    "Lung Fibrosis": 0.08470488339662552,
    "Plueral Effusion": 0.000548524665646255,
    "Pneumonia": 0.4013034701347351,
    "RTI": 9.297690121456981e-05
  }
}