{
  "predicted_class_idx": 5,
  "confidence": 0.985985279083252,
  "all_probabilities": [
    0.01385440956801176,
    1.429993881174596e-05,
    7.23098582966486e-06,
    1.2904778486699797e-05,
    0.00011722834460670128,
    0.985985279083252,
    3.7684494600398466e-06,
    4.876033472100971e-06
  ],
  "std_probabilities": [
    0.012758670374751091,
    2.5160850782413036e-05,
    1.4257353541324846e-05,
    1.2003049960185308e-05,
    0.00021730331354774535,
    0.012695340439677238,
    4.110294412384974e-06,
    5.794554454041645e-06
  ],
  "fold_predictions": [
    [
      0.01668577827513218,
      6.444987957365811e-05,
      2.1018891516177973e-07,
      4.679945050156675e-06,
      3.4224180126329884e-05,
      0.983190655708313,
      8.918506864574738e-06,
      1.1132314284623135e-05
    ],
    [
      0.00026860396610572934,
      2.2085318462927717e-08,
      1.37469668981538e-09,
      7.963400094013195e-06,
      5.983110895613208e-08,
      0.9997105002403259,
      9.844720524898598e-13,
      1.2750987480103504e-05
    ],
    [
      0.03665225952863693,
      5.670657174050575e-06,
      3.574537913664244e-05,
      1.7427371858502738e-05,
      8.174562822205189e-07,
      0.9632789492607117,
      8.615547812951263e-06,
      4.967266704625217e-07
    ],
    [
      0.004020635969936848,
      1.3562996628024848e-06,
      1.152098363377263e-07,
      3.411579746170901e-05,
      0.000551039120182395,
      0.9953913688659668,
      1.308141236222582e-06,
      1.1797800236745815e-10
    ],
    [
      0.011644771322607994,
      7.763704679142336e-10,
      8.277616814211797e-08,
      3.3736895943548006e-07,
      1.125403770174671e-09,
      0.9883548021316528,
      5.093588745230804e-11,
      2.213692944230683e-11
    ]
  ],
  "filename": "BP9_AsthmaE_WP_R_L_59M_filtered_seg2_orig_0073.wav",
  "feature_type": "mfcc",
  "timestamp": "20251106_120018",
  "predicted_class": "Plueral Effusion",
  "class_probabilities": {
    "Asthma": 0.01385440956801176,
    "BRON": 1.429993881174596e-05,
    "COPD": 7.23098582966486e-06,
    "Healthy": 1.2904778486699797e-05,
    "Lung Fibrosis": 0.00011722834460670128,
    "Plueral Effusion": 0.985985279083252,
    "Pneumonia": 3.7684494600398466e-06,
    "RTI": 4.876033472100971e-06
  }
}