{
  "predicted_class_idx": 4,
  "confidence": 0.24249789118766785,
  "all_probabilities": [
    0.1553797870874405,
    0.06587675958871841,
    0.00010526036930968985,
    0.2005053460597992,
    0.24249789118766785,
    0.23516245186328888,
    0.027056675404310226,
    0.07341580092906952
  ],
  "std_probabilities": [
    0.2234772890806198,
    0.09005788713693619,
    0.00012996139412280172,
    0.12171509116888046,
    0.2592996060848236,
    0.318499892950058,
    0.03317159041762352,
    0.08671790361404419
  ],
  "fold_predictions": [
    [
      0.0193314291536808,
      0.0009263502433896065,
      8.231946412706748e-05,
      0.1301805078983307,
      0.4353892505168915,
      0.0984487533569336,
      0.0806976854801178,
      0.2349437177181244
    ],
    [
      4.003171488875523e-05,
      0.23067986965179443,
      4.943527983414242e-06,
      0.062151405960321426,
      0.6565185785293579,
      0.0002735406160354614,
      0.0022451323457062244,
      0.048086609691381454
    ],
    [
      0.018267612904310226,
      0.002684067003428936,
      1.1535464636835968e-06,
      0.12355348467826843,
      0.0017269114032387733,
      0.8537503480911255,
      1.2440706086636055e-05,
      3.965866198996082e-06
    ],
    [
      0.1500110775232315,
      0.09502408653497696,
      8.26075702207163e-05,
      0.3837643265724182,
      0.023643773049116135,
      0.2121575027704239,
      0.0514209158718586,
      0.08389565348625183
    ],
    [
      0.589248776435852,
      6.941900937817991e-05,
      0.0003552777343429625,
      0.30287712812423706,
      0.09521108120679855,
      0.011182098649442196,
      0.0009071941021829844,
      0.00014906763681210577
    ]
  ],
  "filename": "BP4_Heart_Failure__Lung_Fibrosis_I_CP_L_R72F_filtered_seg3_aug_time_stretch_4be235ce.wav",
  "feature_type": "mel",
  "timestamp": "20251106_114721",
  "predicted_class": "Lung Fibrosis",
  "class_probabilities": {
    "Asthma": 0.1553797870874405,
    "BRON": 0.06587675958871841,
    "COPD": 0.00010526036930968985,
    "Healthy": 0.2005053460597992,
    "Lung Fibrosis": 0.24249789118766785,
    "Plueral Effusion": 0.23516245186328888,
    "Pneumonia": 0.027056675404310226,
    "RTI": 0.07341580092906952
  }
}