{
  "predicted_class_idx": 2,
  "confidence": 0.4124830365180969,
  "all_probabilities": [
    0.017826909199357033,
    0.16788890957832336,
    0.4124830365180969,
    1.2034104656777345e-05,
    2.1155158180796718e-10,
    0.4017890989780426,
    2.0485361670874447e-11,
    4.473960785178477e-11
  ],
  "std_probabilities": [
    0.03455384448170662,
    0.3355540335178375,
    0.4757384657859802,
    2.4033575755311176e-05,
    4.2310174808157797e-10,
    0.4884440302848816,
    4.0816964391732213e-11,
    8.914446264496334e-11
  ],
  "fold_predictions": [
    [
      0.08691348135471344,
      0.838996946811676,
      0.07402535527944565,
      2.2185886905390362e-08,
      7.779514547053018e-17,
      6.412684160750359e-05,
      1.0211897993883667e-10,
      2.2302795721351742e-10
    ],
    [
      2.3615748432348482e-06,
      1.781322862370871e-05,
      0.9910325407981873,
      6.010124707245268e-05,
      2.7495333212914502e-15,
      0.008887074887752533,
      2.926084396483175e-13,
      6.024227883032196e-13
    ],
    [
      1.5062659453057847e-11,
      3.432181117091204e-08,
      2.3445583988796967e-14,
      3.3600033866321155e-09,
      6.11889506351631e-24,
      1.0,
      2.5439779472824684e-19,
      4.346719398941367e-15
    ],
    [
      9.4577426352771e-06,
      2.0812514309621194e-15,
      9.427352294976235e-17,
      4.07267454352947e-13,
      7.16978765549722e-25,
      0.9999905824661255,
      2.963078311424093e-24,
      1.9526544564443442e-26
    ],
    [
      0.0022092447616159916,
      0.0004297369159758091,
      0.997357189655304,
      4.3729677656756394e-08,
      1.0577551057266987e-09,
      3.818355708062882e-06,
      1.5222254405871e-14,
      6.330411184401336e-14
    ]
  ],
  "filename": "206_1b1_Pl_sc_Meditron_filtered_seg1_aug_add_noise_b508f234.wav",
  "feature_type": "mel",
  "timestamp": "20251106_112909",
  "predicted_class": "COPD",
  "class_probabilities": {
    "Asthma": 0.017826909199357033,
    "BRON": 0.16788890957832336,
    "COPD": 0.4124830365180969,
    "Healthy": 1.2034104656777345e-05,
    "Lung Fibrosis": 2.1155158180796718e-10,
    "Plueral Effusion": 0.4017890989780426,
    "Pneumonia": 2.0485361670874447e-11,
    "RTI": 4.473960785178477e-11
  }
}