{
  "predicted_class_idx": 6,
  "confidence": 0.9999361038208008,
  "all_probabilities": [
    5.344754683278552e-08,
    3.9480670466218726e-07,
    5.0296715926378965e-05,
    1.2315582353039645e-05,
    4.882392090621579e-08,
    7.994997719418251e-11,
    0.9999361038208008,
    7.486229378628195e-07
  ],
  "std_probabilities": [
    9.746377571673293e-08,
    3.722425105934235e-07,
    9.861035505309701e-05,
    2.3747556042508222e-05,
    9.761723873680239e-08,
    1.1154013129788254e-10,
    0.0001223490689881146,
    9.042165061146079e-07
  ],
  "fold_predictions": [
    [
      2.481865806203132e-07,
      5.719093678635545e-07,
      0.00024750811280682683,
      5.98064943915233e-05,
      2.440584125906753e-07,
      7.463878126667822e-11,
      0.9996914863586426,
      1.5308394551993842e-07
    ],
    [
      1.1813444848545428e-14,
      1.5903634390180199e-15,
      1.3333717463481776e-10,
      7.020524162015818e-10,
      5.008420617511585e-18,
      7.034069925573039e-19,
      1.0,
      1.4514540827917366e-12
    ],
    [
      1.2709872265759259e-08,
      3.1313075510297494e-07,
      2.799572939693462e-06,
      8.187576554519183e-07,
      2.572087855201577e-11,
      1.5356691070687878e-13,
      0.9999947547912598,
      1.2842683645430952e-06
    ],
    [
      2.4950599364359505e-09,
      1.0209940910499427e-06,
      5.047490958531853e-07,
      7.5893234452451e-07,
      3.4221001032896936e-11,
      2.962627920766181e-10,
      0.9999954700469971,
      2.2840683868707856e-06
    ],
    [
      3.846224227999073e-09,
      6.799920271305382e-08,
      6.709885838063201e-07,
      1.9303361398215202e-07,
      1.2634779290518483e-12,
      2.8694768783310565e-11,
      0.9999990463256836,
      2.1692310170351448e-08
    ]
  ],
  "filename": "135_2b2_Tc_mc_LittC2SE_filtered_seg1_aug_time_shift-pitch_shift-time_stretch_a19859e4.wav",
  "feature_type": "mel",
  "timestamp": "20251106_115047",
  "predicted_class": "Pneumonia",
  "class_probabilities": {
    "Asthma": 5.344754683278552e-08,
    "BRON": 3.9480670466218726e-07,
    "COPD": 5.0296715926378965e-05,
    "Healthy": 1.2315582353039645e-05,
    "Lung Fibrosis": 4.882392090621579e-08,
    "Plueral Effusion": 7.994997719418251e-11,
    "Pneumonia": 0.9999361038208008,
    "RTI": 7.486229378628195e-07
  }
}