{
  "predicted_class_idx": 6,
  "confidence": 0.7986969351768494,
  "all_probabilities": [
    2.2424728740588762e-07,
    0.1869540512561798,
    9.05691535990627e-07,
    0.013193150982260704,
    7.288362274815441e-11,
    1.894459273898974e-06,
    0.7986969351768494,
    0.001152814133092761
  ],
  "std_probabilities": [
    4.4574170487976517e-07,
    0.2530515193939209,
    1.7583989802005817e-06,
    0.026191486045718193,
    1.220598760953706e-10,
    3.788890353462193e-06,
    0.2614038586616516,
    0.0014188340865075588
  ],
  "fold_predictions": [
    [
      3.1362521468736304e-09,
      0.00013786711497232318,
      6.021328147198801e-08,
      1.0083269330607436e-07,
      3.161716444211038e-10,
      9.24290765452751e-12,
      0.9998598098754883,
      2.087283519358607e-06
    ],
    [
      3.369085913029757e-11,
      2.293120360263856e-08,
      3.8797303147930506e-08,
      3.5472183412821323e-07,
      1.5229217626561153e-12,
      2.335804482776413e-14,
      0.9999996423721313,
      5.924577095584027e-08
    ],
    [
      1.386304515627046e-09,
      2.1500152797671035e-05,
      3.4803664394900125e-09,
      1.2226654177993623e-07,
      1.4407698395880325e-13,
      4.394216856161946e-14,
      0.9999688863754272,
      9.535159733786713e-06
    ],
    [
      9.517368004807736e-10,
      0.6378716230392456,
      3.742979259868662e-09,
      0.00038991952897049487,
      2.2426418361254363e-11,
      4.706056724868013e-11,
      0.35914963483810425,
      0.002588733099400997
    ],
    [
      1.1157284234286635e-06,
      0.29673928022384644,
      4.422223810252035e-06,
      0.0655752569437027,
      2.415305282166269e-11,
      9.47223998082336e-06,
      0.6345067620277405,
      0.0031636557541787624
    ]
  ],
  "filename": "135_2b3_Tc_mc_LittC2SE_filtered_seg1_aug_time_stretch-highpass_9d7b9d40.wav",
  "feature_type": "mel",
  "timestamp": "20251106_115106",
  "predicted_class": "Pneumonia",
  "class_probabilities": {
    "Asthma": 2.2424728740588762e-07,
    "BRON": 0.1869540512561798,
    "COPD": 9.05691535990627e-07,
    "Healthy": 0.013193150982260704,
    "Lung Fibrosis": 7.288362274815441e-11,
    "Plueral Effusion": 1.894459273898974e-06,
    "Pneumonia": 0.7986969351768494,
    "RTI": 0.001152814133092761
  }
}