{
  "predicted_class_idx": 1,
  "confidence": 0.9647895693778992,
  "all_probabilities": [
    0.00033468042965978384,
    0.9647895693778992,
    0.010401273146271706,
    0.003096004482358694,
    0.0001671778445597738,
    2.464606268404168e-06,
    0.004507694859057665,
    0.01670110411942005
  ],
  "std_probabilities": [
    0.0003747577138710767,
    0.059690769761800766,
    0.017666002735495567,
    0.004649489186704159,
    0.00023979162506293505,
    4.902749878965551e-06,
    0.008750437758862972,
    0.028283365070819855
  ],
  "fold_predictions": [
    [
      0.0001978579384740442,
      0.9927768707275391,
      0.005688351113349199,
      0.0010621817782521248,
      2.1966577605780913e-06,
      2.5815284132590932e-08,
      6.829312042100355e-06,
      0.00026558153331279755
    ],
    [
      0.0003693850594572723,
      0.9991224408149719,
      3.6027176975039765e-05,
      0.00039436016231775284,
      7.697643741266802e-05,
      7.966710624529583e-10,
      4.264991275704233e-07,
      3.7954785625515797e-07
    ],
    [
      5.502887870534323e-05,
      0.9864361882209778,
      0.000758709735237062,
      0.0016539456555619836,
      0.00011853567411890253,
      2.1206691513953047e-08,
      0.00048524761223234236,
      0.010492369532585144
    ],
    [
      0.0010409353999421,
      0.8458025455474854,
      0.045480046421289444,
      0.012328585609793663,
      0.0006381703424267471,
      1.227008760906756e-05,
      0.02200477570295334,
      0.07269260287284851
    ],
    [
      1.019483806885546e-05,
      0.9998098015785217,
      4.322841050452553e-05,
      4.095067561138421e-05,
      1.0101758540770334e-08,
      5.12530151652868e-09,
      4.119517689105123e-05,
      5.458021041704342e-05
    ]
  ],
  "filename": "215_1b2_Ar_sc_Meditron_filtered_seg2_orig_0065.wav",
  "feature_type": "mfcc",
  "timestamp": "20251106_112920",
  "predicted_class": "BRON",
  "class_probabilities": {
    "Asthma": 0.00033468042965978384,
    "BRON": 0.9647895693778992,
    "COPD": 0.010401273146271706,
    "Healthy": 0.003096004482358694,
    "Lung Fibrosis": 0.0001671778445597738,
    "Plueral Effusion": 2.464606268404168e-06,
    "Pneumonia": 0.004507694859057665,
    "RTI": 0.01670110411942005
  }
}