{
  "predicted_class_idx": 3,
  "confidence": 0.2978202998638153,
  "all_probabilities": [
    0.2302463799715042,
    0.04567088931798935,
    0.005110972095280886,
    0.2978202998638153,
    0.2445785105228424,
    0.012598621658980846,
    0.15497934818267822,
    0.00899500958621502
  ],
  "std_probabilities": [
    0.1519884616136551,
    0.06778158992528915,
    0.008614306338131428,
    0.11100084334611893,
    0.119636669754982,
    0.016617463901638985,
    0.16119232773780823,
    0.005907923448830843
  ],
  "fold_predictions": [
    [
      0.4457422196865082,
      0.0037096752785146236,
      1.5179300135059748e-05,
      0.34606069326400757,
      0.11294403672218323,
      0.044924505054950714,
      0.02712634578347206,
      0.01947728730738163
    ],
    [
      0.2435639202594757,
      0.012733661569654942,
      0.0008153464877977967,
      0.3323829472064972,
      0.3187642991542816,
      0.0007440428016707301,
      0.08737848699092865,
      0.003617291571572423
    ],
    [
      0.06430302560329437,
      0.1809302270412445,
      0.0012883798917755485,
      0.16031306982040405,
      0.1259467452764511,
      0.005373005289584398,
      0.45030677318573,
      0.011538817547261715
    ],
    [
      0.058502502739429474,
      0.017647823318839073,
      0.0011185765033587813,
      0.4624307155609131,
      0.4304906725883484,
      0.011232839897274971,
      0.013410366140305996,
      0.005166490096598864
    ],
    [
      0.33912020921707153,
      0.013333049602806568,
      0.022317377850413322,
      0.18791398406028748,
      0.2347467839717865,
      0.0007187165901996195,
      0.19667474925518036,
      0.0051751588471233845
    ]
  ],
  "filename": "BP56_asthmaE_WP_R_M56F_filtered_seg2_orig_0045.wav",
  "feature_type": "mfcc",
  "timestamp": "20251106_112405",
  "predicted_class": "Healthy",
  "class_probabilities": {
    "Asthma": 0.2302463799715042,
    "BRON": 0.04567088931798935,
    "COPD": 0.005110972095280886,
    "Healthy": 0.2978202998638153,
    "Lung Fibrosis": 0.2445785105228424,
    "Plueral Effusion": 0.012598621658980846,
    "Pneumonia": 0.15497934818267822,
    "RTI": 0.00899500958621502
  }
}