{
  "predicted_class_idx": 5,
  "confidence": 0.909336268901825,
  "all_probabilities": [
    0.09001965820789337,
    9.451621776901398e-12,
    0.0005918749375268817,
    5.207035064813681e-05,
    1.2034504948132962e-07,
    0.909336268901825,
    2.6284962637434163e-17,
    7.663107344860198e-13
  ],
  "std_probabilities": [
    0.18003931641578674,
    1.889191407478119e-11,
    0.0011837498750537634,
    0.00010414068674435839,
    2.4069009896265925e-07,
    0.18132741749286652,
    4.120387139707114e-17,
    1.5323931359945142e-12
  ],
  "fold_predictions": [
    [
      8.320244049286885e-09,
      2.266623405622597e-14,
      3.955184094193813e-14,
      2.3050408803904077e-11,
      8.56245952568018e-17,
      1.0,
      2.504884047364717e-17,
      4.567326059559315e-16
    ],
    [
      8.56721219399471e-21,
      9.373318485059994e-34,
      4.55688115002666e-25,
      1.1885623686280235e-23,
      1.5950928318719215e-27,
      1.0,
      0.0,
      3.799160272975201e-33
    ],
    [
      7.73923224446364e-23,
      4.385053252984716e-32,
      0.0,
      5.3666557439212125e-25,
      0.0,
      1.0,
      1.5141349403079515e-38,
      1.792625762597119e-33
    ],
    [
      1.078367395379587e-09,
      6.126017104154951e-32,
      2.8757158381567227e-29,
      9.876684702297273e-14,
      5.582720505733882e-24,
      1.0,
      6.673086422681753e-38,
      0.0
    ],
    [
      0.45009827613830566,
      4.723544472229335e-11,
      0.0029593745712190866,
      0.0002603517204988748,
      6.017252758283576e-07,
      0.5466814637184143,
      1.0637596940480119e-16,
      3.831096898054831e-12
    ]
  ],
  "filename": "BP46_asthmaE_WP_L_U41F_filtered_seg2_aug_add_noise_f4e08001.wav",
  "feature_type": "mel",
  "timestamp": "20251106_112046",
  "predicted_class": "Plueral Effusion",
  "class_probabilities": {
    "Asthma": 0.09001965820789337,
    "BRON": 9.451621776901398e-12,
    "COPD": 0.0005918749375268817,
    "Healthy": 5.207035064813681e-05,
    "Lung Fibrosis": 1.2034504948132962e-07,
    "Plueral Effusion": 0.909336268901825,
    "Pneumonia": 2.6284962637434163e-17,
    "RTI": 7.663107344860198e-13
  }
}