{
  "predicted_class_idx": 0,
  "confidence": 0.3620268702507019,
  "all_probabilities": [
    0.3620268702507019,
    3.6168152291793376e-05,
    0.0030372217297554016,
    0.0023821478243917227,
    0.20321384072303772,
    0.1211150735616684,
    0.3081871569156647,
    1.4796056575505645e-06
  ],
  "std_probabilities": [
    0.3450019359588623,
    4.445456579560414e-05,
    0.004253670107573271,
    0.004574362654238939,
    0.39158549904823303,
    0.2410895973443985,
    0.3773806095123291,
    2.77109825219668e-06
  ],
  "fold_predictions": [
    [
      0.9983951449394226,
      1.034216347761685e-05,
      0.0012945982161909342,
      0.00013154579210095108,
      6.457878498622449e-08,
      1.0345154954904956e-08,
      0.00016824805061332881,
      1.823991957472515e-09
    ],
    [
      0.38603293895721436,
      2.5431720132473856e-05,
      7.112640741979703e-05,
      1.9020664694835432e-05,
      0.009603695943951607,
      0.6032921075820923,
      0.0009554160060361028,
      2.1754621570835297e-07
    ],
    [
      0.005483819171786308,
      1.954919753188733e-05,
      0.0009447985212318599,
      9.350437176181003e-05,
      0.9862430691719055,
      4.6378383558476344e-05,
      0.007161848712712526,
      7.019144504738506e-06
    ],
    [
      0.11980310082435608,
      1.8964130958920578e-06,
      0.0013817029539495707,
      0.011530487798154354,
      0.020193275064229965,
      0.0019716268870979548,
      0.8451176881790161,
      1.5928050345337397e-07
    ],
    [
      0.30041933059692383,
      0.00012362127017695457,
      0.011493883095681667,
      0.00013618053344544023,
      2.9107015507179312e-05,
      0.0002653229748830199,
      0.6875326037406921,
      2.328824078023928e-10
    ]
  ],
  "filename": "ASMA_11.wav",
  "feature_type": "mfcc",
  "timestamp": "20251106_144045",
  "predicted_class": "Asthma",
  "class_probabilities": {
    "Asthma": 0.3620268702507019,
    "BRON": 3.6168152291793376e-05,
    "COPD": 0.0030372217297554016,
    "Healthy": 0.0023821478243917227,
    "Lung Fibrosis": 0.20321384072303772,
    "Plueral Effusion": 0.1211150735616684,
    "Pneumonia": 0.3081871569156647,
    "RTI": 1.4796056575505645e-06
  }
}