{
  "predicted_class_idx": 0,
  "confidence": 0.5161628723144531,
  "all_probabilities": [
    0.5161628723144531,
    5.795874585601268e-06,
    2.7646410671877675e-07,
    9.270343070966192e-07,
    0.05259701609611511,
    0.43123307824134827,
    6.795360385503102e-10,
    7.20508791518526e-11
  ],
  "std_probabilities": [
    0.36093324422836304,
    1.1589460882532876e-05,
    5.519732440006919e-07,
    1.1101634527221904e-06,
    0.0930497795343399,
    0.4078526496887207,
    8.960669983792968e-10,
    8.385638711194687e-11
  ],
  "fold_predictions": [
    [
      0.04632371664047241,
      6.619371717420108e-10,
      5.3201307942396525e-11,
      1.608583960477361e-10,
      5.9828539633599576e-06,
      0.95367032289505,
      1.4865510211681254e-10,
      2.0798247846176565e-10
    ],
    [
      0.9144152998924255,
      1.222953335822119e-11,
      3.4003647120250946e-10,
      2.2841038571641548e-06,
      0.025260409340262413,
      0.060321975499391556,
      3.1440738901267196e-10,
      2.4997579960855942e-12
    ],
    [
      0.11568497121334076,
      2.897479680541437e-05,
      1.5172145761965794e-09,
      2.2890706077305367e-06,
      4.540669033303857e-05,
      0.8842383027076721,
      4.933515818095202e-10,
      1.7273430949482638e-11
    ],
    [
      0.7420677542686462,
      1.3780234548940729e-12,
      1.4255306157240962e-15,
      1.6920681744636568e-08,
      6.589473287021974e-06,
      0.2579255998134613,
      1.228105074232988e-13,
      4.268692841422669e-15
    ],
    [
      0.7623226046562195,
      3.899477629687453e-09,
      1.380410026285972e-06,
      4.4915793750988087e-08,
      0.23766668140888214,
      9.214269084623083e-06,
      2.4411432875126593e-09,
      1.3249444597018822e-10
    ]
  ],
  "filename": "BP4_Heart_Failure__Lung_Fibrosis_I_CP_L_R72F_filtered_seg2_aug_highpass-time_shift-lowpass_58f91d6d.wav",
  "feature_type": "mel",
  "timestamp": "20251106_114639",
  "predicted_class": "Asthma",
  "class_probabilities": {
    "Asthma": 0.5161628723144531,
    "BRON": 5.795874585601268e-06,
    "COPD": 2.7646410671877675e-07,
    "Healthy": 9.270343070966192e-07,
    "Lung Fibrosis": 0.05259701609611511,
    "Plueral Effusion": 0.43123307824134827,
    "Pneumonia": 6.795360385503102e-10,
    "RTI": 7.20508791518526e-11
  }
}