{
  "predicted_class_idx": 6,
  "confidence": 0.9994961619377136,
  "all_probabilities": [
    7.622310249644215e-07,
    2.0399666027515195e-05,
    0.00011179458670085296,
    0.00015499952132813632,
    2.6005636755144224e-05,
    6.7642047518745585e-09,
    0.9994961619377136,
    0.00018989728414453566
  ],
  "std_probabilities": [
    1.4717386420670664e-06,
    3.8937898352742195e-05,
    0.000139704454340972,
    0.00028324269806034863,
    5.20104804309085e-05,
    1.3217834826662056e-08,
    0.0005365284159779549,
    0.0003350706829223782
  ],
  "fold_predictions": [
    [
      3.705384642671561e-06,
      3.3712919957906706e-06,
      0.00033292139414697886,
      0.0007201341795735061,
      0.00013002660125494003,
      3.3197814275354176e-08,
      0.9987205266952515,
      8.945302397478372e-05
    ],
    [
      4.4976401075702555e-12,
      1.6498364089831408e-13,
      4.0526451527966856e-08,
      3.989305241702823e-08,
      1.8808453414658833e-15,
      6.2061832994779464e-15,
      0.9999998807907104,
      8.408943541482472e-10
    ],
    [
      3.2089118917610904e-08,
      9.823482105275616e-05,
      3.5459615901345387e-06,
      5.155372491572052e-05,
      8.2761336672732e-10,
      3.4058644793333315e-11,
      0.9989901185035706,
      0.0008565358584746718
    ],
    [
      1.0053406107601859e-08,
      1.3318300773335068e-07,
      5.92935521126492e-07,
      1.6410241414632765e-06,
      1.029299648985793e-11,
      1.2354525735780442e-10,
      0.9999974966049194,
      1.608940891628663e-07
    ],
    [
      6.362341764543089e-08,
      2.5903099754032155e-07,
      0.00022187212016433477,
      1.6288428241750808e-06,
      7.436707361030415e-10,
      4.655956453714083e-10,
      0.999772846698761,
      3.3358444397890707e-06
    ]
  ],
  "filename": "135_2b1_Tc_mc_LittC2SE_filtered_seg2_orig_0025.wav",
  "feature_type": "mel",
  "timestamp": "20251106_115040",
  "predicted_class": "Pneumonia",
  "class_probabilities": {
    "Asthma": 7.622310249644215e-07,
    "BRON": 2.0399666027515195e-05,
    "COPD": 0.00011179458670085296,
    "Healthy": 0.00015499952132813632,
    "Lung Fibrosis": 2.6005636755144224e-05,
    "Plueral Effusion": 6.7642047518745585e-09,
    "Pneumonia": 0.9994961619377136,
    "RTI": 0.00018989728414453566
  }
}