{
  "predicted_class_idx": 2,
  "confidence": 0.9994929432868958,
  "all_probabilities": [
    0.00013279999257065356,
    1.9170987798133865e-05,
    0.9994929432868958,
    0.00015285381232388318,
    2.8347869829303818e-06,
    2.07004859476001e-06,
    0.00017126619059126824,
    2.601848609629087e-05
  ],
  "std_probabilities": [
    0.00019810059166047722,
    3.745068534044549e-05,
    0.0005677374429069459,
    0.00026109570171684027,
    5.463443358166842e-06,
    3.764069333556108e-06,
    0.0002676850708667189,
    4.4677482947008684e-05
  ],
  "fold_predictions": [
    [
      0.0001286542392335832,
      9.108395981893835e-11,
      0.999849796295166,
      2.990939265146153e-07,
      6.866896740120865e-08,
      3.162745372264908e-07,
      2.0357996618258767e-05,
      5.017716375732562e-07
    ],
    [
      2.8132523866020165e-08,
      9.070067288376171e-13,
      0.9999997615814209,
      2.46442255047441e-07,
      2.272502852562752e-09,
      2.1348186076981107e-13,
      4.093812577821154e-08,
      5.7642030037996506e-11
    ],
    [
      1.8484307418020762e-09,
      1.0599601925342927e-11,
      0.9999979734420776,
      4.828035571335931e-08,
      5.72812387800159e-11,
      1.627272128894644e-13,
      2.0254967694199877e-06,
      2.2642198879707642e-11
    ],
    [
      1.809321838663891e-05,
      9.405944729223847e-05,
      0.9989429116249084,
      0.0006700009689666331,
      1.3758740351477172e-05,
      9.590074114385061e-06,
      0.000136936767376028,
      0.00011463546252343804
    ],
    [
      0.0005172225064598024,
      1.7953848328033928e-06,
      0.9986745119094849,
      9.367426537210122e-05,
      3.441954845584405e-07,
      4.438945495621738e-07,
      0.0006969697424210608,
      1.4955113329051528e-05
    ]
  ],
  "filename": "COPD_10.wav",
  "feature_type": "concat",
  "timestamp": "20251106_144218",
  "predicted_class": "COPD",
  "class_probabilities": {
    "Asthma": 0.00013279999257065356,
    "BRON": 1.9170987798133865e-05,
    "COPD": 0.9994929432868958,
    "Healthy": 0.00015285381232388318,
    "Lung Fibrosis": 2.8347869829303818e-06,
    "Plueral Effusion": 2.07004859476001e-06,
    "Pneumonia": 0.00017126619059126824,
    "RTI": 2.601848609629087e-05
  }
}