{
  "predicted_class_idx": 0,
  "confidence": 0.9414335489273071,
  "all_probabilities": [
    0.9414335489273071,
    6.43942184979096e-05,
    0.0005397168570198119,
    0.0031429980881512165,
    0.002134168753400445,
    0.051979005336761475,
    0.000704611768014729,
    1.568296511322842e-06
  ],
  "std_probabilities": [
    0.10433931648731232,
    0.0001272547378903255,
    0.0009770155884325504,
    0.006263956893235445,
    0.004268313758075237,
    0.09156478941440582,
    0.0012055831030011177,
    3.0122946554911323e-06
  ],
  "fold_predictions": [
    [
      0.9999998807907104,
      5.95901637496371e-13,
      1.0062642985531056e-07,
      2.3003560861711847e-13,
      2.670810100857679e-11,
      3.4715752494918206e-10,
      8.581679811214826e-11,
      1.3080594550227143e-12
    ],
    [
      0.999970555305481,
      2.4367408590041106e-13,
      5.372006057768886e-07,
      2.8049584216205403e-05,
      2.1755284240754236e-09,
      7.12997177743091e-07,
      1.107126479382714e-07,
      1.3779822552115184e-12
    ],
    [
      0.9989891648292542,
      1.5497947458698036e-07,
      0.0002081815619021654,
      9.093433561702113e-09,
      1.1808564792659126e-08,
      0.0005360524519346654,
      0.00026644484023563564,
      3.0319629473751775e-08
    ],
    [
      0.7336645722389221,
      0.0003188939590472728,
      0.0024871514178812504,
      0.0156708937138319,
      0.010670796036720276,
      0.23407261073589325,
      0.0031074644066393375,
      7.590640052512754e-06
    ],
    [
      0.9745434522628784,
      2.9221594104456017e-06,
      2.6136228825635044e-06,
      1.6036572560551576e-05,
      3.335050635655534e-08,
      0.025285640731453896,
      0.00014903880946803838,
      2.2052053338939004e-07
    ]
  ],
  "filename": "BP36_pneumoniaCrepP_R_M36F_filtered_seg2_aug_add_noise_1055dff5.wav",
  "feature_type": "concat",
  "timestamp": "20251106_115208",
  "predicted_class": "Asthma",
  "class_probabilities": {
    "Asthma": 0.9414335489273071,
    "BRON": 6.43942184979096e-05,
    "COPD": 0.0005397168570198119,
    "Healthy": 0.0031429980881512165,
    "Lung Fibrosis": 0.002134168753400445,
    "Plueral Effusion": 0.051979005336761475,
    "Pneumonia": 0.000704611768014729,
    "RTI": 1.568296511322842e-06
  }
}