{
  "predicted_class_idx": 5,
  "confidence": 0.6743115782737732,
  "all_probabilities": [
    0.016893582418560982,
    0.00033883313881233335,
    9.533559205010533e-05,
    0.0002727163373492658,
    0.3067454397678375,
    0.6743115782737732,
    0.001335430657491088,
    7.081827789079398e-06
  ],
  "std_probabilities": [
    0.02252318523824215,
    0.000667985063046217,
    0.00019059103215113282,
    0.0005037008668296039,
    0.3525186777114868,
    0.3649405539035797,
    0.0026665173936635256,
    8.68141432874836e-06
  ],
  "fold_predictions": [
    [
      0.016420846804976463,
      3.2239231018138526e-07,
      1.4879400822565003e-08,
      7.504682344006142e-06,
      0.06388473510742188,
      0.9196794629096985,
      1.646638338570483e-06,
      5.493361186381662e-06
    ],
    [
      0.0032267856877297163,
      1.3406067367327523e-08,
      1.2892101608485973e-07,
      3.7545058148680255e-05,
      0.004820899572223425,
      0.9919145107269287,
      5.679705950001335e-08,
      3.910508894477971e-08
    ],
    [
      0.0033159430604428053,
      1.9105395040242e-05,
      1.6460152352237856e-08,
      3.881357770296745e-05,
      0.8180509209632874,
      0.17856213450431824,
      6.865288014523685e-06,
      6.246100383577868e-06
    ],
    [
      0.06059334799647331,
      0.0016747221816331148,
      0.000476517656352371,
      0.0012796372175216675,
      0.6469151377677917,
      0.282368540763855,
      0.006668462883681059,
      2.3630569558008574e-05
    ],
    [
      0.0009109894745051861,
      2.260993614555673e-09,
      2.6503641295527736e-11,
      8.111293681167808e-08,
      5.5605625675525516e-05,
      0.9990332126617432,
      1.2183265596377169e-07,
      2.0358237665107914e-12
    ]
  ],
  "filename": "BP4_Heart_Failure__Lung_Fibrosis_I_CP_L_R72F_filtered_seg3_aug_add_noise-change_volume_7032ffe5.wav",
  "feature_type": "concat",
  "timestamp": "20251106_114708",
  "predicted_class": "Plueral Effusion",
  "class_probabilities": {
    "Asthma": 0.016893582418560982,
    "BRON": 0.00033883313881233335,
    "COPD": 9.533559205010533e-05,
    "Healthy": 0.0002727163373492658,
    "Lung Fibrosis": 0.3067454397678375,
    "Plueral Effusion": 0.6743115782737732,
    "Pneumonia": 0.001335430657491088,
    "RTI": 7.081827789079398e-06
  }
}