{
  "predicted_class_idx": 2,
  "confidence": 0.974897027015686,
  "all_probabilities": [
    1.8240909867017763e-06,
    3.2769760309747653e-06,
    0.974897027015686,
    0.0003768695460166782,
    0.0008098292164504528,
    8.10742847079382e-07,
    2.1998696411174024e-06,
    0.023908182978630066
  ],
  "std_probabilities": [
    2.827520575010567e-06,
    4.951202754455153e-06,
    0.04947677254676819,
    0.00046160377678461373,
    0.0015287775313481688,
    1.2860756442023558e-06,
    2.8380920866766246e-06,
    0.04768062382936478
  ],
  "fold_predictions": [
    [
      1.1093414968854631e-06,
      1.1818748362202314e-06,
      0.9998496770858765,
      2.472374944773037e-06,
      2.5080288423851016e-07,
      2.9566219694743268e-08,
      1.8724510830736563e-09,
      0.0001452349533792585
    ],
    [
      5.222558456807747e-07,
      1.4504712986251889e-08,
      0.9999748468399048,
      2.3577399588248227e-08,
      2.4076649424387142e-05,
      2.2599867577355326e-07,
      1.549701167391504e-08,
      2.3617829469912976e-07
    ],
    [
      7.423260285577271e-06,
      1.304988927586237e-05,
      0.8759465217590332,
      0.0008911329205147922,
      0.003865104168653488,
      3.3691717362671625e-06,
      4.035140591440722e-06,
      0.11926936358213425
    ],
    [
      4.9533472434859505e-08,
      2.137345745722996e-06,
      0.9988872408866882,
      0.0009906662162393332,
      6.206419698173704e-07,
      3.956677119276719e-08,
      6.941781521163648e-06,
      0.00011229803931200877
    ],
    [
      1.6063411933942007e-08,
      1.2656062864380146e-09,
      0.9998267292976379,
      5.2644988812744486e-08,
      0.00015909386274870485,
      3.894109852353722e-07,
      5.055444063373216e-09,
      1.378217257297365e-05
    ]
  ],
  "filename": "193_7b3_Pr_mc_AKGC417L_filtered_seg1_copy_0198.wav",
  "feature_type": "mel",
  "timestamp": "20251106_113856",
  "predicted_class": "COPD",
  "class_probabilities": {
    "Asthma": 1.8240909867017763e-06,
    "BRON": 3.2769760309747653e-06,
    "COPD": 0.974897027015686,
    "Healthy": 0.0003768695460166782,
    "Lung Fibrosis": 0.0008098292164504528,
    "Plueral Effusion": 8.10742847079382e-07,
    "Pneumonia": 2.1998696411174024e-06,
    "RTI": 0.023908182978630066
  }
}