{
  "predicted_class_idx": 5,
  "confidence": 0.40109720826148987,
  "all_probabilities": [
    0.39332646131515503,
    0.0014783372171223164,
    0.0024391054175794125,
    5.515630618901923e-08,
    0.20165884494781494,
    0.40109720826148987,
    2.9748598029399886e-10,
    1.2395244830543106e-08
  ],
  "std_probabilities": [
    0.45117369294166565,
    0.0029562495183199644,
    0.0048700557090342045,
    1.1028876656382636e-07,
    0.3991834819316864,
    0.4554259777069092,
    5.477757691885188e-10,
    2.4790420383169476e-08
  ],
  "fold_predictions": [
    [
      0.9092201590538025,
      3.334752265993224e-11,
      7.892891201732866e-12,
      3.651495078527134e-11,
      1.228590576829447e-06,
      0.09077858179807663,
      9.675781009743645e-11,
      4.854580872357258e-15
    ],
    [
      0.056292399764060974,
      4.110935983986375e-12,
      6.374965000333077e-09,
      5.2114896599564364e-12,
      3.4534639592465055e-09,
      0.9437075853347778,
      1.9775103592394733e-13,
      1.231297643055143e-13
    ],
    [
      0.020796038210392,
      8.499081332047353e-07,
      1.6313088053721003e-05,
      2.7573383931667195e-07,
      0.008293045684695244,
      0.970893383026123,
      1.390474291262933e-09,
      6.197608826141732e-08
    ],
    [
      1.0788379911641499e-10,
      3.256004428394452e-21,
      6.016613725992408e-16,
      4.435698092468063e-15,
      1.0,
      6.598222836162737e-12,
      1.0330106929813598e-24,
      1.419976943285576e-35
    ],
    [
      0.9803236722946167,
      0.007390836253762245,
      0.012179207988083363,
      5.966117790773273e-12,
      4.2467136474044764e-09,
      0.00010630296310409904,
      8.20369607389266e-17,
      8.703963182252368e-15
    ]
  ],
  "filename": "BP105_Lung_FibrosisCrepA_U_R44M_filtered_seg3_aug_change_volume-add_noise-highpass_bec1ceb9.wav",
  "feature_type": "mfcc",
  "timestamp": "20251106_120312",
  "predicted_class": "Plueral Effusion",
  "class_probabilities": {
    "Asthma": 0.39332646131515503,
    "BRON": 0.0014783372171223164,
    "COPD": 0.0024391054175794125,
    "Healthy": 5.515630618901923e-08,
    "Lung Fibrosis": 0.20165884494781494,
    "Plueral Effusion": 0.40109720826148987,
    "Pneumonia": 2.9748598029399886e-10,
    "RTI": 1.2395244830543106e-08
  }
}