{
  "predicted_class_idx": 7,
  "confidence": 0.8225844502449036,
  "all_probabilities": [
    0.028163978829979897,
    0.0031169159337878227,
    0.04602069407701492,
    0.07944653183221817,
    0.015061530284583569,
    0.004842723719775677,
    0.0007631559856235981,
    0.8225844502449036
  ],
  "std_probabilities": [
    0.04724014550447464,
    0.0058708954602479935,
    0.0898359939455986,
    0.14927048981189728,
    0.029560353606939316,
    0.009440495632588863,
    0.0013768787030130625,
    0.3250541687011719
  ],
  "fold_predictions": [
    [
      0.0192160252481699,
      0.014855817891657352,
      0.002621452324092388,
      0.007068851962685585,
      0.0007839062018319964,
      0.00047130396706052125,
      0.00016123974637594074,
      0.9548212885856628
    ],
    [
      3.693328471854329e-05,
      1.62693226002375e-07,
      0.00023106341541279107,
      1.4863963770039845e-05,
      9.583621931597008e-07,
      1.0014038707595319e-05,
      3.000140225140058e-08,
      0.999705970287323
    ],
    [
      3.54065286956029e-06,
      8.275830623460934e-05,
      0.0011624244507402182,
      0.0006301596877165139,
      6.968479283386841e-06,
      7.938710950838868e-06,
      6.593586022063391e-06,
      0.9980997443199158
    ],
    [
      9.347956802230328e-05,
      0.0003558930184226483,
      0.00040377912227995694,
      0.011655114591121674,
      0.0003363517171237618,
      4.069518126925686e-06,
      0.0001340883318334818,
      0.9870172142982483
    ],
    [
      0.12146991491317749,
      0.0002899476676248014,
      0.2256847620010376,
      0.37786364555358887,
      0.07417947053909302,
      0.02372029237449169,
      0.0035138283856213093,
      0.17327815294265747
    ]
  ],
  "filename": "190_1b1_Tc_sc_Meditron_filtered_seg2_aug_highpass-lowpass-change_volume_3dd38e03.wav",
  "feature_type": "mel",
  "timestamp": "20251106_115520",
  "predicted_class": "RTI",
  "class_probabilities": {
    "Asthma": 0.028163978829979897,
    "BRON": 0.0031169159337878227,
    "COPD": 0.04602069407701492,
    "Healthy": 0.07944653183221817,
    "Lung Fibrosis": 0.015061530284583569,
    "Plueral Effusion": 0.004842723719775677,
    "Pneumonia": 0.0007631559856235981,
    "RTI": 0.8225844502449036
  }
}