{
  "predicted_class_idx": 5,
  "confidence": 0.4223514199256897,
  "all_probabilities": [
    0.22313742339611053,
    0.08631015568971634,
    5.847752504450909e-07,
    0.26803505420684814,
    1.0719872079789639e-05,
    0.4223514199256897,
    0.0001525643892819062,
    2.0700831555586774e-06
  ],
  "std_probabilities": [
    0.203678697347641,
    0.12391983717679977,
    1.1332756457704818e-06,
    0.20560809969902039,
    1.9516446627676487e-05,
    0.3289048373699188,
    0.00030470709316432476,
    4.132591129746288e-06
  ],
  "fold_predictions": [
    [
      0.20102953910827637,
      0.11347462981939316,
      2.850801138265524e-06,
      0.4520433247089386,
      4.966746564605273e-05,
      0.2326277494430542,
      0.0007619782700203359,
      1.0335257684346288e-05
    ],
    [
      0.004008625168353319,
      0.3180429935455322,
      1.0325067467675808e-09,
      0.19649234414100647,
      4.743369572679512e-07,
      0.4814554452896118,
      2.0512327836286204e-08,
      1.4618259491783192e-08
    ],
    [
      6.398800906026736e-06,
      2.96018388326047e-05,
      1.70412989275448e-11,
      0.0003528319939505309,
      1.2542359512091039e-11,
      0.9996111989021301,
      1.809817053166629e-11,
      1.9170257048450878e-10
    ],
    [
      0.48094063997268677,
      2.393090933749953e-11,
      6.716014411267679e-09,
      0.13505350053310394,
      3.1676962078787743e-14,
      0.3840058147907257,
      5.531704538874749e-10,
      6.411416841498822e-15
    ],
    [
      0.4297019839286804,
      3.561323183021159e-06,
      6.530969898221883e-08,
      0.5562332272529602,
      3.457544380580657e-06,
      0.014056972227990627,
      8.22604306449648e-07,
      3.4779823465669324e-10
    ]
  ],
  "filename": "BP49_NNP_R_M21M_filtered_seg1_orig_0089.wav",
  "feature_type": "mel",
  "timestamp": "20251106_114315",
  "predicted_class": "Plueral Effusion",
  "class_probabilities": {
    "Asthma": 0.22313742339611053,
    "BRON": 0.08631015568971634,
    "COPD": 5.847752504450909e-07,
    "Healthy": 0.26803505420684814,
    "Lung Fibrosis": 1.0719872079789639e-05,
    "Plueral Effusion": 0.4223514199256897,
    "Pneumonia": 0.0001525643892819062,
    "RTI": 2.0700831555586774e-06
  }
}