{
  "predicted_class_idx": 5,
  "confidence": 0.6870851516723633,
  "all_probabilities": [
    0.14647457003593445,
    7.40410399657776e-09,
    4.365067979961168e-06,
    5.209545633988455e-06,
    0.16643069684505463,
    0.6870851516723633,
    4.861145708190406e-09,
    1.0400851291336721e-09
  ],
  "std_probabilities": [
    0.1979556828737259,
    1.1530434385065291e-08,
    8.663651897222735e-06,
    7.876104973547626e-06,
    0.3292735815048218,
    0.39674583077430725,
    5.610961917312807e-09,
    1.4844795392932042e-09
  ],
  "fold_predictions": [
    [
      0.037091903388500214,
      6.822913345416737e-09,
      4.0121872046938734e-08,
      5.287810722620634e-08,
      0.0019936892203986645,
      0.9609143137931824,
      9.544751655710115e-09,
      3.1200758643379345e-10
    ],
    [
      0.5210694074630737,
      2.4611009410979712e-11,
      9.127472822001437e-08,
      7.69857763316395e-07,
      0.005106850527226925,
      0.47382283210754395,
      1.3551390232180438e-08,
      1.0724503696126625e-13
    ],
    [
      4.343265754869208e-05,
      2.986994829257128e-08,
      1.699848262148862e-09,
      2.058655627479311e-05,
      8.546124445274472e-05,
      0.9998505115509033,
      8.217514446684504e-10,
      3.924382152575845e-09
    ],
    [
      4.9951380788115785e-05,
      7.677120836875284e-17,
      2.8144559780223812e-18,
      5.924878809793199e-09,
      8.303202037041046e-08,
      0.9999499320983887,
      4.370941470738406e-16,
      1.4813612596766884e-18
    ],
    [
      0.17411817610263824,
      3.0304755926913174e-10,
      2.1692243535653688e-05,
      4.63251126348041e-06,
      0.8249674439430237,
      0.0008880157256498933,
      3.878359300379941e-10,
      9.639284925810898e-10
    ]
  ],
  "filename": "BP4_Heart_Failure__Lung_Fibrosis_I_CP_L_R72F_filtered_seg2_aug_change_volume-lowpass-highpass_ddf471c5.wav",
  "feature_type": "mel",
  "timestamp": "20251106_114618",
  "predicted_class": "Plueral Effusion",
  "class_probabilities": {
    "Asthma": 0.14647457003593445,
    "BRON": 7.40410399657776e-09,
    "COPD": 4.365067979961168e-06,
    "Healthy": 5.209545633988455e-06,
    "Lung Fibrosis": 0.16643069684505463,
    "Plueral Effusion": 0.6870851516723633,
    "Pneumonia": 4.861145708190406e-09,
    "RTI": 1.0400851291336721e-09
  }
}