{
  "predicted_class_idx": 5,
  "confidence": 0.9998589754104614,
  "all_probabilities": [
    0.00013782081077806652,
    3.1400897437805497e-09,
    1.1797589294371136e-10,
    3.222326540708309e-06,
    6.658141815663043e-10,
    0.9998589754104614,
    3.4402042325965e-10,
    2.4274212848118815e-11
  ],
  "std_probabilities": [
    0.0001968688884517178,
    6.278110031843198e-09,
    2.3582505392916175e-10,
    6.44314059172757e-06,
    1.2822928274758283e-09,
    0.00020291988039389253,
    6.876059166494031e-10,
    2.0527510247170255e-11
  ],
  "fold_predictions": [
    [
      1.705812593399969e-07,
      2.5188030914474746e-12,
      1.2080201086825457e-17,
      1.0920077776060966e-12,
      2.2207473812212988e-15,
      0.9999998807907104,
      5.739963083832567e-13,
      3.7736078151162644e-11
    ],
    [
      9.317121794083505e-07,
      5.705356976790088e-13,
      2.5327656638651774e-13,
      5.758191146121305e-10,
      4.998505949427301e-12,
      0.9999990463256836,
      1.9489470868866605e-14,
      3.016833903971544e-17
    ],
    [
      1.2981927000055293e-07,
      8.103016955335329e-13,
      2.124626803668375e-17,
      1.1240542524548758e-10,
      1.356673155978108e-13,
      0.9999998807907104,
      5.173499364910343e-14,
      4.993138541520281e-11
    ],
    [
      0.00018241998623125255,
      2.3956238468653135e-13,
      1.7556977322864977e-16,
      2.3357995537764964e-09,
      9.454557969856836e-11,
      0.9998175501823425,
      2.2475589640282012e-13,
      7.610792201404861e-17
    ],
    [
      0.0005054519861005247,
      1.569631002951155e-08,
      5.896260146798227e-10,
      1.61086081789108e-05,
      3.2293887564094348e-09,
      0.9994783997535706,
      1.719232201047305e-09,
      3.370349485609658e-11
    ]
  ],
  "filename": "BP8_Plueral_EffusionI_C_BP_L_L70M_filtered_seg1_aug_add_noise-change_volume-lowpass_ca032e4d.wav",
  "feature_type": "mel",
  "timestamp": "20251106_115859",
  "predicted_class": "Plueral Effusion",
  "class_probabilities": {
    "Asthma": 0.00013782081077806652,
    "BRON": 3.1400897437805497e-09,
    "COPD": 1.1797589294371136e-10,
    "Healthy": 3.222326540708309e-06,
    "Lung Fibrosis": 6.658141815663043e-10,
    "Plueral Effusion": 0.9998589754104614,
    "Pneumonia": 3.4402042325965e-10,
    "RTI": 2.4274212848118815e-11
  }
}