{
  "predicted_class_idx": 3,
  "confidence": 0.8278861045837402,
  "all_probabilities": [
    0.00018088819342665374,
    0.005917044822126627,
    0.0016146714333444834,
    0.8278861045837402,
    5.204835815675324e-06,
    0.04166216403245926,
    2.8049780667060986e-05,
    0.122705839574337
  ],
  "std_probabilities": [
    0.00032140148687176406,
    0.011647840961813927,
    0.0026513247285038233,
    0.16658395528793335,
    9.548235539114103e-06,
    0.047738492488861084,
    3.659570211311802e-05,
    0.1410524994134903
  ],
  "fold_predictions": [
    [
      0.0008226948557421565,
      9.761934052221477e-05,
      0.0009490745142102242,
      0.5768166184425354,
      2.428542939014733e-05,
      0.04948629438877106,
      3.528582601575181e-05,
      0.37176817655563354
    ],
    [
      2.606639071256467e-10,
      4.287700416938378e-09,
      0.0001533242902951315,
      0.9824122786521912,
      1.1670686118903095e-11,
      0.017422277480363846,
      5.215657905566218e-10,
      1.2224817510286812e-05
    ],
    [
      5.25242903677281e-05,
      0.0002757443580776453,
      9.474816761212423e-05,
      0.6868501901626587,
      8.378482903026452e-07,
      0.13121643662452698,
      9.650769789004698e-05,
      0.18141303956508636
    ],
    [
      8.100297236524057e-06,
      1.3680889754397185e-09,
      2.331802306798636e-06,
      0.9898250699043274,
      1.909725502735604e-11,
      0.010164469480514526,
      7.750205810452826e-09,
      1.4667385528355226e-08
    ],
    [
      2.112135371135082e-05,
      0.029211854562163353,
      0.006873877719044685,
      0.9035266637802124,
      9.00873033060634e-07,
      2.1349465896491893e-05,
      8.447094842267688e-06,
      0.06033577397465706
    ]
  ],
  "filename": "208_1b1_Ll_sc_Meditron_filtered_seg2_orig_0057.wav",
  "feature_type": "mel",
  "timestamp": "20251106_114238",
  "predicted_class": "Healthy",
  "class_probabilities": {
    "Asthma": 0.00018088819342665374,
    "BRON": 0.005917044822126627,
    "COPD": 0.0016146714333444834,
    "Healthy": 0.8278861045837402,
    "Lung Fibrosis": 5.204835815675324e-06,
    "Plueral Effusion": 0.04166216403245926,
    "Pneumonia": 2.8049780667060986e-05,
    "RTI": 0.122705839574337
  }
}