{
  "predicted_class_idx": 3,
  "confidence": 0.4631838798522949,
  "all_probabilities": [
    0.16223283112049103,
    0.002061169594526291,
    0.0003124858776573092,
    0.4631838798522949,
    0.09925204515457153,
    0.00041923875687643886,
    0.2724100649356842,
    0.0001283222809433937
  ],
  "std_probabilities": [
    0.12764453887939453,
    0.003193492069840431,
    0.0005563978920690715,
    0.2892819941043854,
    0.13604143261909485,
    0.0005026877042837441,
    0.31468379497528076,
    0.00017073500202968717
  ],
  "fold_predictions": [
    [
      0.11869337409734726,
      0.0010380286257714033,
      3.288494917796925e-05,
      0.46238401532173157,
      0.36651772260665894,
      2.8965810997760855e-05,
      0.05117472633719444,
      0.00013027526438236237
    ],
    [
      0.19691377878189087,
      3.663694587885402e-05,
      1.2722053725156002e-05,
      0.7126908302307129,
      0.04615418240427971,
      1.4028341865923721e-06,
      0.04418922960758209,
      1.1588583674893016e-06
    ],
    [
      0.003363157156854868,
      3.2618634577374905e-05,
      8.418145625910256e-06,
      0.16047702729701996,
      0.0004581024113576859,
      3.15540228257305e-06,
      0.8356528878211975,
      4.680054189520888e-06
    ],
    [
      0.38584890961647034,
      0.008397134020924568,
      0.0014239685842767358,
      0.12750157713890076,
      0.07214470207691193,
      0.0011153772938996553,
      0.40311142802238464,
      0.00045686453813686967
    ],
    [
      0.10634491592645645,
      0.0008014300838112831,
      8.443552360404283e-05,
      0.8528658151626587,
      0.010985557921230793,
      0.0009472924284636974,
      0.0279220063239336,
      4.863270078203641e-05
    ]
  ],
  "filename": "BP92_NNP_L_L_43M_filtered_seg1_orig_0136.wav",
  "feature_type": "concat",
  "timestamp": "20251106_114457",
  "predicted_class": "Healthy",
  "class_probabilities": {
    "Asthma": 0.16223283112049103,
    "BRON": 0.002061169594526291,
    "COPD": 0.0003124858776573092,
    "Healthy": 0.4631838798522949,
    "Lung Fibrosis": 0.09925204515457153,
    "Plueral Effusion": 0.00041923875687643886,
    "Pneumonia": 0.2724100649356842,
    "RTI": 0.0001283222809433937
  }
}