{
  "predicted_class_idx": 4,
  "confidence": 0.3445720672607422,
  "all_probabilities": [
    0.01384388841688633,
    0.04471978917717934,
    0.001336339977569878,
    0.10808269679546356,
    0.3445720672607422,
    0.2558899223804474,
    0.22977283596992493,
    0.0017824681708589196
  ],
  "std_probabilities": [
    0.006701652891933918,
    0.05282611399888992,
    0.002283080480992794,
    0.08817228674888611,
    0.33689117431640625,
    0.2359999567270279,
    0.27343693375587463,
    0.0010335734114050865
  ],
  "fold_predictions": [
    [
      0.01917075365781784,
      0.01871100813150406,
      6.91372179062455e-06,
      0.18556323647499084,
      0.33779919147491455,
      0.4297417998313904,
      0.006723879370838404,
      0.002283205511048436
    ],
    [
      0.008938889019191265,
      0.06437695026397705,
      0.0008144571911543608,
      0.2195916622877121,
      0.07799817621707916,
      0.2383740395307541,
      0.3879433870315552,
      0.0019624498672783375
    ],
    [
      0.017215223982930183,
      0.0007103891693986952,
      1.1866094382639858e-06,
      0.11997957527637482,
      0.19922401010990143,
      0.6035881042480469,
      0.05614995211362839,
      0.0031315037049353123
    ],
    [
      0.02070988155901432,
      0.1394890397787094,
      0.005859002936631441,
      0.015225108712911606,
      0.11369683593511581,
      0.007702413480728865,
      0.695782482624054,
      0.0015351815382018685
    ],
    [
      0.003184691071510315,
      0.0003115469007752836,
      1.3923786923442094e-07,
      5.39647662662901e-05,
      0.9941422343254089,
      4.319540676078759e-05,
      0.0022643255069851875,
      2.980715674283374e-10
    ]
  ],
  "filename": "BP6_Plueral_EffusionI_C_BP_L_R81M_filtered_seg3_aug_highpass-add_noise-lowpass_fd58e2fc.wav",
  "feature_type": "concat",
  "timestamp": "20251106_115826",
  "predicted_class": "Lung Fibrosis",
  "class_probabilities": {
    "Asthma": 0.01384388841688633,
    "BRON": 0.04471978917717934,
    "COPD": 0.001336339977569878,
    "Healthy": 0.10808269679546356,
    "Lung Fibrosis": 0.3445720672607422,
    "Plueral Effusion": 0.2558899223804474,
    "Pneumonia": 0.22977283596992493,
    "RTI": 0.0017824681708589196
  }
}