{
  "predicted_class_idx": 4,
  "confidence": 0.620210587978363,
  "all_probabilities": [
    0.04223925247788429,
    0.006044017616659403,
    0.0005427644355222583,
    0.1825462132692337,
    0.620210587978363,
    0.07502083480358124,
    0.07120005786418915,
    0.0021962393075227737
  ],
  "std_probabilities": [
    0.043485648930072784,
    0.005496229976415634,
    0.0006784945144318044,
    0.18043532967567444,
    0.22508858144283295,
    0.08914655447006226,
    0.07264599949121475,
    0.0032283628825098276
  ],
  "fold_predictions": [
    [
      0.023527972400188446,
      0.004666915163397789,
      0.000788736273534596,
      0.2999129593372345,
      0.631068229675293,
      0.0015421573771163821,
      0.03814316168427467,
      0.00034991916618309915
    ],
    [
      0.03856329992413521,
      0.009486783295869827,
      0.00015329524467233568,
      0.07738001644611359,
      0.684790849685669,
      0.017490040510892868,
      0.1703052520751953,
      0.0018304248806089163
    ],
    [
      0.02324376255273819,
      0.001211716909892857,
      2.8538458991533844e-06,
      0.4799918830394745,
      0.3616737425327301,
      0.13231997191905975,
      0.0012804341968148947,
      0.00027557791327126324
    ],
    [
      0.12567728757858276,
      0.014847423881292343,
      0.0017689340747892857,
      0.05542977899312973,
      0.4241563081741333,
      0.2237393856048584,
      0.1458556056022644,
      0.008525264449417591
    ],
    [
      0.0001839435426518321,
      7.248976999107981e-06,
      2.831276546544359e-09,
      1.637754940020386e-05,
      0.9993639588356018,
      1.2617350876098499e-05,
      0.00041585968574509025,
      1.013642503266965e-08
    ]
  ],
  "filename": "BP4_Heart_Failure__Lung_Fibrosis_I_CP_L_R72F_filtered_seg2_aug_change_volume-lowpass-highpass_ddf471c5.wav",
  "feature_type": "concat",
  "timestamp": "20251106_114616",
  "predicted_class": "Lung Fibrosis",
  "class_probabilities": {
    "Asthma": 0.04223925247788429,
    "BRON": 0.006044017616659403,
    "COPD": 0.0005427644355222583,
    "Healthy": 0.1825462132692337,
    "Lung Fibrosis": 0.620210587978363,
    "Plueral Effusion": 0.07502083480358124,
    "Pneumonia": 0.07120005786418915,
    "RTI": 0.0021962393075227737
  }
}