{
  "predicted_class_idx": 1,
  "confidence": 0.9928062558174133,
  "all_probabilities": [
    5.5845786846475676e-05,
    0.9928062558174133,
    9.163458889815956e-05,
    0.0001298525312449783,
    6.358101472869748e-06,
    5.171614247956313e-07,
    0.004029854666441679,
    0.0028797429986298084
  ],
  "std_probabilities": [
    0.00010259646660415456,
    0.012910488061606884,
    0.00010316874977434054,
    9.543929627398029e-05,
    1.2435013559297659e-05,
    1.0167766504309839e-06,
    0.007739285938441753,
    0.004913010634481907
  ],
  "fold_predictions": [
    [
      1.1825119145214558e-05,
      0.9994745850563049,
      4.089332287549041e-05,
      0.00022840918973088264,
      1.953149819655664e-07,
      1.681682881837787e-08,
      9.99972180579789e-05,
      0.00014411289885174483
    ],
    [
      4.030513878205966e-07,
      0.9999688863754272,
      2.400395260337973e-06,
      1.0170258974540047e-05,
      2.2320158166166948e-08,
      5.6181921337383756e-09,
      6.418273187591694e-06,
      1.1841420018754434e-05
    ],
    [
      0.00026085827266797423,
      0.9670157432556152,
      0.000291226664558053,
      0.00025405670749023557,
      3.122688576695509e-05,
      2.550695626268862e-06,
      0.019507111981511116,
      0.012637311592698097
    ],
    [
      6.834265064981082e-08,
      0.9980904459953308,
      3.872355227940716e-05,
      5.8733156038215384e-05,
      3.436053361838276e-07,
      4.11439859959728e-09,
      0.0002534170635044575,
      0.0015582578489556909
    ],
    [
      6.07413176112459e-06,
      0.9994816184043884,
      8.492897904943675e-05,
      9.78933458100073e-05,
      2.3808777172007467e-09,
      8.562104802933845e-09,
      0.00028232953627593815,
      4.719118442153558e-05
    ]
  ],
  "filename": "206_1b1_Ar_sc_Meditron_filtered_seg1_aug_pitch_shift-lowpass_f7721bde.wav",
  "feature_type": "mfcc",
  "timestamp": "20251106_112849",
  "predicted_class": "BRON",
  "class_probabilities": {
    "Asthma": 5.5845786846475676e-05,
    "BRON": 0.9928062558174133,
    "COPD": 9.163458889815956e-05,
    "Healthy": 0.0001298525312449783,
    "Lung Fibrosis": 6.358101472869748e-06,
    "Plueral Effusion": 5.171614247956313e-07,
    "Pneumonia": 0.004029854666441679,
    "RTI": 0.0028797429986298084
  }
}