{
  "predicted_class_idx": 2,
  "confidence": 0.9999594688415527,
  "all_probabilities": [
    6.113608833402395e-06,
    1.226154751066133e-07,
    0.9999594688415527,
    8.968554254806804e-08,
    1.4611438814426947e-07,
    2.4976458234959864e-07,
    6.497347840195289e-06,
    2.7333919206284918e-05
  ],
  "std_probabilities": [
    1.1770262972277123e-05,
    2.327468564544688e-07,
    6.42338054603897e-05,
    1.7632501680964197e-07,
    1.616031397588813e-07,
    4.986699195796973e-07,
    1.2993309610465076e-05,
    3.9374186599161476e-05
  ],
  "fold_predictions": [
    [
      9.200629733641108e-07,
      7.634590737382041e-09,
      0.9999980926513672,
      5.829621230191151e-09,
      3.077149415275926e-07,
      1.848362088385791e-11,
      2.057343628791841e-09,
      6.762350039934972e-07
    ],
    [
      4.672494613444655e-10,
      1.719926423504603e-08,
      0.9999654293060303,
      1.087628945239949e-10,
      7.068423069078733e-10,
      1.7004199159842415e-09,
      1.9630698455674889e-10,
      3.452500095590949e-05
    ],
    [
      2.9643379093613476e-05,
      5.879405193809362e-07,
      0.9998337030410767,
      4.4230759499441774e-07,
      3.7541238384619646e-07,
      1.2471035688577103e-06,
      3.248396751587279e-05,
      0.00010146386921405792
    ],
    [
      4.088442917549173e-09,
      2.390117726132346e-13,
      1.0,
      1.7602017066131737e-10,
      4.082265903093685e-08,
      1.6957981785296894e-13,
      5.203942832210373e-10,
      4.48880310699451e-09
    ],
    [
      4.682726775784296e-11,
      3.027384454235005e-10,
      1.0,
      5.751945360982225e-12,
      5.915069323236821e-09,
      3.947830560721566e-13,
      4.152497285234797e-15,
      1.7356305628823954e-11
    ]
  ],
  "filename": "222_1b1_Lr_sc_Meditron_filtered_seg2_copy_0050.wav",
  "feature_type": "mel",
  "timestamp": "20251106_113956",
  "predicted_class": "COPD",
  "class_probabilities": {
    "Asthma": 6.113608833402395e-06,
    "BRON": 1.226154751066133e-07,
    "COPD": 0.9999594688415527,
    "Healthy": 8.968554254806804e-08,
    "Lung Fibrosis": 1.4611438814426947e-07,
    "Plueral Effusion": 2.4976458234959864e-07,
    "Pneumonia": 6.497347840195289e-06,
    "RTI": 2.7333919206284918e-05
  }
}