{
  "predicted_class_idx": 6,
  "confidence": 0.5622473955154419,
  "all_probabilities": [
    0.05567885562777519,
    0.004993201233446598,
    0.0019083044026046991,
    0.23489508032798767,
    0.1379380226135254,
    0.0021843821741640568,
    0.5622473955154419,
    0.00015470889047719538
  ],
  "std_probabilities": [
    0.0641404464840889,
    0.006496012676507235,
    0.0028577547054737806,
    0.22552888095378876,
    0.07352922111749649,
    0.004235406406223774,
    0.2558540999889374,
    0.00019423033518251032
  ],
  "fold_predictions": [
    [
      0.008668600581586361,
      0.0031845583580434322,
      0.007529697846621275,
      0.6464858055114746,
      0.18435324728488922,
      0.0002458546368870884,
      0.1495046317577362,
      2.7609023163677193e-05
    ],
    [
      0.0018585387151688337,
      0.00010128806752618402,
      4.184999852441251e-05,
      0.2693147659301758,
      0.2404337078332901,
      8.81479024883447e-07,
      0.4881267845630646,
      0.00012224593956489116
    ],
    [
      0.004873030353337526,
      0.00011785105016315356,
      7.52429332351312e-06,
      0.008769488893449306,
      0.06238362938165665,
      4.662343599193264e-06,
      0.9237549901008606,
      8.88747745193541e-05
    ],
    [
      0.15781593322753906,
      0.01760094426572323,
      0.0014384891837835312,
      0.06007871404290199,
      0.046606600284576416,
      0.0106531772762537,
      0.7052725553512573,
      0.000533567916136235
    ],
    [
      0.10517818480730057,
      0.003961366135627031,
      0.000523960858117789,
      0.18982665240764618,
      0.15591295063495636,
      1.7334965377813205e-05,
      0.5445783138275146,
      1.2467910437408136e-06
    ]
  ],
  "filename": "BP50_NNP_R_L_27M_filtered_seg2_orig_0092.wav",
  "feature_type": "concat",
  "timestamp": "20251106_114326",
  "predicted_class": "Pneumonia",
  "class_probabilities": {
    "Asthma": 0.05567885562777519,
    "BRON": 0.004993201233446598,
    "COPD": 0.0019083044026046991,
    "Healthy": 0.23489508032798767,
    "Lung Fibrosis": 0.1379380226135254,
    "Plueral Effusion": 0.0021843821741640568,
    "Pneumonia": 0.5622473955154419,
    "RTI": 0.00015470889047719538
  }
}