{
  "predicted_class_idx": 5,
  "confidence": 0.5014573335647583,
  "all_probabilities": [
    0.4048387408256531,
    7.281389713398312e-08,
    3.7409761262097163e-06,
    4.0028094616673116e-08,
    0.09369883686304092,
    0.5014573335647583,
    1.257793087461323e-06,
    1.5102200601191385e-09
  ],
  "std_probabilities": [
    0.35822081565856934,
    1.3374710761127062e-07,
    7.4574322752596345e-06,
    5.610371545117232e-08,
    0.1870669424533844,
    0.432646244764328,
    2.515047981432872e-06,
    2.4311441748636753e-09
  ],
  "fold_predictions": [
    [
      0.562000572681427,
      3.400717787371832e-07,
      6.684975351056721e-10,
      1.472102866273417e-07,
      0.0006549634272232652,
      0.4373376965522766,
      6.287888936640229e-06,
      6.270214125692064e-09
    ],
    [
      0.0002221798204118386,
      1.5260713089808135e-14,
      1.3011451996131768e-13,
      1.4615237839410433e-11,
      1.9147014640452653e-08,
      0.9997778534889221,
      5.5408173200695385e-15,
      4.6462298255740136e-14
    ],
    [
      0.001356696244329214,
      9.065793449281045e-09,
      1.8402545043372243e-09,
      7.933597778730928e-09,
      6.8200820351194125e-06,
      0.9986365437507629,
      1.0321414833924791e-09,
      1.2808388794027792e-09
    ],
    [
      0.5321415662765503,
      1.4823902105831621e-08,
      1.865579906734638e-05,
      4.4895003270539746e-08,
      0.46783238649368286,
      7.3627907113404945e-06,
      4.1280496382301024e-11,
      7.965990173880032e-17
    ],
    [
      0.9284728169441223,
      1.0796086941100569e-10,
      4.65727190146481e-08,
      8.698625153513717e-11,
      9.062680293714376e-12,
      0.07152713090181351,
      2.936570040953934e-12,
      5.37155949078004e-16
    ]
  ],
  "filename": "BP68_asthmaE_WP_R_L_21F_filtered_seg2_aug_add_noise-highpass-change_volume_c8e79fd4.wav",
  "feature_type": "mfcc",
  "timestamp": "20251106_120101",
  "predicted_class": "Plueral Effusion",
  "class_probabilities": {
    "Asthma": 0.4048387408256531,
    "BRON": 7.281389713398312e-08,
    "COPD": 3.7409761262097163e-06,
    "Healthy": 4.0028094616673116e-08,
    "Lung Fibrosis": 0.09369883686304092,
    "Plueral Effusion": 0.5014573335647583,
    "Pneumonia": 1.257793087461323e-06,
    "RTI": 1.5102200601191385e-09
  }
}