{
  "predicted_class_idx": 3,
  "confidence": 0.5151069760322571,
  "all_probabilities": [
    0.09870278835296631,
    0.16815640032291412,
    7.3819282988552e-05,
    0.5151069760322571,
    0.0004773454274982214,
    0.12272252887487411,
    0.09090860188007355,
    0.0038515753112733364
  ],
  "std_probabilities": [
    0.13130241632461548,
    0.313971608877182,
    9.716856584418565e-05,
    0.3644660413265228,
    0.0006329028401523829,
    0.24453814327716827,
    0.17298126220703125,
    0.007273885887116194
  ],
  "fold_predictions": [
    [
      0.01650179736316204,
      0.023625830188393593,
      0.00011875147902173921,
      0.9565230011940002,
      1.895081550173927e-05,
      0.0009706001728773117,
      0.0019656012300401926,
      0.0002755089371930808
    ],
    [
      0.0037669839803129435,
      0.7958029508590698,
      4.353615167929092e-06,
      0.17275197803974152,
      0.0007592325564473867,
      5.077492824057117e-05,
      0.008469969034194946,
      0.018393758684396744
    ],
    [
      0.34697988629341125,
      0.000736089248675853,
      3.711233276249004e-08,
      0.040473002940416336,
      6.490056989605364e-07,
      0.6117982268333435,
      1.2007609257125296e-05,
      1.4688174232446727e-08
    ],
    [
      0.007187057752162218,
      0.02031303010880947,
      3.241816557419952e-07,
      0.5350876450538635,
      6.24219228484435e-06,
      3.282105171820149e-05,
      0.43681326508522034,
      0.0005595978000201285
    ],
    [
      0.11907821148633957,
      0.0003040653245989233,
      0.00024563001352362335,
      0.8706992268562317,
      0.0016016524750739336,
      0.000760176801122725,
      0.007282127160578966,
      2.899609535234049e-05
    ]
  ],
  "filename": "BP83_NNA_R_U18F_filtered_seg3_orig_0120.wav",
  "feature_type": "mel",
  "timestamp": "20251106_114404",
  "predicted_class": "Healthy",
  "class_probabilities": {
    "Asthma": 0.09870278835296631,
    "BRON": 0.16815640032291412,
    "COPD": 7.3819282988552e-05,
    "Healthy": 0.5151069760322571,
    "Lung Fibrosis": 0.0004773454274982214,
    "Plueral Effusion": 0.12272252887487411,
    "Pneumonia": 0.09090860188007355,
    "RTI": 0.0038515753112733364
  }
}