{
  "predicted_class_idx": 3,
  "confidence": 0.5502244234085083,
  "all_probabilities": [
    0.1063656210899353,
    0.0040273102931678295,
    0.00016634157509543002,
    0.5502244234085083,
    0.16667303442955017,
    0.00047539491788484156,
    0.1718839854001999,
    0.0001838802418205887
  ],
  "std_probabilities": [
    0.1566542237997055,
    0.00598295358940959,
    0.0003189747512806207,
    0.2948361039161682,
    0.18501652777194977,
    0.0009479045984335244,
    0.21672919392585754,
    0.00035908163408748806
  ],
  "fold_predictions": [
    [
      0.04231894388794899,
      8.919811807572842e-05,
      8.730406079848763e-06,
      0.43121904134750366,
      0.5184252858161926,
      1.4261786418501288e-06,
      0.007935542613267899,
      1.8260927845403785e-06
    ],
    [
      0.03310069814324379,
      0.00013106649566907436,
      5.968810910417233e-06,
      0.8193817734718323,
      0.13275106251239777,
      7.458983191099833e-07,
      0.014628319069743156,
      2.892962811529287e-07
    ],
    [
      0.006713732145726681,
      0.00031285357545129955,
      2.435049282212276e-06,
      0.4396876394748688,
      0.006428099237382412,
      1.732908117446641e-06,
      0.5468466281890869,
      6.884797130624065e-06
    ],
    [
      0.41878893971443176,
      0.015624281018972397,
      0.0008042686386033893,
      0.12113045156002045,
      0.15183432400226593,
      0.002371203852817416,
      0.2885444760322571,
      0.000902018160559237
    ],
    [
      0.030905786901712418,
      0.003979152534157038,
      1.0305036084901076e-05,
      0.9397031664848328,
      0.02392641268670559,
      1.8656190832189168e-06,
      0.0014649495715275407,
      8.38292089611059e-06
    ]
  ],
  "filename": "BP88_NNA_R_U29M_filtered_seg2_orig_0131.wav",
  "feature_type": "concat",
  "timestamp": "20251106_114447",
  "predicted_class": "Healthy",
  "class_probabilities": {
    "Asthma": 0.1063656210899353,
    "BRON": 0.0040273102931678295,
    "COPD": 0.00016634157509543002,
    "Healthy": 0.5502244234085083,
    "Lung Fibrosis": 0.16667303442955017,
    "Plueral Effusion": 0.00047539491788484156,
    "Pneumonia": 0.1718839854001999,
    "RTI": 0.0001838802418205887
  }
}