{
  "predicted_class_idx": 4,
  "confidence": 0.9921730160713196,
  "all_probabilities": [
    0.0037179533392190933,
    9.563196954331943e-07,
    4.344777153164614e-06,
    0.003803632454946637,
    0.9921730160713196,
    0.00028238858794793487,
    1.6971000150078908e-05,
    7.758866331641912e-07
  ],
  "std_probabilities": [
    0.004242690745741129,
    1.3632389936901745e-06,
    6.282079084485304e-06,
    0.004769553430378437,
    0.007234743796288967,
    0.00027593050617724657,
    1.7868460417957976e-05,
    9.386930628352275e-07
  ],
  "fold_predictions": [
    [
      0.0028199409134685993,
      1.1059454863016072e-07,
      5.188077011553105e-06,
      2.591637530713342e-05,
      0.9970689415931702,
      3.139466207358055e-05,
      4.84997290186584e-05,
      2.756052452923541e-08
    ],
    [
      0.00011746198288165033,
      6.337498081876447e-09,
      2.2346918981952513e-08,
      0.0002587170747574419,
      0.9996107220649719,
      1.1945205187657848e-05,
      1.1726956472557504e-06,
      4.886564930473014e-09
    ],
    [
      0.0002467814483679831,
      2.7563086035797824e-08,
      1.674495031522838e-08,
      0.0016346070915460587,
      0.9974316954612732,
      0.0006862503942102194,
      5.586707061411289e-07,
      3.7620633719370744e-08
    ],
    [
      0.011729283258318901,
      3.5636307984532323e-06,
      2.258825304579659e-07,
      0.004239286296069622,
      0.9834675192832947,
      0.0005342233343981206,
      2.376040538365487e-05,
      2.185656057918095e-06
    ],
    [
      0.0036762990057468414,
      1.073472617463267e-06,
      1.6270834748866037e-05,
      0.01285963412374258,
      0.9832860231399536,
      0.0001481293438700959,
      1.0863507668545935e-05,
      1.6237096360782743e-06
    ]
  ],
  "filename": "BP105_Lung_FibrosisCrepA_U_R44M_filtered_seg2_aug_highpass_45fe7761.wav",
  "feature_type": "mel",
  "timestamp": "20251106_114852",
  "predicted_class": "Lung Fibrosis",
  "class_probabilities": {
    "Asthma": 0.0037179533392190933,
    "BRON": 9.563196954331943e-07,
    "COPD": 4.344777153164614e-06,
    "Healthy": 0.003803632454946637,
    "Lung Fibrosis": 0.9921730160713196,
    "Plueral Effusion": 0.00028238858794793487,
    "Pneumonia": 1.6971000150078908e-05,
    "RTI": 7.758866331641912e-07
  }
}