{
  "predicted_class_idx": 5,
  "confidence": 0.43789058923721313,
  "all_probabilities": [
    0.036376021802425385,
    0.17377185821533203,
    1.8674956663744524e-05,
    0.3513032793998718,
    0.00015467625053133816,
    0.43789058923721313,
    0.00047749909572303295,
    7.372577783826273e-06
  ],
  "std_probabilities": [
    0.06379075348377228,
    0.3253762722015381,
    3.649887003120966e-05,
    0.3774929344654083,
    0.00018427000031806529,
    0.43004703521728516,
    0.0006287632277235389,
    9.555132237437647e-06
  ],
  "fold_predictions": [
    [
      0.01514182984828949,
      0.8242030143737793,
      1.3670567113877041e-06,
      0.11905752122402191,
      9.928311192197725e-05,
      0.041179317981004715,
      0.0003141014603897929,
      3.510290980557329e-06
    ],
    [
      0.0013051696587353945,
      0.017135635018348694,
      1.1349088424594811e-07,
      0.9687392711639404,
      0.0001519935904070735,
      0.01264742948114872,
      1.8782122424454428e-05,
      1.588045051903464e-06
    ],
    [
      6.997307082201587e-06,
      2.1855680643056985e-06,
      2.6259222660890424e-12,
      2.958730692625977e-05,
      1.0813547973720361e-10,
      0.999961256980896,
      1.5245153750509388e-10,
      2.908395919931639e-11
    ],
    [
      0.0019402331672608852,
      0.026969481259584427,
      2.281439890339243e-07,
      0.05742357298731804,
      1.595512731000781e-05,
      0.9119236469268799,
      0.0017007357673719525,
      2.610333831398748e-05
    ],
    [
      0.16348586976528168,
      0.0005489783943630755,
      9.166609379462898e-05,
      0.6112664937973022,
      0.000506149313878268,
      0.2237413078546524,
      0.0003538759483490139,
      5.661185696226312e-06
    ]
  ],
  "filename": "BP92_NNP_L_L_43M_filtered_seg1_orig_0136.wav",
  "feature_type": "mel",
  "timestamp": "20251106_114455",
  "predicted_class": "Plueral Effusion",
  "class_probabilities": {
    "Asthma": 0.036376021802425385,
    "BRON": 0.17377185821533203,
    "COPD": 1.8674956663744524e-05,
    "Healthy": 0.3513032793998718,
    "Lung Fibrosis": 0.00015467625053133816,
    "Plueral Effusion": 0.43789058923721313,
    "Pneumonia": 0.00047749909572303295,
    "RTI": 7.372577783826273e-06
  }
}