{
  "predicted_class_idx": 2,
  "confidence": 0.7447686791419983,
  "all_probabilities": [
    0.00025077187456190586,
    3.6702575016533956e-05,
    0.7447686791419983,
    0.1509908139705658,
    0.0007285635219886899,
    2.6734008429230016e-07,
    0.0037039134185761213,
    0.09952031821012497
  ],
  "std_probabilities": [
    0.00034234020859003067,
    6.581549678230658e-05,
    0.3163435757160187,
    0.30170100927352905,
    0.0011125971795991063,
    4.127107899876137e-07,
    0.006571260280907154,
    0.19558444619178772
  ],
  "fold_predictions": [
    [
      0.00014016889326740056,
      8.606975256952865e-07,
      0.2385675460100174,
      0.7543927431106567,
      3.8087939628894674e-06,
      1.078774829466056e-07,
      1.8678146034289966e-06,
      0.006892870180308819
    ],
    [
      0.0009295960189774632,
      6.610866421397077e-06,
      0.9982554316520691,
      5.7630571973277256e-05,
      0.000666252279188484,
      1.0863791430892888e-06,
      4.134645132580772e-05,
      4.205383811495267e-05
    ],
    [
      0.00011756852472899482,
      0.0001682662550592795,
      0.5040007829666138,
      0.000498092093039304,
      0.0028972032014280558,
      1.0795218940984341e-08,
      0.0016650879988446832,
      0.49065297842025757
    ],
    [
      5.037196751800366e-05,
      2.215489530499326e-06,
      0.9831532835960388,
      5.3081482320749274e-08,
      9.648422150121405e-08,
      1.1517348186274035e-09,
      0.016784733161330223,
      9.199558917316608e-06
    ],
    [
      1.6153850083355792e-05,
      5.559573310165433e-06,
      0.999866247177124,
      5.497827260114718e-06,
      7.545701373601332e-05,
      1.3049675828824547e-07,
      2.653141382324975e-05,
      4.489922503125854e-06
    ]
  ],
  "filename": "158_1p4_Tc_mc_AKGC417L_filtered_seg2_copy_0008.wav",
  "feature_type": "mfcc",
  "timestamp": "20251106_113351",
  "predicted_class": "COPD",
  "class_probabilities": {
    "Asthma": 0.00025077187456190586,
    "BRON": 3.6702575016533956e-05,
    "COPD": 0.7447686791419983,
    "Healthy": 0.1509908139705658,
    "Lung Fibrosis": 0.0007285635219886899,
    "Plueral Effusion": 2.6734008429230016e-07,
    "Pneumonia": 0.0037039134185761213,
    "RTI": 0.09952031821012497
  }
}