{
  "predicted_class_idx": 5,
  "confidence": 0.8968358039855957,
  "all_probabilities": [
    0.09847026318311691,
    1.6596774003119208e-05,
    2.647540532052517e-05,
    0.0021304308902472258,
    0.0024951298255473375,
    0.8968358039855957,
    2.4652559659443796e-05,
    6.046207090548705e-07
  ],
  "std_probabilities": [
    0.09078384935855865,
    3.319070310681127e-05,
    5.2783696446567774e-05,
    0.004193092696368694,
    0.004988997709006071,
    0.08877762407064438,
    3.570641274563968e-05,
    1.1872998584294692e-06
  ],
  "fold_predictions": [
    [
      0.26516610383987427,
      9.021780718321271e-13,
      1.5863850233444055e-09,
      9.391247779433343e-09,
      4.836413491915437e-09,
      0.7348338961601257,
      6.492090285498131e-12,
      1.564486908078866e-11
    ],
    [
      0.0024290450382977724,
      4.012342487338255e-13,
      3.934842229824653e-09,
      0.0001226917956955731,
      2.3422692265739897e-06,
      0.9974459409713745,
      8.532451190035317e-09,
      4.575239492821126e-11
    ],
    [
      0.11581932753324509,
      4.47654180391055e-09,
      3.284394836100546e-07,
      1.09817847260274e-05,
      1.6430361426955642e-07,
      0.884137749671936,
      3.131676203338429e-05,
      4.08719706967986e-08
    ],
    [
      0.051017820835113525,
      8.297817839775234e-05,
      0.00013204249262344092,
      0.010516112670302391,
      0.012473125010728836,
      0.9256832003593445,
      9.18299047043547e-05,
      2.9790192002110416e-06
    ],
    [
      0.057919036597013474,
      1.2160830120677701e-09,
      5.63354196625454e-10,
      2.358795882173581e-06,
      1.1691080104014873e-08,
      0.9420784711837769,
      1.0759287505379689e-07,
      3.1509481690505936e-09
    ]
  ],
  "filename": "BP105_Lung_FibrosisCrepA_U_R44M_filtered_seg1_aug_pitch_shift-change_volume-add_noise_7ae5ee7a.wav",
  "feature_type": "concat",
  "timestamp": "20251106_114903",
  "predicted_class": "Plueral Effusion",
  "class_probabilities": {
    "Asthma": 0.09847026318311691,
    "BRON": 1.6596774003119208e-05,
    "COPD": 2.647540532052517e-05,
    "Healthy": 0.0021304308902472258,
    "Lung Fibrosis": 0.0024951298255473375,
    "Plueral Effusion": 0.8968358039855957,
    "Pneumonia": 2.4652559659443796e-05,
    "RTI": 6.046207090548705e-07
  }
}