{
  "predicted_class_idx": 1,
  "confidence": 0.996333122253418,
  "all_probabilities": [
    1.2878992492915131e-05,
    0.996333122253418,
    7.924796591396444e-06,
    0.0001316088018938899,
    0.0006049721851013601,
    2.4853416107362136e-06,
    5.978039189358242e-05,
    0.002847233321517706
  ],
  "std_probabilities": [
    1.6637302906019613e-05,
    0.0040198625065386295,
    9.017951924761292e-06,
    0.00021379662211984396,
    0.0007409788086079061,
    3.394248551558121e-06,
    0.00011485217692097649,
    0.004088372923433781
  ],
  "fold_predictions": [
    [
      4.2466563172638416e-05,
      0.994335949420929,
      2.431548091408331e-05,
      9.657341593083402e-09,
      0.001580208190716803,
      8.683902706252411e-06,
      0.0002894163771998137,
      0.0037190448492765427
    ],
    [
      1.0925209625867183e-09,
      0.9894276261329651,
      6.89609080950504e-08,
      6.726435822201893e-05,
      1.1885234840747216e-07,
      3.6152530356048374e-06,
      6.86894381374259e-08,
      0.010501248762011528
    ],
    [
      2.017041879298631e-05,
      0.9979585409164429,
      1.0194990863965359e-05,
      0.0005562683800235391,
      0.001441574771888554,
      4.286555110866175e-08,
      7.658543836441822e-06,
      5.4216129683481995e-06
    ],
    [
      1.7568925159139326e-06,
      0.9999433755874634,
      5.044208592153154e-06,
      3.4501626942073926e-05,
      2.959000994451344e-06,
      8.468673229344859e-08,
      1.7582971167939832e-06,
      1.0452370588609483e-05
    ],
    [
      4.198427562096367e-14,
      1.0,
      3.3960956269396547e-10,
      1.8455393463456815e-12,
      1.0065983636897702e-11,
      2.662697197604834e-15,
      2.759704097188287e-11,
      9.646158871667865e-11
    ]
  ],
  "filename": "215_1b3_Tc_sc_Meditron_filtered_seg2_orig_0068.wav",
  "feature_type": "mfcc",
  "timestamp": "20251106_112936",
  "predicted_class": "BRON",
  "class_probabilities": {
    "Asthma": 1.2878992492915131e-05,
    "BRON": 0.996333122253418,
    "COPD": 7.924796591396444e-06,
    "Healthy": 0.0001316088018938899,
    "Lung Fibrosis": 0.0006049721851013601,
    "Plueral Effusion": 2.4853416107362136e-06,
    "Pneumonia": 5.978039189358242e-05,
    "RTI": 0.002847233321517706
  }
}