{
  "predicted_class_idx": 6,
  "confidence": 0.6997443437576294,
  "all_probabilities": [
    0.2473476231098175,
    2.048028909484856e-05,
    0.00389316794462502,
    0.0019328119233250618,
    0.046845775097608566,
    0.00021508694044314325,
    0.6997443437576294,
    7.443921958838473e-07
  ],
  "std_probabilities": [
    0.3808058202266693,
    3.491024472168647e-05,
    0.003953515086323023,
    0.002201769268140197,
    0.09361861646175385,
    0.00042110434151254594,
    0.36197641491889954,
    1.2380122598187882e-06
  ],
  "fold_predictions": [
    [
      0.2147732824087143,
      8.975443779490888e-05,
      0.004572360776364803,
      0.0003930319217033684,
      2.62024855146592e-07,
      7.832000505914039e-07,
      0.7801706194877625,
      3.617862631699609e-08
    ],
    [
      0.9922305941581726,
      6.082905770199432e-07,
      0.0035821357741951942,
      0.00019050361879635602,
      6.3651500568084884e-06,
      0.0010572436731308699,
      0.0029321033507585526,
      4.852985853176506e-07
    ],
    [
      0.012490911409258842,
      1.159389012173051e-05,
      0.00034239169326610863,
      0.003666538745164871,
      0.23408298194408417,
      4.051818450534483e-06,
      0.7493982911109924,
      3.1932891033648048e-06
    ],
    [
      0.005795284174382687,
      8.237590165549591e-09,
      1.086455631593708e-05,
      0.0054114204831421375,
      0.00013925119128543884,
      1.3232564015197568e-05,
      0.988629937171936,
      7.188627915155621e-09
    ],
    [
      0.011448141187429428,
      4.3659176185428805e-07,
      0.01095808669924736,
      2.565123622844112e-06,
      1.2136364802017852e-08,
      1.233886450791033e-07,
      0.9775906801223755,
      5.972053147146328e-12
    ]
  ],
  "filename": "BP6_Plueral_EffusionI_C_BP_L_R81M_filtered_seg2_aug_time_stretch-lowpass-highpass_a214df15.wav",
  "feature_type": "mfcc",
  "timestamp": "20251106_115820",
  "predicted_class": "Pneumonia",
  "class_probabilities": {
    "Asthma": 0.2473476231098175,
    "BRON": 2.048028909484856e-05,
    "COPD": 0.00389316794462502,
    "Healthy": 0.0019328119233250618,
    "Lung Fibrosis": 0.046845775097608566,
    "Plueral Effusion": 0.00021508694044314325,
    "Pneumonia": 0.6997443437576294,
    "RTI": 7.443921958838473e-07
  }
}