{
  "predicted_class_idx": 5,
  "confidence": 0.8420058488845825,
  "all_probabilities": [
    0.11000428348779678,
    0.00047611695481464267,
    0.00010140319500351325,
    0.000706744787748903,
    0.04272093251347542,
    0.8420058488845825,
    0.003921291790902615,
    6.344150460790843e-05
  ],
  "std_probabilities": [
    0.10296721011400223,
    0.0005391273298300803,
    0.0001812389527913183,
    0.0005514784716069698,
    0.06547156721353531,
    0.13781438767910004,
    0.0040941983461380005,
    0.00010123990068677813
  ],
  "fold_predictions": [
    [
      0.1501874476671219,
      0.0009604347869753838,
      8.250368409790099e-06,
      0.0010383820626884699,
      0.17211557924747467,
      0.6721497774124146,
      0.0032760349567979574,
      0.00026408041594550014
    ],
    [
      0.0029658556450158358,
      3.607901817304082e-07,
      2.770623908077141e-08,
      2.0145582311670296e-05,
      0.0013988922582939267,
      0.9956125020980835,
      3.141710465115466e-07,
      1.9813037397398148e-06
    ],
    [
      0.2918453514575958,
      0.0012827850878238678,
      0.00046299718087539077,
      0.0012491962406784296,
      0.011530096642673016,
      0.682540774345398,
      0.011050601489841938,
      3.82660364266485e-05
    ],
    [
      0.0639629065990448,
      0.00013695027155335993,
      3.4865366615122184e-05,
      0.001173094380646944,
      0.028271205723285675,
      0.9011311531066895,
      0.005277001764625311,
      1.2846424397139344e-05
    ],
    [
      0.04105982929468155,
      5.383903101119358e-08,
      8.753621045798354e-07,
      5.290583067107946e-05,
      0.00028887242660857737,
      0.9585949778556824,
      2.5068773084058193e-06,
      3.333549614126241e-08
    ]
  ],
  "filename": "BP4_Heart_Failure__Lung_Fibrosis_I_CP_L_R72F_filtered_seg1_aug_pitch_shift-add_noise_fe26bc0e.wav",
  "feature_type": "mfcc",
  "timestamp": "20251106_114629",
  "predicted_class": "Plueral Effusion",
  "class_probabilities": {
    "Asthma": 0.11000428348779678,
    "BRON": 0.00047611695481464267,
    "COPD": 0.00010140319500351325,
    "Healthy": 0.000706744787748903,
    "Lung Fibrosis": 0.04272093251347542,
    "Plueral Effusion": 0.8420058488845825,
    "Pneumonia": 0.003921291790902615,
    "RTI": 6.344150460790843e-05
  }
}