{
  "predicted_class_idx": 1,
  "confidence": 0.9802961349487305,
  "all_probabilities": [
    5.595046604867093e-05,
    0.9802961349487305,
    0.019611451774835587,
    2.576206270532566e-06,
    1.548335603729356e-05,
    6.261959129005845e-08,
    3.1348874927061843e-06,
    1.527257336420007e-05
  ],
  "std_probabilities": [
    0.00011059623648179695,
    0.038269348442554474,
    0.03831231966614723,
    3.1529627904092195e-06,
    3.078932058997452e-05,
    7.787890865529334e-08,
    5.896840775676537e-06,
    2.972142829094082e-05
  ],
  "fold_predictions": [
    [
      0.0002771395375020802,
      0.9980079531669617,
      0.0016183555126190186,
      6.603777364944108e-06,
      3.514949469263229e-07,
      5.932195534796847e-08,
      1.4921178262738977e-05,
      7.471341086784378e-05
    ],
    [
      1.0138204515897087e-06,
      0.9037717580795288,
      0.09622655808925629,
      7.843241611737994e-09,
      9.286793556384509e-10,
      4.258982855276372e-08,
      1.6494873023020773e-07,
      4.993195830138575e-07
    ],
    [
      1.598457060936198e-06,
      0.999702513217926,
      0.00021093054965604097,
      6.267386197578162e-06,
      7.706139876972884e-05,
      2.1118404447406647e-07,
      5.765601827079081e-07,
      8.199591547963792e-07
    ],
    [
      5.069932251799969e-10,
      0.9999995231628418,
      2.9079666319375974e-07,
      2.0164576675085755e-09,
      2.957097677835918e-09,
      2.1214807254671397e-12,
      4.980130530185534e-09,
      2.0964944269508123e-07
    ],
    [
      3.494852519360381e-13,
      0.9999988079071045,
      1.1182686421307153e-06,
      8.47626829836301e-12,
      4.413432984416536e-14,
      4.1209452550100155e-16,
      6.770227489738545e-09,
      1.2053230591391184e-07
    ]
  ],
  "filename": "201_1b2_Ar_sc_Meditron_filtered_seg3_aug_change_volume-highpass_ceea124a.wav",
  "feature_type": "mel",
  "timestamp": "20251106_112839",
  "predicted_class": "BRON",
  "class_probabilities": {
    "Asthma": 5.595046604867093e-05,
    "BRON": 0.9802961349487305,
    "COPD": 0.019611451774835587,
    "Healthy": 2.576206270532566e-06,
    "Lung Fibrosis": 1.548335603729356e-05,
    "Plueral Effusion": 6.261959129005845e-08,
    "Pneumonia": 3.1348874927061843e-06,
    "RTI": 1.527257336420007e-05
  }
}