{
  "predicted_class_idx": 3,
  "confidence": 0.4137512147426605,
  "all_probabilities": [
    0.14666977524757385,
    0.08468296378850937,
    0.005234988406300545,
    0.4137512147426605,
    0.2221859246492386,
    0.038035303354263306,
    0.07879284024238586,
    0.010646987706422806
  ],
  "std_probabilities": [
    0.12269831448793411,
    0.07635775953531265,
    0.006376347970217466,
    0.19609181582927704,
    0.07639038562774658,
    0.03799977898597717,
    0.07560450583696365,
    0.006495501846075058
  ],
  "fold_predictions": [
    [
      0.07069957256317139,
      0.17074766755104065,
      0.0007991501479409635,
      0.25923243165016174,
      0.3334138095378876,
      0.10946670919656754,
      0.04387751221656799,
      0.011763135902583599
    ],
    [
      0.13116148114204407,
      0.02202511951327324,
      0.00422506220638752,
      0.49686214327812195,
      0.27587610483169556,
      0.011977197602391243,
      0.05509316548705101,
      0.0027797974180430174
    ],
    [
      0.09079832583665848,
      0.18419182300567627,
      0.0009333656635135412,
      0.47657182812690735,
      0.12083926051855087,
      0.04372282698750496,
      0.0631752759218216,
      0.019767316058278084
    ],
    [
      0.054084740579128265,
      0.009748293086886406,
      0.0024738041684031487,
      0.6986631155014038,
      0.21896038949489594,
      0.005346209742128849,
      0.006821298040449619,
      0.003902123775333166
    ],
    [
      0.38660475611686707,
      0.036701932549476624,
      0.017743559554219246,
      0.13742661476135254,
      0.1618400365114212,
      0.01966356672346592,
      0.22499693930149078,
      0.015022565610706806
    ]
  ],
  "filename": "BP8_Plueral_EffusionI_C_BP_L_L70M_filtered_seg1_aug_lowpass-pitch_shift-time_shift_f9bac70a.wav",
  "feature_type": "mfcc",
  "timestamp": "20251106_115903",
  "predicted_class": "Healthy",
  "class_probabilities": {
    "Asthma": 0.14666977524757385,
    "BRON": 0.08468296378850937,
    "COPD": 0.005234988406300545,
    "Healthy": 0.4137512147426605,
    "Lung Fibrosis": 0.2221859246492386,
    "Plueral Effusion": 0.038035303354263306,
    "Pneumonia": 0.07879284024238586,
    "RTI": 0.010646987706422806
  }
}