{
  "predicted_class_idx": 0,
  "confidence": 0.684333324432373,
  "all_probabilities": [
    0.684333324432373,
    0.0005205628112889826,
    0.0020078273955732584,
    0.01907435804605484,
    0.0006320179672911763,
    6.88129075570032e-05,
    0.2932434380054474,
    0.00011962591815972701
  ],
  "std_probabilities": [
    0.3688720762729645,
    0.0010075473692268133,
    0.0022955217864364386,
    0.025841020047664642,
    0.0008877156069502234,
    0.00013552610471379012,
    0.3456107974052429,
    0.00019191614410374314
  ],
  "fold_predictions": [
    [
      0.9512201547622681,
      1.106914260162739e-05,
      5.3294326789909974e-05,
      0.00018528284272179008,
      1.1260270184720866e-05,
      8.258358263901755e-08,
      0.048518698662519455,
      9.832028524670022e-08
    ],
    [
      0.38418614864349365,
      5.4897365771466866e-05,
      0.005949779879301786,
      0.06531330943107605,
      0.0008743783109821379,
      2.8815643418056425e-06,
      0.5431231260299683,
      0.0004954748437739909
    ],
    [
      0.9839228987693787,
      9.067701967069297e-07,
      0.0004953888710588217,
      2.337513024031068e-06,
      6.326084189822723e-08,
      6.841514732514042e-07,
      0.015576169826090336,
      1.4953221807445516e-06
    ],
    [
      0.1074364185333252,
      0.002535260980948806,
      0.003284872742369771,
      0.02986777573823929,
      0.0022743712179362774,
      0.00033985820482484996,
      0.8541603684425354,
      0.00010106084664585069
    ],
    [
      0.9949009418487549,
      6.797412197556696e-07,
      0.0002558004925958812,
      3.0827102364128223e-06,
      1.687766904012733e-08,
      5.579998401117336e-07,
      0.004838837310671806,
      2.750655259120549e-10
    ]
  ],
  "filename": "ASMA_5.wav",
  "feature_type": "concat",
  "timestamp": "20251106_144118",
  "predicted_class": "Asthma",
  "class_probabilities": {
    "Asthma": 0.684333324432373,
    "BRON": 0.0005205628112889826,
    "COPD": 0.0020078273955732584,
    "Healthy": 0.01907435804605484,
    "Lung Fibrosis": 0.0006320179672911763,
    "Plueral Effusion": 6.88129075570032e-05,
    "Pneumonia": 0.2932434380054474,
    "RTI": 0.00011962591815972701
  }
}