{
  "predicted_class_idx": 5,
  "confidence": 0.9998981356620789,
  "all_probabilities": [
    0.0001015842572087422,
    9.377884247367604e-17,
    4.244194773406207e-09,
    2.2665669519028597e-07,
    8.673031910710893e-13,
    0.9998981356620789,
    5.8982929449596254e-21,
    1.469505693547272e-18
  ],
  "std_probabilities": [
    0.0002031685144174844,
    1.8749656622625175e-16,
    8.488389546812414e-09,
    4.533133335371531e-07,
    1.7346063821421787e-12,
    0.00020365715317893773,
    1.1776463752166618e-20,
    2.8100003696528644e-18
  ],
  "fold_predictions": [
    [
      6.838969494882274e-13,
      1.222296098342111e-19,
      2.2536322531505565e-20,
      6.021970574109081e-14,
      8.303079727256859e-23,
      1.0,
      4.02496744693008e-23,
      2.6167848338357374e-19
    ],
    [
      1.228760442127792e-21,
      2.1950119946316996e-35,
      1.0426349932402825e-24,
      1.416018421195338e-26,
      4.410869221075831e-26,
      1.0,
      0.0,
      7.63056904534348e-36
    ],
    [
      9.81920033624326e-23,
      6.404669950195695e-33,
      0.0,
      3.79087878375935e-26,
      0.0,
      1.0,
      1.2731005061602455e-37,
      2.2976890327134078e-33
    ],
    [
      1.5154927009500274e-12,
      2.737014617969883e-35,
      7.691120923228214e-36,
      2.8944098498247156e-17,
      8.582952249108404e-27,
      1.0,
      0.0,
      0.0
    ],
    [
      0.0005079212714917958,
      4.687719616912897e-16,
      2.1220973422941825e-08,
      1.1332833764754469e-06,
      4.336515955355447e-12,
      0.9994908571243286,
      2.945121317915076e-20,
      7.085849984352787e-18
    ]
  ],
  "filename": "BP8_Plueral_EffusionI_C_BP_L_L70M_filtered_seg1_aug_add_noise_aef0f7c7.wav",
  "feature_type": "mel",
  "timestamp": "20251106_115857",
  "predicted_class": "Plueral Effusion",
  "class_probabilities": {
    "Asthma": 0.0001015842572087422,
    "BRON": 9.377884247367604e-17,
    "COPD": 4.244194773406207e-09,
    "Healthy": 2.2665669519028597e-07,
    "Lung Fibrosis": 8.673031910710893e-13,
    "Plueral Effusion": 0.9998981356620789,
    "Pneumonia": 5.8982929449596254e-21,
    "RTI": 1.469505693547272e-18
  }
}