{
  "predicted_class_idx": 2,
  "confidence": 0.34209775924682617,
  "all_probabilities": [
    0.02750624716281891,
    0.03710928186774254,
    0.34209775924682617,
    0.24247793853282928,
    0.0003878088609781116,
    0.0019937455654144287,
    0.11093340814113617,
    0.2374938428401947
  ],
  "std_probabilities": [
    0.04145075008273125,
    0.07324552536010742,
    0.219456747174263,
    0.1886679083108902,
    0.0004936640034429729,
    0.003248014021664858,
    0.21419689059257507,
    0.08416808396577835
  ],
  "fold_predictions": [
    [
      4.334254754212452e-06,
      0.000507346645463258,
      0.5983830690383911,
      0.03552480787038803,
      8.545383423097519e-08,
      2.8319171178736724e-05,
      0.00023220777802634984,
      0.36531978845596313
    ],
    [
      0.02947816252708435,
      6.236685749172466e-06,
      0.13712875545024872,
      0.11157765239477158,
      0.0005944144795648754,
      0.0008919526007957757,
      0.539269208908081,
      0.18105366826057434
    ],
    [
      0.0005585792241618037,
      0.0013747215270996094,
      0.30793049931526184,
      0.5163504481315613,
      2.6847394110518508e-05,
      0.00010465238301549107,
      0.002427357481792569,
      0.17122694849967957
    ],
    [
      0.0002312906290171668,
      0.18359705805778503,
      0.07681576907634735,
      0.4175775349140167,
      4.7175704821711406e-05,
      0.00048317178152501583,
      0.010511358268558979,
      0.31073668599128723
    ],
    [
      0.1072588637471199,
      6.104655039962381e-05,
      0.5902306437492371,
      0.13135917484760284,
      0.0012705213157460093,
      0.008460631594061852,
      0.0022269589826464653,
      0.159132182598114
    ]
  ],
  "filename": "190_1b1_Tc_sc_Meditron_filtered_seg2_aug_highpass-lowpass-change_volume_3dd38e03.wav",
  "feature_type": "mfcc",
  "timestamp": "20251106_115517",
  "predicted_class": "COPD",
  "class_probabilities": {
    "Asthma": 0.02750624716281891,
    "BRON": 0.03710928186774254,
    "COPD": 0.34209775924682617,
    "Healthy": 0.24247793853282928,
    "Lung Fibrosis": 0.0003878088609781116,
    "Plueral Effusion": 0.0019937455654144287,
    "Pneumonia": 0.11093340814113617,
    "RTI": 0.2374938428401947
  }
}