{
  "predicted_class_idx": 6,
  "confidence": 0.9219263792037964,
  "all_probabilities": [
    0.002277872757986188,
    0.05397800728678703,
    0.00347903068177402,
    0.009399537928402424,
    0.006119984667748213,
    0.00012787632294930518,
    0.9219263792037964,
    0.002691266592592001
  ],
  "std_probabilities": [
    0.0032859179191291332,
    0.08242644369602203,
    0.006157209165394306,
    0.01532968319952488,
    0.0075192139483988285,
    0.00021227503020782024,
    0.11506645381450653,
    0.0022986263502389193
  ],
  "fold_predictions": [
    [
      3.7894803881499683e-06,
      0.00034447116195224226,
      8.56831047713058e-06,
      0.0012058827560395002,
      1.7307679627265316e-06,
      4.455732138808344e-08,
      0.9983853101730347,
      5.018683441448957e-05
    ],
    [
      8.131060167215765e-05,
      0.020539747551083565,
      0.00020248157670721412,
      0.001100023160688579,
      0.011344781145453453,
      1.0414774806122296e-05,
      0.9646080732345581,
      0.0021131427492946386
    ],
    [
      0.00043982177157886326,
      0.0055739847011864185,
      7.23030370863853e-06,
      8.971880015451461e-05,
      0.0001641859853407368,
      1.5522225567110581e-06,
      0.9885638952255249,
      0.00515959644690156
    ],
    [
      0.008650270290672779,
      0.21777871251106262,
      0.01574772410094738,
      0.039899442344903946,
      0.018461834639310837,
      0.0005483739078044891,
      0.6933236122131348,
      0.005590027663856745
    ],
    [
      0.002214171225205064,
      0.025653112679719925,
      0.0014291496481746435,
      0.00470261974260211,
      0.0006273922044783831,
      7.89961195550859e-05,
      0.9647511839866638,
      0.0005433802143670619
    ]
  ],
  "filename": "191_2b1_Pl_mc_LittC2SE_filtered_seg2_aug_highpass-time_shift-add_noise_aeaccdb7.wav",
  "feature_type": "concat",
  "timestamp": "20251106_115147",
  "predicted_class": "Pneumonia",
  "class_probabilities": {
    "Asthma": 0.002277872757986188,
    "BRON": 0.05397800728678703,
    "COPD": 0.00347903068177402,
    "Healthy": 0.009399537928402424,
    "Lung Fibrosis": 0.006119984667748213,
    "Plueral Effusion": 0.00012787632294930518,
    "Pneumonia": 0.9219263792037964,
    "RTI": 0.002691266592592001
  }
}