{
  "predicted_class_idx": 5,
  "confidence": 0.3999992609024048,
  "all_probabilities": [
    2.2018571144144516e-06,
    0.3908822536468506,
    0.20704618096351624,
    7.383481488432153e-07,
    1.2118222381020658e-25,
    0.3999992609024048,
    0.0020438912324607372,
    2.5472836568951607e-05
  ],
  "std_probabilities": [
    4.403701041155728e-06,
    0.47894343733787537,
    0.39670637249946594,
    1.4485376595985144e-06,
    0.0,
    0.4898970425128937,
    0.003968498203903437,
    4.454624649952166e-05
  ],
  "fold_predictions": [
    [
      1.1009257832483854e-05,
      0.9546552300453186,
      0.035240866243839264,
      6.739949310469173e-13,
      4.446437172029258e-25,
      1.563474589865669e-17,
      0.009978706017136574,
      0.00011423589603509754
    ],
    [
      1.2658999511548532e-15,
      2.7353093123849703e-09,
      0.9999891519546509,
      5.664804447746974e-08,
      1.6126731556644556e-25,
      1.7871946977887632e-11,
      3.6143222814644105e-07,
      1.0447019121784251e-05
    ],
    [
      9.217595835245038e-17,
      3.7457553503372765e-08,
      8.325425523799613e-19,
      3.6350909340399085e-06,
      3.921855581514948e-32,
      0.9999963045120239,
      3.292113245123414e-20,
      2.228802385706441e-11
    ],
    [
      4.438109880646207e-19,
      6.800384695036663e-33,
      1.7178968890476466e-35,
      9.240161804105473e-13,
      0.0,
      1.0,
      1.844526894539414e-26,
      0.0
    ],
    [
      2.7864679313927e-11,
      0.9997560381889343,
      8.0796013435247e-07,
      2.3057280368853073e-14,
      6.22920611250036e-33,
      7.30220181360181e-20,
      0.00024038791889324784,
      2.6812401756615145e-06
    ]
  ],
  "filename": "BP86_NNP_R_U68F_filtered_seg2_aug_change_volume-add_noise-highpass_2acf3010.wav",
  "feature_type": "mel",
  "timestamp": "20251106_114415",
  "predicted_class": "Plueral Effusion",
  "class_probabilities": {
    "Asthma": 2.2018571144144516e-06,
    "BRON": 0.3908822536468506,
    "COPD": 0.20704618096351624,
    "Healthy": 7.383481488432153e-07,
    "Lung Fibrosis": 1.2118222381020658e-25,
    "Plueral Effusion": 0.3999992609024048,
    "Pneumonia": 0.0020438912324607372,
    "RTI": 2.5472836568951607e-05
  }
}