{
  "predicted_class_idx": 2,
  "confidence": 0.9808658361434937,
  "all_probabilities": [
    0.00023789708211552352,
    0.0005583810852840543,
    0.9808658361434937,
    4.9136782763525844e-05,
    1.179127320938278e-05,
    1.3424555334040633e-07,
    0.017864733934402466,
    0.00041208285256288946
  ],
  "std_probabilities": [
    0.00033926672767847776,
    0.001099976827390492,
    0.031089821830391884,
    6.369339098455384e-05,
    1.9147128114127554e-05,
    1.8707271465245867e-07,
    0.029068440198898315,
    0.0005720687913708389
  ],
  "fold_predictions": [
    [
      9.04630752529556e-08,
      6.142335678305244e-06,
      0.9997374415397644,
      7.593026384711266e-05,
      5.454877438637595e-09,
      6.941358043910384e-10,
      1.8973661042309686e-07,
      0.00018029868078883737
    ],
    [
      0.00022398297733161598,
      1.2547248843475245e-05,
      0.9987616539001465,
      6.805140856158687e-06,
      9.556601980875712e-06,
      9.129382583239476e-09,
      0.0006511283572763205,
      0.0003343124408274889
    ],
    [
      6.405206920412354e-10,
      3.07819209410809e-06,
      0.999972939491272,
      1.919500114411221e-08,
      1.8242710453364452e-08,
      7.570992444083657e-11,
      8.220199561037589e-06,
      1.56677961058449e-05
    ],
    [
      0.0008964125881902874,
      0.002758323447778821,
      0.9195337891578674,
      0.00016292526561301202,
      4.9365007726009935e-05,
      1.7846572575308528e-07,
      0.07506906241178513,
      0.0015299859223887324
    ],
    [
      6.899877917021513e-05,
      1.1814244317065459e-05,
      0.9863234758377075,
      4.038923862026422e-09,
      1.1058966187249553e-08,
      4.82862844819465e-07,
      0.013595066033303738,
      1.4944704673780507e-07
    ]
  ],
  "filename": "163_8b3_Al_mc_AKGC417L_filtered_seg1_copy_0023.wav",
  "feature_type": "mfcc",
  "timestamp": "20251106_113426",
  "predicted_class": "COPD",
  "class_probabilities": {
    "Asthma": 0.00023789708211552352,
    "BRON": 0.0005583810852840543,
    "COPD": 0.9808658361434937,
    "Healthy": 4.9136782763525844e-05,
    "Lung Fibrosis": 1.179127320938278e-05,
    "Plueral Effusion": 1.3424555334040633e-07,
    "Pneumonia": 0.017864733934402466,
    "RTI": 0.00041208285256288946
  }
}