{
  "predicted_class_idx": 2,
  "confidence": 0.9481733441352844,
  "all_probabilities": [
    0.00019299297127872705,
    0.004470465239137411,
    0.9481733441352844,
    8.780907228356227e-05,
    1.1410356819396839e-05,
    3.358158664923394e-06,
    0.00039938176632858813,
    0.046661242842674255
  ],
  "std_probabilities": [
    0.00032221717992797494,
    0.008768780156970024,
    0.09929674118757248,
    0.00012778668315149844,
    1.40077090691193e-05,
    4.028067905892385e-06,
    0.000769538979511708,
    0.09036438912153244
  ],
  "fold_predictions": [
    [
      0.0008293413557112217,
      0.02200736664235592,
      0.7496839165687561,
      0.00010480754281161353,
      6.489343377324985e-06,
      8.906643415684812e-06,
      2.453849810990505e-05,
      0.22733460366725922
    ],
    [
      8.280100018964731e-07,
      8.971423426373804e-08,
      0.9999890327453613,
      7.353676001464748e-10,
      4.019835131430227e-09,
      1.5643223605366074e-08,
      9.721584319777321e-06,
      2.8474494229158154e-07
    ],
    [
      0.00013243821740616113,
      0.00015212308790069073,
      0.9915761351585388,
      0.00033045507734641433,
      3.798502802965231e-05,
      7.62572153689689e-06,
      0.001938357250764966,
      0.005824953783303499
    ],
    [
      1.7119846233981661e-06,
      0.00018835047376342118,
      0.9996544122695923,
      3.765445171666215e-06,
      1.2119436178181786e-05,
      1.610838609167331e-07,
      2.3536615117336623e-05,
      0.00011591195652727038
    ],
    [
      6.45273246391298e-07,
      4.3970526348857675e-06,
      0.9999632835388184,
      1.6570272265425956e-08,
      4.539579094853252e-07,
      8.169921983380846e-08,
      7.547290010734287e-07,
      3.0457335014943965e-05
    ]
  ],
  "filename": "218_1b1_Ar_sc_Meditron_filtered_seg7_copy_0146.wav",
  "feature_type": "mel",
  "timestamp": "20251106_113948",
  "predicted_class": "COPD",
  "class_probabilities": {
    "Asthma": 0.00019299297127872705,
    "BRON": 0.004470465239137411,
    "COPD": 0.9481733441352844,
    "Healthy": 8.780907228356227e-05,
    "Lung Fibrosis": 1.1410356819396839e-05,
    "Plueral Effusion": 3.358158664923394e-06,
    "Pneumonia": 0.00039938176632858813,
    "RTI": 0.046661242842674255
  }
}