{
  "predicted_class_idx": 7,
  "confidence": 0.8010791540145874,
  "all_probabilities": [
    2.151877197320573e-05,
    0.18251639604568481,
    0.01328210812062025,
    0.0022974670864641666,
    4.3333675421308726e-05,
    1.735464684315957e-05,
    0.000742657168302685,
    0.8010791540145874
  ],
  "std_probabilities": [
    3.7442510802065954e-05,
    0.3624742925167084,
    0.024390999227762222,
    0.004255845211446285,
    8.398114732699469e-05,
    3.469842340564355e-05,
    0.001390871242620051,
    0.39262813329696655
  ],
  "fold_predictions": [
    [
      9.922950994223356e-06,
      0.00029324719798751175,
      0.0003101936890743673,
      7.165212991822045e-07,
      2.9231543976493413e-06,
      4.856916202555794e-09,
      6.263020168262301e-06,
      0.9993767142295837
    ],
    [
      1.8216617547750502e-07,
      0.00244404305703938,
      0.0038383109495043755,
      0.00039668651879765093,
      1.2386614116621786e-06,
      9.48144585066757e-09,
      0.00017248291987925768,
      0.9931469559669495
    ],
    [
      2.0568177205859683e-07,
      0.0023402373772114515,
      0.00027319847140461206,
      6.7172049966757186e-06,
      2.0047005477863422e-07,
      2.0752299878523672e-09,
      1.119392709370004e-05,
      0.9973682761192322
    ],
    [
      9.604648221284151e-05,
      0.9074622392654419,
      0.061982035636901855,
      0.010803577490150928,
      0.00021128664957359433,
      8.675149001646787e-05,
      0.0035214191302657127,
      0.01583673246204853
    ],
    [
      1.236578896168794e-06,
      4.218968751956709e-05,
      6.800497430958785e-06,
      0.000279638305073604,
      1.0194497690463322e-06,
      5.330946795112368e-09,
      1.9266551589680603e-06,
      0.9996671676635742
    ]
  ],
  "filename": "188_1b1_Al_sc_Meditron_filtered_seg2_orig_0029.wav",
  "feature_type": "concat",
  "timestamp": "20251106_115445",
  "predicted_class": "RTI",
  "class_probabilities": {
    "Asthma": 2.151877197320573e-05,
    "BRON": 0.18251639604568481,
    "COPD": 0.01328210812062025,
    "Healthy": 0.0022974670864641666,
    "Lung Fibrosis": 4.3333675421308726e-05,
    "Plueral Effusion": 1.735464684315957e-05,
    "Pneumonia": 0.000742657168302685,
    "RTI": 0.8010791540145874
  }
}