{
  "predicted_class_idx": 1,
  "confidence": 0.5778520107269287,
  "all_probabilities": [
    0.1406528204679489,
    0.5778520107269287,
    0.0007145487470552325,
    0.008744332008063793,
    0.1752539724111557,
    0.09633827209472656,
    0.00040460884338244796,
    3.940398892154917e-05
  ],
  "std_probabilities": [
    0.16304579377174377,
    0.32613712549209595,
    0.001077991328202188,
    0.016275206580758095,
    0.2675344944000244,
    0.18861567974090576,
    0.00047927963896654546,
    4.323889152146876e-05
  ],
  "fold_predictions": [
    [
      0.0037114655133336782,
      0.9929465651512146,
      0.00023352063726633787,
      0.0006836680113337934,
      0.001066415454261005,
      1.60046765813604e-05,
      0.001298804534599185,
      4.3604835809674114e-05
    ],
    [
      0.3480251133441925,
      0.12157819420099258,
      0.00040941499173641205,
      1.2046959454892203e-05,
      0.05617181584239006,
      0.473518043756485,
      0.0002503181167412549,
      3.5049273719778284e-05
    ],
    [
      0.005343462806195021,
      0.29087772965431213,
      4.373339470475912e-05,
      1.5069297660375014e-05,
      0.7035253047943115,
      7.41541589377448e-05,
      2.2869903659739066e-06,
      0.00011824356624856591
    ],
    [
      0.013796351850032806,
      0.8289380669593811,
      3.334844222990796e-05,
      0.041270218789577484,
      0.11549483239650726,
      7.3469038852636e-07,
      0.00046637014020234346,
      6.254457929344426e-08
    ],
    [
      0.33238768577575684,
      0.6549196839332581,
      0.0028527264948934317,
      0.001740654930472374,
      1.1502273082442116e-05,
      0.008082405664026737,
      5.2644322749983985e-06,
      5.973346617338393e-08
    ]
  ],
  "filename": "169_1b1_Lr_sc_Meditron_filtered_seg1_aug_highpass-lowpass_d0b9375e.wav",
  "feature_type": "mfcc",
  "timestamp": "20251106_112737",
  "predicted_class": "BRON",
  "class_probabilities": {
    "Asthma": 0.1406528204679489,
    "BRON": 0.5778520107269287,
    "COPD": 0.0007145487470552325,
    "Healthy": 0.008744332008063793,
    "Lung Fibrosis": 0.1752539724111557,
    "Plueral Effusion": 0.09633827209472656,
    "Pneumonia": 0.00040460884338244796,
    "RTI": 3.940398892154917e-05
  }
}