{
  "predicted_class_idx": 6,
  "confidence": 0.5371788740158081,
  "all_probabilities": [
    0.05896206945180893,
    0.029966115951538086,
    0.00047209678450599313,
    0.31095415353775024,
    0.06152505427598953,
    0.0004127060528844595,
    0.5371788740158081,
    0.0005289224209263921
  ],
  "std_probabilities": [
    0.04967106506228447,
    0.032957546412944794,
    0.0003911862149834633,
    0.29754573106765747,
    0.07106110453605652,
    0.0008116348762996495,
    0.28079864382743835,
    0.0008999005658552051
  ],
  "fold_predictions": [
    [
      0.004003526642918587,
      0.09006273746490479,
      4.357065699878149e-05,
      0.8762838840484619,
      6.436593685066327e-05,
      6.802314373999252e-07,
      0.02954099513590336,
      2.296583687666498e-07
    ],
    [
      0.03742258623242378,
      0.002952365670353174,
      7.73113060859032e-05,
      0.3071911334991455,
      0.16110457479953766,
      3.744208925127168e-06,
      0.49119290709495544,
      5.535954551305622e-05
    ],
    [
      0.03755302354693413,
      0.010389083065092564,
      0.00042631360702216625,
      0.08312971144914627,
      0.00692841736599803,
      2.2469122995971702e-05,
      0.8612803816795349,
      0.0002704929211176932
    ],
    [
      0.1503445953130722,
      0.04075155779719353,
      0.00075517751974985,
      0.05616402626037598,
      0.1347191482782364,
      0.002035894664004445,
      0.6129119396209717,
      0.002317685866728425
    ],
    [
      0.0654866173863411,
      0.005674845539033413,
      0.0010581107344478369,
      0.23200184106826782,
      0.004808766767382622,
      7.419237704198167e-07,
      0.6909682750701904,
      8.441354566457449e-07
    ]
  ],
  "filename": "BP106_AsthmaE_WP_L_U45F_filtered_seg2_aug_highpass_081430f1.wav",
  "feature_type": "concat",
  "timestamp": "20251106_120135",
  "predicted_class": "Pneumonia",
  "class_probabilities": {
    "Asthma": 0.05896206945180893,
    "BRON": 0.029966115951538086,
    "COPD": 0.00047209678450599313,
    "Healthy": 0.31095415353775024,
    "Lung Fibrosis": 0.06152505427598953,
    "Plueral Effusion": 0.0004127060528844595,
    "Pneumonia": 0.5371788740158081,
    "RTI": 0.0005289224209263921
  }
}