{
  "predicted_class_idx": 6,
  "confidence": 0.4950881600379944,
  "all_probabilities": [
    0.033760689198970795,
    0.0034914191346615553,
    0.00025374224060215056,
    0.15897706151008606,
    0.3078065514564514,
    0.0003939351881854236,
    0.4950881600379944,
    0.00022844516206532717
  ],
  "std_probabilities": [
    0.048137400299310684,
    0.006482969503849745,
    0.0003350478655193001,
    0.11489732563495636,
    0.32449883222579956,
    0.000754870125092566,
    0.33855175971984863,
    0.0002939721161965281
  ],
  "fold_predictions": [
    [
      0.006559661589562893,
      0.00041005920502357185,
      0.00020235221018083394,
      0.12682132422924042,
      0.8482536673545837,
      1.897111906146165e-05,
      0.017706189304590225,
      2.7816809961223044e-05
    ],
    [
      0.0009490094380453229,
      4.706845629698364e-06,
      4.0074951357382815e-06,
      0.3050263226032257,
      0.5181233286857605,
      2.6540899256133343e-08,
      0.17588022351264954,
      1.2404138033161871e-05
    ],
    [
      0.0014314251020550728,
      0.00015498296124860644,
      1.90003847819753e-05,
      0.006884782109409571,
      0.0961202010512352,
      1.6085550669231452e-06,
      0.8950457572937012,
      0.00034230973687954247
    ],
    [
      0.1271590143442154,
      0.016453389078378677,
      0.0009074194240383804,
      0.07862553745508194,
      0.0324433259665966,
      0.0019033164717257023,
      0.7417497634887695,
      0.000758240232244134
    ],
    [
      0.032704323530197144,
      0.0004339565057307482,
      0.00013593162293545902,
      0.2775273323059082,
      0.04409234598278999,
      4.57533860753756e-05,
      0.6450588703155518,
      1.4548619446941302e-06
    ]
  ],
  "filename": "BP52_Lung_FibrosisCrepP_L_L76F_filtered_seg1_aug_lowpass-change_volume-time_shift_3ed8b8fa.wav",
  "feature_type": "concat",
  "timestamp": "20251106_114809",
  "predicted_class": "Pneumonia",
  "class_probabilities": {
    "Asthma": 0.033760689198970795,
    "BRON": 0.0034914191346615553,
    "COPD": 0.00025374224060215056,
    "Healthy": 0.15897706151008606,
    "Lung Fibrosis": 0.3078065514564514,
    "Plueral Effusion": 0.0003939351881854236,
    "Pneumonia": 0.4950881600379944,
    "RTI": 0.00022844516206532717
  }
}