{
  "predicted_class_idx": 5,
  "confidence": 0.4962437152862549,
  "all_probabilities": [
    0.0006127268425188959,
    0.4750978350639343,
    4.4101353680048305e-09,
    0.022045988589525223,
    1.5281743648287716e-09,
    0.4962437152862549,
    0.004804540425539017,
    0.001195175340399146
  ],
  "std_probabilities": [
    0.001224356354214251,
    0.43231603503227234,
    7.1413759350491546e-09,
    0.017799025401473045,
    2.519321418148479e-09,
    0.4376368522644043,
    0.009203384630382061,
    0.0023325749207288027
  ],
  "fold_predictions": [
    [
      0.0030614391434937716,
      0.9966151118278503,
      1.3270118337516124e-10,
      7.13041686140059e-07,
      3.769592602474725e-13,
      2.408916589047294e-05,
      0.0002986147883348167,
      4.42459722194144e-08
    ],
    [
      4.2132288058382983e-07,
      8.961512087957146e-10,
      3.4661140624336895e-09,
      0.03259389474987984,
      6.5403735760583e-09,
      0.9674052596092224,
      4.824577004569619e-08,
      3.8215097220017924e-07
    ],
    [
      1.6380933232085226e-07,
      0.0009201192879118025,
      1.4618597131421662e-12,
      0.0013460423797369003,
      9.382075736967532e-14,
      0.9977333545684814,
      3.997849828962785e-10,
      2.5189072516695887e-07
    ],
    [
      1.6063186194514856e-06,
      0.9343894124031067,
      5.58772776312888e-12,
      0.033675145357847214,
      6.724220624754196e-10,
      0.008610961958765984,
      0.023207178339362144,
      0.00011573079973459244
    ],
    [
      3.5488114669135484e-09,
      0.4435645639896393,
      1.8444813676410377e-08,
      0.04261414334177971,
      4.276054788032724e-10,
      0.5074449181556702,
      0.0005168605130165815,
      0.005859467200934887
    ]
  ],
  "filename": "BP68_asthmaE_WP_R_L_21F_filtered_seg2_aug_add_noise-highpass-change_volume_c8e79fd4.wav",
  "feature_type": "mel",
  "timestamp": "20251106_112436",
  "predicted_class": "Plueral Effusion",
  "class_probabilities": {
    "Asthma": 0.0006127268425188959,
    "BRON": 0.4750978350639343,
    "COPD": 4.4101353680048305e-09,
    "Healthy": 0.022045988589525223,
    "Lung Fibrosis": 1.5281743648287716e-09,
    "Plueral Effusion": 0.4962437152862549,
    "Pneumonia": 0.004804540425539017,
    "RTI": 0.001195175340399146
  }
}