{
  "predicted_class_idx": 1,
  "confidence": 0.9997345209121704,
  "all_probabilities": [
    1.5451676915745338e-07,
    0.9997345209121704,
    0.00025361095322296023,
    9.630634849600028e-06,
    4.452139279464973e-08,
    3.4281281813264286e-08,
    8.231787660406553e-07,
    1.22615540476545e-06
  ],
  "std_probabilities": [
    1.3849208357896714e-07,
    0.0002742662909440696,
    0.0002807205019053072,
    1.7488373487140052e-05,
    8.22257462118614e-08,
    5.755350329650355e-08,
    1.5661297538827057e-06,
    2.351307784920209e-06
  ],
  "fold_predictions": [
    [
      2.9517002531065373e-07,
      0.9992628693580627,
      0.0007361657917499542,
      4.981419579053181e-07,
      6.505721517058305e-10,
      3.879839852172218e-11,
      1.4591699937227531e-07,
      4.863447955472111e-08
    ],
    [
      3.4169849527643237e-07,
      0.9995895028114319,
      0.0004069902643095702,
      3.0441231047007022e-06,
      9.755700247637833e-09,
      1.2631798718132359e-08,
      1.4774943934980911e-08,
      1.1587174952865098e-07
    ],
    [
      1.0091037694337501e-07,
      0.9998936653137207,
      5.139643690199591e-05,
      4.453584915609099e-05,
      2.088280979251067e-07,
      1.4893801392190653e-07,
      3.953532086597988e-06,
      5.9281774156261235e-06
    ],
    [
      3.480420218693325e-08,
      0.9999265670776367,
      7.341491436818615e-05,
      7.198810436648273e-08,
      3.372571777404687e-09,
      9.79619496632722e-09,
      6.144990627454661e-10,
      3.799828363071356e-08
    ],
    [
      7.571853300608611e-13,
      0.9999998807907104,
      8.728846978556248e-08,
      3.0755937796556054e-09,
      1.0255597098548369e-14,
      1.6032426037801417e-12,
      1.0556354679280844e-09,
      9.48793474342402e-11
    ]
  ],
  "filename": "BRON_14.wav",
  "feature_type": "mel",
  "timestamp": "20251106_144426",
  "predicted_class": "BRON",
  "class_probabilities": {
    "Asthma": 1.5451676915745338e-07,
    "BRON": 0.9997345209121704,
    "COPD": 0.00025361095322296023,
    "Healthy": 9.630634849600028e-06,
    "Lung Fibrosis": 4.452139279464973e-08,
    "Plueral Effusion": 3.4281281813264286e-08,
    "Pneumonia": 8.231787660406553e-07,
    "RTI": 1.22615540476545e-06
  }
}