{
  "predicted_class_idx": 5,
  "confidence": 0.32950228452682495,
  "all_probabilities": [
    0.07399217039346695,
    0.0030621192418038845,
    5.7012628531083465e-05,
    0.11533425003290176,
    0.3160731792449951,
    0.32950228452682495,
    0.15832427144050598,
    0.0036546725314110518
  ],
  "std_probabilities": [
    0.12882760167121887,
    0.004762185271829367,
    6.956404104130343e-05,
    0.12658053636550903,
    0.348734587430954,
    0.4126764237880707,
    0.28948110342025757,
    0.006776141468435526
  ],
  "fold_predictions": [
    [
      0.024386489763855934,
      0.01243530958890915,
      0.000142322649480775,
      0.17289428412914276,
      0.02873958833515644,
      0.007186654955148697,
      0.7370242476463318,
      0.01719103753566742
    ],
    [
      0.0006097268196754158,
      0.002344775013625622,
      3.2985821007969207e-07,
      0.005918885115534067,
      0.9675076603889465,
      0.00031714700162410736,
      0.023151284083724022,
      0.000150096500874497
    ],
    [
      0.002281768247485161,
      3.3284952678513946e-06,
      1.719349107531798e-09,
      0.0013268863549456,
      3.333767381263897e-05,
      0.9963542222976685,
      4.385946112961392e-07,
      9.446103899080072e-10
    ],
    [
      0.01159018836915493,
      0.00028649248997680843,
      3.102190646586678e-07,
      0.0602884516119957,
      0.2844470739364624,
      0.6336356401443481,
      0.008852819912135601,
      0.0008990138303488493
    ],
    [
      0.3310926556587219,
      0.00024069072969723493,
      0.00014209869550541043,
      0.33624276518821716,
      0.2996383309364319,
      0.010017716325819492,
      0.022592544555664062,
      3.321425538160838e-05
    ]
  ],
  "filename": "BP52_Lung_FibrosisCrepP_L_L76F_filtered_seg1_aug_lowpass-change_volume-time_shift_3ed8b8fa.wav",
  "feature_type": "mel",
  "timestamp": "20251106_114810",
  "predicted_class": "Plueral Effusion",
  "class_probabilities": {
    "Asthma": 0.07399217039346695,
    "BRON": 0.0030621192418038845,
    "COPD": 5.7012628531083465e-05,
    "Healthy": 0.11533425003290176,
    "Lung Fibrosis": 0.3160731792449951,
    "Plueral Effusion": 0.32950228452682495,
    "Pneumonia": 0.15832427144050598,
    "RTI": 0.0036546725314110518
  }
}