{
  "predicted_class_idx": 1,
  "confidence": 0.7954204678535461,
  "all_probabilities": [
    4.6408194975811057e-07,
    0.7954204678535461,
    1.0658989140210906e-06,
    0.19691874086856842,
    4.060992514487438e-11,
    1.575144210619328e-06,
    1.3266779205878265e-05,
    0.0076444088481366634
  ],
  "std_probabilities": [
    8.863293032845831e-07,
    0.38565418124198914,
    1.8050550352199934e-06,
    0.37728074193000793,
    7.867635015701424e-11,
    3.024888428626582e-06,
    1.6113801393657923e-05,
    0.009759854525327682
  ],
  "fold_predictions": [
    [
      4.7469521646803514e-09,
      0.9998824596405029,
      4.648609319701791e-06,
      4.867964662480517e-07,
      2.408925381218452e-13,
      7.425652107095893e-12,
      2.7431822218204616e-06,
      0.0001096529740607366
    ],
    [
      2.235697138530668e-06,
      0.024988539516925812,
      5.958343081147177e-07,
      0.9510326385498047,
      1.9791843164362888e-10,
      2.536465046887315e-07,
      4.0526218072045594e-05,
      0.023935215547680855
    ],
    [
      7.996584372449433e-08,
      0.9524365663528442,
      8.504692772248745e-08,
      0.033549368381500244,
      4.889360184084923e-12,
      7.621732493134914e-06,
      2.2987058400758542e-05,
      0.01398319099098444
    ],
    [
      5.5804641371217864e-14,
      0.9998576641082764,
      8.7484363295106e-16,
      1.92822994904418e-06,
      9.168911425461515e-16,
      5.577229148889633e-14,
      1.2076759592360986e-09,
      0.00014042225666344166
    ],
    [
      8.751309274685273e-14,
      0.9999370574951172,
      3.791983654161113e-12,
      9.281492566515226e-06,
      1.7869428917389122e-17,
      3.347208621384823e-10,
      7.622691811093318e-08,
      5.3566684073302895e-05
    ]
  ],
  "filename": "201_1b1_Al_sc_Meditron_filtered_seg3_aug_highpass_0baddcaf.wav",
  "feature_type": "mel",
  "timestamp": "20251106_112801",
  "predicted_class": "BRON",
  "class_probabilities": {
    "Asthma": 4.6408194975811057e-07,
    "BRON": 0.7954204678535461,
    "COPD": 1.0658989140210906e-06,
    "Healthy": 0.19691874086856842,
    "Lung Fibrosis": 4.060992514487438e-11,
    "Plueral Effusion": 1.575144210619328e-06,
    "Pneumonia": 1.3266779205878265e-05,
    "RTI": 0.0076444088481366634
  }
}