{
  "predicted_class_idx": 0,
  "confidence": 0.4020916819572449,
  "all_probabilities": [
    0.4020916819572449,
    0.0013285537716001272,
    6.558059340022737e-06,
    0.001787911751307547,
    0.2772465944290161,
    0.3174147605895996,
    9.907310595735908e-05,
    2.4877377654775046e-05
  ],
  "std_probabilities": [
    0.45577383041381836,
    0.0024017237592488527,
    7.900935088400729e-06,
    0.0023016007617115974,
    0.38829347491264343,
    0.3824571669101715,
    0.0001963789400178939,
    4.9188420234713703e-05
  ],
  "fold_predictions": [
    [
      0.931145191192627,
      0.006116941571235657,
      2.986000424698432e-07,
      0.00315116043202579,
      0.002596232807263732,
      0.056375131011009216,
      0.0004918266204185784,
      0.00012325038551352918
    ],
    [
      0.04260445758700371,
      4.993526999896858e-06,
      2.355563992750831e-07,
      1.465925197408069e-05,
      3.24017382808961e-05,
      0.9573429822921753,
      2.3639175594780681e-07,
      4.601509839829987e-09
    ],
    [
      0.04132382571697235,
      0.0004993393667973578,
      6.840159585408401e-06,
      0.00570395914837718,
      0.39094457030296326,
      0.5615200996398926,
      3.137157307264715e-07,
      1.1252286640228704e-06
    ],
    [
      0.007239760830998421,
      1.7627779016038403e-05,
      3.841023499262519e-06,
      6.927832146175206e-05,
      0.9926445484161377,
      2.4655180823174305e-05,
      3.099778211890225e-07,
      1.2330844895505622e-12
    ],
    [
      0.9881452322006226,
      3.867069608531892e-06,
      2.157495509891305e-05,
      5.019777518100454e-07,
      1.5270537915057503e-05,
      0.011810916475951672,
      2.678817054402316e-06,
      6.682311592953738e-09
    ]
  ],
  "filename": "BRON_7.wav",
  "feature_type": "mfcc",
  "timestamp": "20251113_103747",
  "predicted_class": "ASMA",
  "class_probabilities": {
    "ASMA": 0.4020916819572449,
    "BRON": 0.0013285537716001272,
    "COPD": 6.558059340022737e-06,
    "Healthy": 0.001787911751307547,
    "Lung Fibrosis": 0.2772465944290161,
    "Plueral Effusion": 0.3174147605895996,
    "Pneumonia": 9.907310595735908e-05,
    "RTI": 2.4877377654775046e-05
  }
}