{
  "predicted_class_idx": 5,
  "confidence": 0.9189571142196655,
  "all_probabilities": [
    0.08104006946086884,
    9.031741215917259e-15,
    7.021768055892608e-07,
    2.079482555927825e-06,
    6.659995888114167e-10,
    0.9189571142196655,
    1.4007329474543786e-20,
    1.7270414165408026e-16
  ],
  "std_probabilities": [
    0.16208013892173767,
    1.8054817284784107e-14,
    1.4043536111785215e-06,
    4.158962838118896e-06,
    1.3319991776228335e-09,
    0.16208569705486298,
    1.9284756322916308e-20,
    3.2887083851574717e-16
  ],
  "fold_predictions": [
    [
      2.806095911189743e-10,
      1.7333293457724102e-17,
      2.7604761399370285e-16,
      4.662751521694597e-12,
      3.7961742983228986e-19,
      1.0,
      2.1090468981899693e-20,
      3.358970363702257e-17
    ],
    [
      1.572671711243674e-19,
      2.8025131264635026e-32,
      8.534543152547055e-25,
      2.9166220955004014e-24,
      3.2117132664686883e-24,
      1.0,
      1.367839716944072e-37,
      9.46797608601492e-34
    ],
    [
      9.249836128258777e-22,
      5.771895831018288e-33,
      0.0,
      5.609056799618009e-26,
      0.0,
      1.0,
      1.81069159978836e-36,
      9.264509585160098e-33
    ],
    [
      8.35640556751116e-10,
      1.0895375019127586e-32,
      3.7487483455067826e-31,
      1.0595651011311227e-13,
      7.195563823625975e-23,
      1.0,
      1.6383820495562364e-38,
      0.0
    ],
    [
      0.405200332403183,
      4.514137409141958e-14,
      3.510883971102885e-06,
      1.0397408004791941e-05,
      3.3299978330347813e-09,
      0.594785749912262,
      4.894617354405784e-20,
      8.299309814723216e-16
    ]
  ],
  "filename": "BP88_NNA_R_U29M_filtered_seg1_aug_add_noise-time_stretch_3bb0d422.wav",
  "feature_type": "mel",
  "timestamp": "20251106_114437",
  "predicted_class": "Plueral Effusion",
  "class_probabilities": {
    "Asthma": 0.08104006946086884,
    "BRON": 9.031741215917259e-15,
    "COPD": 7.021768055892608e-07,
    "Healthy": 2.079482555927825e-06,
    "Lung Fibrosis": 6.659995888114167e-10,
    "Plueral Effusion": 0.9189571142196655,
    "Pneumonia": 1.4007329474543786e-20,
    "RTI": 1.7270414165408026e-16
  }
}