{
  "predicted_class_idx": 0,
  "confidence": 0.5523554086685181,
  "all_probabilities": [
    0.5523554086685181,
    0.002143653342500329,
    0.00012516182323452085,
    0.02419649437069893,
    0.41736167669296265,
    8.821987762530625e-07,
    0.003684963332489133,
    0.00013175753701943904
  ],
  "std_probabilities": [
    0.3589879870414734,
    0.0019167378777638078,
    0.00019939447520300746,
    0.03488505259156227,
    0.3381505310535431,
    1.6278289649562794e-06,
    0.0015668417327106,
    0.00024193650460802019
  ],
  "fold_predictions": [
    [
      0.2613254487514496,
      0.0018807380693033338,
      5.091817911306862e-06,
      0.0027399242389947176,
      0.7291499376296997,
      2.3327451970089896e-08,
      0.004882445093244314,
      1.6427971786470152e-05
    ],
    [
      0.3225924074649811,
      0.00054593087406829,
      4.9437359848525375e-05,
      0.02685019187629223,
      0.6474035382270813,
      1.2221012468671688e-07,
      0.0025422328617423773,
      1.617948328203056e-05
    ],
    [
      0.98893141746521,
      0.0055817472748458385,
      4.938659185427241e-05,
      0.0002374590840190649,
      0.0003345903824083507,
      1.2874025401288236e-07,
      0.004854624159634113,
      1.0676892998162657e-05
    ],
    [
      0.1990353912115097,
      0.0025131357833743095,
      0.0005217366851866245,
      0.09101466834545135,
      0.7012969255447388,
      4.136236839258345e-06,
      0.004998565185815096,
      0.0006154843140393496
    ],
    [
      0.9898924827575684,
      0.00019671420159284025,
      1.5666746833176148e-07,
      0.00014022363757248968,
      0.008623428642749786,
      4.79510098294611e-10,
      0.0011469495948404074,
      1.9038720822095456e-08
    ]
  ],
  "filename": "BP8_Plueral_EffusionI_C_BP_L_L70M_filtered_seg3_aug_time_shift_7e866f61plueral.wav",
  "feature_type": "mfcc",
  "timestamp": "20251106_115923",
  "predicted_class": "Asthma",
  "class_probabilities": {
    "Asthma": 0.5523554086685181,
    "BRON": 0.002143653342500329,
    "COPD": 0.00012516182323452085,
    "Healthy": 0.02419649437069893,
    "Lung Fibrosis": 0.41736167669296265,
    "Plueral Effusion": 8.821987762530625e-07,
    "Pneumonia": 0.003684963332489133,
    "RTI": 0.00013175753701943904
  }
}