{
  "predicted_class_idx": 7,
  "confidence": 0.7132221460342407,
  "all_probabilities": [
    0.0008422667160630226,
    0.26556625962257385,
    1.5023620107967872e-05,
    0.014324638061225414,
    0.005621358752250671,
    2.4581838715675985e-06,
    0.0004058836493641138,
    0.7132221460342407
  ],
  "std_probabilities": [
    0.0009657976916059852,
    0.2956208884716034,
    2.197297908423934e-05,
    0.010134120471775532,
    0.009280795231461525,
    1.8785743804983213e-06,
    0.00025960299535654485,
    0.3009240925312042
  ],
  "fold_predictions": [
    [
      6.339146057143807e-05,
      0.04896286875009537,
      1.2464048495530733e-06,
      0.001336075714789331,
      5.842178507009521e-05,
      1.0780986485769972e-06,
      7.418156747007743e-05,
      0.9495027661323547
    ],
    [
      3.300528703675809e-07,
      0.00010479431512067094,
      3.977393348009173e-08,
      0.024346914142370224,
      3.1883207185501306e-08,
      5.994055527480668e-07,
      0.00029818492475897074,
      0.9752491116523743
    ],
    [
      0.001482974854297936,
      0.20142294466495514,
      1.0419856153021101e-05,
      0.013668211176991463,
      0.024096189066767693,
      3.113440243396326e-06,
      0.000749465252738446,
      0.758566677570343
    ],
    [
      0.00022382561292033643,
      0.8270152807235718,
      5.836997297592461e-05,
      0.027030033990740776,
      0.0023112506605684757,
      5.813799816678511e-06,
      0.0006690887385047972,
      0.1426863968372345
    ],
    [
      0.002440811600536108,
      0.2503255009651184,
      5.042094471718883e-06,
      0.005241951905190945,
      0.001640900271013379,
      1.6861752101249294e-06,
      0.00023849763965699822,
      0.7401056289672852
    ]
  ],
  "filename": "131_1b1_Al_sc_Meditron_filtered_seg2_aug_pitch_shift-change_volume-time_stretch_5df4a2d6.wav",
  "feature_type": "mfcc",
  "timestamp": "20251106_115359",
  "predicted_class": "RTI",
  "class_probabilities": {
    "Asthma": 0.0008422667160630226,
    "BRON": 0.26556625962257385,
    "COPD": 1.5023620107967872e-05,
    "Healthy": 0.014324638061225414,
    "Lung Fibrosis": 0.005621358752250671,
    "Plueral Effusion": 2.4581838715675985e-06,
    "Pneumonia": 0.0004058836493641138,
    "RTI": 0.7132221460342407
  }
}