{
  "predicted_class_idx": 4,
  "confidence": 0.6739281415939331,
  "all_probabilities": [
    0.09609469026327133,
    0.058352239429950714,
    0.0045373328030109406,
    0.004788618069142103,
    0.6739281415939331,
    4.617584272637032e-05,
    0.14239510893821716,
    0.019857745617628098
  ],
  "std_probabilities": [
    0.11256736516952515,
    0.09696406871080399,
    0.008872393518686295,
    0.006452703848481178,
    0.34239864349365234,
    4.8565609176876023e-05,
    0.2831982672214508,
    0.03321448713541031
  ],
  "fold_predictions": [
    [
      0.08843475580215454,
      0.03989889845252037,
      0.022281713783740997,
      0.0020987908355891705,
      0.05293166637420654,
      0.00010482600919203833,
      0.7087907195091248,
      0.0854586511850357
    ],
    [
      2.3110807887860574e-05,
      0.0013274592347443104,
      1.039679136738414e-05,
      3.68947112292517e-05,
      0.9979811310768127,
      2.285962352743809e-07,
      0.0004116404743399471,
      0.00020917112124152482
    ],
    [
      0.31202757358551025,
      0.0006361023406498134,
      0.0001995061757043004,
      0.017394157126545906,
      0.6690833568572998,
      0.0001053885425790213,
      0.0005445964634418488,
      9.319145647168625e-06
    ],
    [
      0.06394239515066147,
      0.24988192319869995,
      0.00010533353633945808,
      0.003958745859563351,
      0.6667466759681702,
      1.8879105482483283e-05,
      0.0017652460373938084,
      0.013580714352428913
    ],
    [
      0.01604560762643814,
      1.6805519408080727e-05,
      8.971311035566032e-05,
      0.00045450153993442655,
      0.9828976988792419,
      1.5569615925414837e-06,
      0.000463291653431952,
      3.087519871769473e-05
    ]
  ],
  "filename": "BP26_Lung_FibrosisCrepP90F_filtered_seg2_aug_time_shift-pitch_shift_e2b48dbe.wav",
  "feature_type": "mel",
  "timestamp": "20251106_114743",
  "predicted_class": "Lung Fibrosis",
  "class_probabilities": {
    "Asthma": 0.09609469026327133,
    "BRON": 0.058352239429950714,
    "COPD": 0.0045373328030109406,
    "Healthy": 0.004788618069142103,
    "Lung Fibrosis": 0.6739281415939331,
    "Plueral Effusion": 4.617584272637032e-05,
    "Pneumonia": 0.14239510893821716,
    "RTI": 0.019857745617628098
  }
}