{
  "predicted_class_idx": 2,
  "confidence": 0.9994975328445435,
  "all_probabilities": [
    7.689678568567615e-06,
    0.0003233150637242943,
    0.9994975328445435,
    2.57113742918591e-06,
    3.5706210610442213e-07,
    1.837202923127279e-08,
    9.395709525961138e-07,
    0.00016765159671194851
  ],
  "std_probabilities": [
    1.3870813745597843e-05,
    0.0006126560620032251,
    0.0006966709042899311,
    5.10738618686446e-06,
    5.748538569605444e-07,
    3.522801250710472e-08,
    1.8741260419119499e-06,
    0.00022204613196663558
  ],
  "fold_predictions": [
    [
      1.389258841300034e-06,
      2.1053741861010167e-08,
      0.9999961853027344,
      1.9513231030998668e-09,
      2.822826061787964e-08,
      9.732575162457735e-11,
      8.276886953595408e-10,
      2.39880864683073e-06
    ],
    [
      2.546649398027512e-07,
      2.808320798131092e-10,
      0.9999858140945435,
      3.3971550572609033e-10,
      6.681093872584754e-11,
      4.650495266655952e-10,
      2.1526684601536061e-10,
      1.3896904420107603e-05
    ],
    [
      3.5412609577178955e-05,
      6.909386138431728e-05,
      0.9993031024932861,
      1.2785820217686705e-05,
      1.5016242969068117e-06,
      8.880532220700843e-08,
      4.687819000537274e-06,
      0.000573380384594202
    ],
    [
      1.3165666246095498e-07,
      2.0402468603464285e-09,
      0.9999921321868896,
      9.15967213188651e-09,
      1.0061567934371851e-07,
      2.0700788305738627e-11,
      7.783816258211118e-09,
      7.677715984755196e-06
    ],
    [
      1.2602044989762362e-06,
      0.0015474579995498061,
      0.9982101917266846,
      5.8416652848336525e-08,
      1.5477550618925306e-07,
      2.47175147016776e-09,
      1.2093457346651348e-09,
      0.00024090414808597416
    ]
  ],
  "filename": "COPD_1.wav",
  "feature_type": "mel",
  "timestamp": "20251106_144150",
  "predicted_class": "COPD",
  "class_probabilities": {
    "Asthma": 7.689678568567615e-06,
    "BRON": 0.0003233150637242943,
    "COPD": 0.9994975328445435,
    "Healthy": 2.57113742918591e-06,
    "Lung Fibrosis": 3.5706210610442213e-07,
    "Plueral Effusion": 1.837202923127279e-08,
    "Pneumonia": 9.395709525961138e-07,
    "RTI": 0.00016765159671194851
  }
}