{
  "predicted_class_idx": 1,
  "confidence": 0.9976934194564819,
  "all_probabilities": [
    1.234460228261014e-06,
    0.9976934194564819,
    7.342849812630448e-07,
    0.00017402161029167473,
    1.2166690339654451e-06,
    5.4522672598977806e-08,
    0.0010455312440171838,
    0.0010837216395884752
  ],
  "std_probabilities": [
    2.2955905478738714e-06,
    0.0023219678550958633,
    1.114514475375472e-06,
    0.00032766908407211304,
    2.3202958345791558e-06,
    1.00917986856075e-07,
    0.0012904983013868332,
    0.0014829462161287665
  ],
  "fold_predictions": [
    [
      3.4966700468430645e-07,
      0.9937604069709778,
      2.8971019219170557e-06,
      0.0008291159174405038,
      1.6639091882098e-07,
      1.2312328934172001e-08,
      0.0015954573173075914,
      0.003811556613072753
    ],
    [
      2.776760599232375e-09,
      0.9983684420585632,
      4.503065298422371e-08,
      2.1559993911068887e-05,
      6.042375133574751e-08,
      2.919059216566211e-09,
      8.199254079954699e-05,
      0.0015278559876605868
    ],
    [
      5.817719738843152e-06,
      0.9965474009513855,
      7.149514544835256e-07,
      1.8826560335583054e-05,
      5.855675681232242e-06,
      2.5617256937948696e-07,
      0.0033464825246483088,
      7.475291931768879e-05
    ],
    [
      2.1133330641021075e-09,
      0.999998927116394,
      1.395341203691558e-10,
      7.835696180791274e-08,
      8.541780061044335e-10,
      1.1438082703207897e-09,
      1.198364856236367e-07,
      8.040228749450762e-07
    ],
    [
      2.4761243402893207e-11,
      0.9997921586036682,
      1.4201264164626082e-08,
      5.271684244689823e-07,
      3.947491476492121e-13,
      6.560942067412867e-11,
      0.0002036040386883542,
      3.638229145508376e-06
    ]
  ],
  "filename": "BRON_2.wav",
  "feature_type": "mel",
  "timestamp": "20251106_144400",
  "predicted_class": "BRON",
  "class_probabilities": {
    "Asthma": 1.234460228261014e-06,
    "BRON": 0.9976934194564819,
    "COPD": 7.342849812630448e-07,
    "Healthy": 0.00017402161029167473,
    "Lung Fibrosis": 1.2166690339654451e-06,
    "Plueral Effusion": 5.4522672598977806e-08,
    "Pneumonia": 0.0010455312440171838,
    "RTI": 0.0010837216395884752
  }
}