{
  "predicted_class_idx": 1,
  "confidence": 0.8295724987983704,
  "all_probabilities": [
    0.00011411381274228916,
    0.8295724987983704,
    0.04949803277850151,
    0.01268643606454134,
    4.041409556521103e-05,
    2.580106411187444e-05,
    0.09293161332607269,
    0.015131106600165367
  ],
  "std_probabilities": [
    0.00020362854411359876,
    0.14167815446853638,
    0.0831519067287445,
    0.013963712379336357,
    5.22018235642463e-05,
    1.9380242520128377e-05,
    0.07726598531007767,
    0.010938463732600212
  ],
  "fold_predictions": [
    [
      1.4885495502880985e-08,
      0.9962497353553772,
      0.00010831010149559006,
      3.4565699024824426e-05,
      1.7411432295943996e-09,
      6.814050212966549e-09,
      0.00035722265602089465,
      0.003250210080295801
    ],
    [
      1.917247755045537e-05,
      0.9695531725883484,
      0.0077695357613265514,
      0.005306112580001354,
      1.1207517673028633e-05,
      2.1779471353511326e-05,
      0.009832198731601238,
      0.007486804388463497
    ],
    [
      0.0005209941300563514,
      0.8187885284423828,
      0.019181277602910995,
      0.022466037422418594,
      4.792983963852748e-05,
      5.107966353534721e-05,
      0.10394658893346786,
      0.03499748930335045
    ],
    [
      2.4374137865379453e-05,
      0.7490913271903992,
      0.005100689362734556,
      0.03530828654766083,
      0.00013911951100453734,
      4.4609809265239164e-05,
      0.19392967224121094,
      0.016361847519874573
    ],
    [
      6.013437086949125e-06,
      0.6141796112060547,
      0.2153303474187851,
      0.00031717884121462703,
      3.8118600969028194e-06,
      1.1529552466527093e-05,
      0.15659238398075104,
      0.013559183105826378
    ]
  ],
  "filename": "COPD_3.wav",
  "feature_type": "mfcc",
  "timestamp": "20251106_143610",
  "predicted_class": "BRON",
  "class_probabilities": {
    "Asthma": 0.00011411381274228916,
    "BRON": 0.8295724987983704,
    "COPD": 0.04949803277850151,
    "Healthy": 0.01268643606454134,
    "Lung Fibrosis": 4.041409556521103e-05,
    "Plueral Effusion": 2.580106411187444e-05,
    "Pneumonia": 0.09293161332607269,
    "RTI": 0.015131106600165367
  }
}