{
  "predicted_class_idx": 1,
  "confidence": 0.9988158941268921,
  "all_probabilities": [
    2.9183031102775203e-08,
    0.9988158941268921,
    2.038898855971638e-06,
    7.466659553756472e-06,
    6.654631512503784e-09,
    2.6801735830694895e-10,
    0.001173816854134202,
    7.512545607823995e-07
  ],
  "std_probabilities": [
    3.441445528551412e-08,
    0.0022870188113301992,
    2.079650812447653e-06,
    1.043282918544719e-05,
    1.2190962905833658e-08,
    4.978265577548768e-10,
    0.002276528626680374,
    1.3959598845758592e-06
  ],
  "fold_predictions": [
    [
      9.053384530943731e-08,
      0.999886155128479,
      5.223123480391223e-06,
      9.313694135926198e-06,
      1.561671569838552e-09,
      7.093870629804044e-11,
      9.557243902236223e-05,
      3.5409941574471304e-06
    ],
    [
      2.4191835600734235e-12,
      1.0,
      1.520278658517782e-08,
      2.6570550204496612e-08,
      3.101903093107386e-14,
      4.3905586902693444e-14,
      2.5205997289390325e-09,
      3.316643670814301e-08
    ],
    [
      4.26933155495135e-08,
      0.9942426085472107,
      3.671549393402529e-06,
      2.711950583034195e-05,
      3.100946344147815e-08,
      1.262237647736697e-09,
      0.005726323928683996,
      1.585713818030854e-07
    ],
    [
      1.2685578809623621e-08,
      0.999950647354126,
      1.2840390581914107e-06,
      8.726173632567225e-07,
      7.019896886006904e-10,
      6.849013110127311e-12,
      4.7179484681691974e-05,
      2.351104200215559e-08
    ],
    [
      6.558113207084373e-15,
      1.0,
      5.793548973898055e-10,
      9.110203702533681e-10,
      1.0416486930533265e-17,
      1.7647499469240248e-14,
      6.104894367808811e-09,
      2.9596349676586087e-11
    ]
  ],
  "filename": "169_1b1_Lr_sc_Meditron_filtered_seg2_aug_change_volume-time_stretch_8854c318.wav",
  "feature_type": "mel",
  "timestamp": "20251106_112750",
  "predicted_class": "BRON",
  "class_probabilities": {
    "Asthma": 2.9183031102775203e-08,
    "BRON": 0.9988158941268921,
    "COPD": 2.038898855971638e-06,
    "Healthy": 7.466659553756472e-06,
    "Lung Fibrosis": 6.654631512503784e-09,
    "Plueral Effusion": 2.6801735830694895e-10,
    "Pneumonia": 0.001173816854134202,
    "RTI": 7.512545607823995e-07
  }
}