{
  "predicted_class_idx": 4,
  "confidence": 0.6292665004730225,
  "all_probabilities": [
    0.05139775946736336,
    0.004911711905151606,
    0.0005333420122042298,
    0.09851976484060287,
    0.6292665004730225,
    0.06673356145620346,
    0.14686249196529388,
    0.0017748350510373712
  ],
  "std_probabilities": [
    0.05122499540448189,
    0.00455025490373373,
    0.0007845505024306476,
    0.11979745328426361,
    0.19929754734039307,
    0.08189456164836884,
    0.12906701862812042,
    0.0020697249565273523
  ],
  "fold_predictions": [
    [
      0.027149686589837074,
      0.010133086703717709,
      0.0006246461416594684,
      0.3183723986148834,
      0.5694735646247864,
      0.006688830442726612,
      0.06725426763296127,
      0.0003034278051927686
    ],
    [
      0.0026546716690063477,
      0.0018983341287821531,
      9.708945071906783e-06,
      0.008740722201764584,
      0.666987419128418,
      0.0013460926711559296,
      0.3181459307670593,
      0.00021718775678891689
    ],
    [
      0.1049596518278122,
      0.0017627963097766042,
      5.133842023496982e-06,
      0.13352929055690765,
      0.4979909658432007,
      0.1998056024312973,
      0.05673565715551376,
      0.0052109030075371265
    ],
    [
      0.1206880584359169,
      0.010712393559515476,
      0.0020272056572139263,
      0.03194413334131241,
      0.4190531373023987,
      0.1258237212896347,
      0.28660866618156433,
      0.0031426511704921722
    ],
    [
      0.0015367241576313972,
      5.194827463128604e-05,
      1.555772932704258e-08,
      1.2300812159082852e-05,
      0.9928274750709534,
      3.585446165743633e-06,
      0.005567953456193209,
      5.8186460094589165e-09
    ]
  ],
  "filename": "BP6_Plueral_EffusionI_C_BP_L_R81M_filtered_seg1_aug_lowpass-highpass-time_stretch_f4611a14.wav",
  "feature_type": "concat",
  "timestamp": "20251106_115759",
  "predicted_class": "Lung Fibrosis",
  "class_probabilities": {
    "Asthma": 0.05139775946736336,
    "BRON": 0.004911711905151606,
    "COPD": 0.0005333420122042298,
    "Healthy": 0.09851976484060287,
    "Lung Fibrosis": 0.6292665004730225,
    "Plueral Effusion": 0.06673356145620346,
    "Pneumonia": 0.14686249196529388,
    "RTI": 0.0017748350510373712
  }
}