{
  "predicted_class_idx": 2,
  "confidence": 0.9922536611557007,
  "all_probabilities": [
    1.3321496226126328e-06,
    0.0025524632073938847,
    0.9922536611557007,
    3.822170242528955e-07,
    1.944213181559462e-07,
    2.3275839033942702e-09,
    0.004919057246297598,
    0.0002728463150560856
  ],
  "std_probabilities": [
    1.902291273836454e-06,
    0.0049595278687775135,
    0.006458969786763191,
    3.496251679280249e-07,
    3.5292956113153195e-07,
    4.313133405986491e-09,
    0.006332663353532553,
    0.0003720555978361517
  ],
  "fold_predictions": [
    [
      3.8728620310735096e-09,
      1.2787743344233604e-06,
      0.9989573955535889,
      8.424426027886511e-07,
      1.1781458031379088e-09,
      1.0674503815588654e-12,
      6.660661892965436e-05,
      0.0009738581138662994
    ],
    [
      3.4642830826214777e-08,
      1.6985342909947576e-08,
      0.997169554233551,
      2.050899539085549e-08,
      8.265656603612115e-09,
      2.2866152027400943e-10,
      0.0028301593847572803,
      2.6106286554750113e-07
    ],
    [
      3.563442163567743e-08,
      4.3918185838265345e-05,
      0.9957804679870605,
      3.1367790143121965e-07,
      8.987027513285284e-07,
      1.094980195404105e-08,
      0.00413115369156003,
      4.314914986025542e-05
    ],
    [
      4.916960278933402e-06,
      0.0002472638734616339,
      0.9821962118148804,
      7.301338200704777e-07,
      6.370463268012827e-08,
      7.37687133600673e-11,
      0.01721315272152424,
      0.000337644771207124
    ],
    [
      1.6696378679625923e-06,
      0.012469838373363018,
      0.9871649742126465,
      4.321775826099383e-09,
      2.5545957016426257e-10,
      3.846190310685671e-10,
      0.00035421623033471406,
      9.318550837633666e-06
    ]
  ],
  "filename": "186_3b3_Pl_mc_AKGC417L_filtered_seg2_copy_0105.wav",
  "feature_type": "mfcc",
  "timestamp": "20251106_113503",
  "predicted_class": "COPD",
  "class_probabilities": {
    "Asthma": 1.3321496226126328e-06,
    "BRON": 0.0025524632073938847,
    "COPD": 0.9922536611557007,
    "Healthy": 3.822170242528955e-07,
    "Lung Fibrosis": 1.944213181559462e-07,
    "Plueral Effusion": 2.3275839033942702e-09,
    "Pneumonia": 0.004919057246297598,
    "RTI": 0.0002728463150560856
  }
}