{
  "predicted_class_idx": 3,
  "confidence": 0.29342198371887207,
  "all_probabilities": [
    0.13601179420948029,
    0.0535530224442482,
    0.19213441014289856,
    0.29342198371887207,
    0.01848175749182701,
    0.07623378187417984,
    0.08015921711921692,
    0.1500040590763092
  ],
  "std_probabilities": [
    0.18361429870128632,
    0.10094444453716278,
    0.34792330861091614,
    0.3570309281349182,
    0.03637852892279625,
    0.12854398787021637,
    0.1406102329492569,
    0.21020686626434326
  ],
  "fold_predictions": [
    [
      0.073098324239254,
      6.50133442832157e-05,
      0.04638657346367836,
      2.555460923758801e-05,
      0.0001165789071819745,
      0.33141443133354187,
      4.882557291807643e-08,
      0.5488935112953186
    ],
    [
      0.02251768484711647,
      5.29393000761047e-05,
      0.0011809099232777953,
      0.9672178626060486,
      0.0009919224539771676,
      0.002572355791926384,
      0.0013427381636574864,
      0.004123636521399021
    ],
    [
      0.06939854472875595,
      0.0005703740171156824,
      0.8871675133705139,
      8.653274562675506e-06,
      9.090955245483201e-06,
      0.00404109712690115,
      0.033940959721803665,
      0.0048637064173817635
    ],
    [
      0.5001795291900635,
      0.011835460551083088,
      0.024708067998290062,
      0.3107500970363617,
      0.0912352055311203,
      0.04262600839138031,
      0.005231161136180162,
      0.013434459455311298
    ],
    [
      0.014864865690469742,
      0.2552413046360016,
      0.0012289846781641245,
      0.1891077756881714,
      5.598816278507002e-05,
      0.0005149705102667212,
      0.36028116941452026,
      0.17870502173900604
    ]
  ],
  "filename": "226_1b1_Al_sc_Meditron_filtered_seg1_aug_add_noise-time_stretch-time_shift_87322d13.wav",
  "feature_type": "concat",
  "timestamp": "20251106_115156",
  "predicted_class": "Healthy",
  "class_probabilities": {
    "Asthma": 0.13601179420948029,
    "BRON": 0.0535530224442482,
    "COPD": 0.19213441014289856,
    "Healthy": 0.29342198371887207,
    "Lung Fibrosis": 0.01848175749182701,
    "Plueral Effusion": 0.07623378187417984,
    "Pneumonia": 0.08015921711921692,
    "RTI": 0.1500040590763092
  }
}