{
  "predicted_class_idx": 2,
  "confidence": 0.993817150592804,
  "all_probabilities": [
    0.00563104497268796,
    1.2778417840308975e-05,
    0.993817150592804,
    0.000206379423616454,
    2.1684874809579924e-05,
    3.6164626635581953e-06,
    2.385152220085729e-05,
    0.0002835250343196094
  ],
  "std_probabilities": [
    0.011260688304901123,
    1.7592630683793686e-05,
    0.011227070353925228,
    0.00036227283999323845,
    4.2237112211296335e-05,
    4.508032361627556e-06,
    4.5596931158797815e-05,
    0.0005526603781618178
  ],
  "fold_predictions": [
    [
      1.2029476010866347e-06,
      9.229600590743292e-13,
      0.9999988079071045,
      8.425390385369269e-10,
      1.268743443638698e-10,
      2.4949313448541233e-12,
      5.734501762333366e-11,
      4.0682599511399076e-09
    ],
    [
      9.51621448308515e-10,
      2.9484029692543323e-13,
      1.0,
      2.1913963699216055e-10,
      1.0294457127024703e-11,
      6.342729245740076e-15,
      8.130684168473901e-13,
      4.2390954635429523e-10
    ],
    [
      1.3486278760410642e-07,
      1.3901234607871515e-09,
      0.9999998807907104,
      4.428920563626093e-10,
      1.000174609799842e-09,
      1.0669026426213257e-12,
      5.323832694137387e-11,
      5.4537633076279235e-08
    ],
    [
      1.464932324779511e-06,
      1.9238414097344503e-05,
      0.9976500868797302,
      0.0009262927924282849,
      2.282648210893967e-06,
      7.714348612353206e-06,
      4.272180831321748e-06,
      0.0013886187225580215
    ],
    [
      0.02815242111682892,
      4.465228630579077e-05,
      0.9714368581771851,
      0.00010560283408267424,
      0.00010614059283398092,
      1.036796129483264e-05,
      0.00011498531966935843,
      2.8947513783350587e-05
    ]
  ],
  "filename": "163_2b2_Ar_mc_AKGC417L_filtered_seg1_copy_0005.wav",
  "feature_type": "concat",
  "timestamp": "20251106_113403",
  "predicted_class": "COPD",
  "class_probabilities": {
    "Asthma": 0.00563104497268796,
    "BRON": 1.2778417840308975e-05,
    "COPD": 0.993817150592804,
    "Healthy": 0.000206379423616454,
    "Lung Fibrosis": 2.1684874809579924e-05,
    "Plueral Effusion": 3.6164626635581953e-06,
    "Pneumonia": 2.385152220085729e-05,
    "RTI": 0.0002835250343196094
  }
}