{
  "predicted_class_idx": 1,
  "confidence": 0.44026726484298706,
  "all_probabilities": [
    0.029568757861852646,
    0.44026726484298706,
    0.0022819587029516697,
    0.06315632164478302,
    0.16676786541938782,
    0.002006146125495434,
    0.2901234030723572,
    0.005828279070556164
  ],
  "std_probabilities": [
    0.041857924312353134,
    0.24995239078998566,
    0.003944663796573877,
    0.060059793293476105,
    0.1521105319261551,
    0.003025232581421733,
    0.26929235458374023,
    0.007830262184143066
  ],
  "fold_predictions": [
    [
      0.00010215896327281371,
      0.7833443284034729,
      0.00013876563753001392,
      0.1713084727525711,
      0.041062355041503906,
      0.0006724146660417318,
      0.0008284905343316495,
      0.002543034730479121
    ],
    [
      0.0005834295297972858,
      0.14416922628879547,
      0.0006339515675790608,
      0.013617411255836487,
      0.03624998778104782,
      0.0003546033694874495,
      0.8014842867851257,
      0.0029070971067994833
    ],
    [
      0.11082667112350464,
      0.18266434967517853,
      0.00018269242718815804,
      0.05607149004936218,
      0.4087362289428711,
      0.008042121306061745,
      0.2311423122882843,
      0.0023341139312833548
    ],
    [
      0.008442227728664875,
      0.6416640281677246,
      0.00029074729536660016,
      0.07279777526855469,
      0.06389309465885162,
      0.0007700587739236653,
      0.1907869428396225,
      0.02135515958070755
    ],
    [
      0.027889305725693703,
      0.44949448108673096,
      0.010163635946810246,
      0.00198648520745337,
      0.28389763832092285,
      0.0001915334287332371,
      0.22637495398521423,
      1.9887756934622303e-06
    ]
  ],
  "filename": "201_1b1_Al_sc_Meditron_filtered_seg2_aug_change_volume-add_noise-lowpass_54c5e1b4.wav",
  "feature_type": "concat",
  "timestamp": "20251106_113008",
  "predicted_class": "BRON",
  "class_probabilities": {
    "Asthma": 0.029568757861852646,
    "BRON": 0.44026726484298706,
    "COPD": 0.0022819587029516697,
    "Healthy": 0.06315632164478302,
    "Lung Fibrosis": 0.16676786541938782,
    "Plueral Effusion": 0.002006146125495434,
    "Pneumonia": 0.2901234030723572,
    "RTI": 0.005828279070556164
  }
}