{
  "predicted_class_idx": 4,
  "confidence": 0.9409966468811035,
  "all_probabilities": [
    0.034632325172424316,
    1.8755405335468822e-06,
    3.6544163322105305e-06,
    0.02421623282134533,
    0.9409966468811035,
    0.00012714622425846756,
    2.1911089788773097e-05,
    2.3069082999427337e-07
  ],
  "std_probabilities": [
    0.05716913565993309,
    2.6499565137783065e-06,
    4.157032890361734e-06,
    0.047577086836099625,
    0.10462779551744461,
    0.00016405785572715104,
    2.0903458789689466e-05,
    2.5647869961176184e-07
  ],
  "fold_predictions": [
    [
      0.018686193972826004,
      5.471567874337779e-07,
      1.1441555216151755e-05,
      6.560155452461913e-05,
      0.9811981320381165,
      5.0691328397078905e-06,
      3.287278741481714e-05,
      2.5816098059294745e-07
    ],
    [
      0.0018830933840945363,
      1.6679024383847718e-08,
      1.4867703157506185e-06,
      0.0002518085530027747,
      0.9978440999984741,
      5.68412042412092e-06,
      1.3819152627547737e-05,
      2.4068775861252334e-09
    ],
    [
      0.003007063642144203,
      1.1052608215322834e-06,
      9.382357006870734e-07,
      0.0011607015039771795,
      0.9954082369804382,
      0.0004166289290878922,
      5.1446208999550436e-06,
      1.7112664352225693e-07
    ],
    [
      0.0013457138556987047,
      5.780974561275798e-07,
      2.6278009102043143e-08,
      0.0002357478515477851,
      0.9984135627746582,
      4.016095772385597e-06,
      3.8611128161392116e-07,
      1.5487165327954244e-08
    ],
    [
      0.14823955297470093,
      7.130508492991794e-06,
      4.379242000140948e-06,
      0.11936730891466141,
      0.7321192622184753,
      0.00020433282770682126,
      5.7332770666107535e-05,
      7.062724876050197e-07
    ]
  ],
  "filename": "BP52_Lung_FibrosisCrepP_L_L76F_filtered_seg1_aug_highpass-change_volume_2b1cdec1.wav",
  "feature_type": "mel",
  "timestamp": "20251106_114759",
  "predicted_class": "Lung Fibrosis",
  "class_probabilities": {
    "Asthma": 0.034632325172424316,
    "BRON": 1.8755405335468822e-06,
    "COPD": 3.6544163322105305e-06,
    "Healthy": 0.02421623282134533,
    "Lung Fibrosis": 0.9409966468811035,
    "Plueral Effusion": 0.00012714622425846756,
    "Pneumonia": 2.1911089788773097e-05,
    "RTI": 2.3069082999427337e-07
  }
}