{
  "predicted_class_idx": 5,
  "confidence": 0.6529268622398376,
  "all_probabilities": [
    0.33688971400260925,
    0.0005069564213044941,
    7.629870378877968e-05,
    0.0021427441388368607,
    0.0033860511612147093,
    0.6529268622398376,
    0.002184950979426503,
    0.0018863942241296172
  ],
  "std_probabilities": [
    0.35022419691085815,
    0.0005708245444111526,
    0.00014788811677135527,
    0.0018525479827076197,
    0.005583625752478838,
    0.3465604782104492,
    0.004255873616784811,
    0.0037107584066689014
  ],
  "fold_predictions": [
    [
      0.054101817309856415,
      0.0001823919446906075,
      1.9540309494914254e-06,
      0.00012964459892828017,
      0.0011468837037682533,
      0.9442096948623657,
      0.0001290175277972594,
      9.868767665466294e-05
    ],
    [
      0.18972784280776978,
      0.00013599246449302882,
      1.912103471113369e-06,
      0.0044055660255253315,
      0.0012137331068515778,
      0.7952072620391846,
      4.431604949672874e-08,
      0.009307559579610825
    ],
    [
      0.4147036671638489,
      0.0015590426046401262,
      0.000372066511772573,
      0.003993635065853596,
      6.361660052789375e-05,
      0.5685862898826599,
      0.010696065612137318,
      2.5575014660716988e-05
    ],
    [
      0.04199880734086037,
      0.0006571547710336745,
      1.1215096265004831e-06,
      0.002177484566345811,
      0.014505811966955662,
      0.940559983253479,
      9.943704935722053e-05,
      1.4814514770478127e-07
    ],
    [
      0.9839164614677429,
      2.0022115165829746e-07,
      4.43935005023377e-06,
      7.391155577352038e-06,
      2.1086086121613334e-07,
      0.01607108674943447,
      1.9045387489313725e-07,
      1.1297315305469624e-09
    ]
  ],
  "filename": "BP105_Lung_FibrosisCrepA_U_R44M_filtered_seg1_aug_pitch_shift-change_volume-add_noise_7ae5ee7a.wav",
  "feature_type": "mfcc",
  "timestamp": "20251106_114909",
  "predicted_class": "Plueral Effusion",
  "class_probabilities": {
    "Asthma": 0.33688971400260925,
    "BRON": 0.0005069564213044941,
    "COPD": 7.629870378877968e-05,
    "Healthy": 0.0021427441388368607,
    "Lung Fibrosis": 0.0033860511612147093,
    "Plueral Effusion": 0.6529268622398376,
    "Pneumonia": 0.002184950979426503,
    "RTI": 0.0018863942241296172
  }
}