{
  "predicted_class_idx": 7,
  "confidence": 0.6892207860946655,
  "all_probabilities": [
    0.001607164740562439,
    0.2878469228744507,
    0.00021701313380617648,
    0.0036823966074734926,
    0.0018293805187568069,
    0.0004970685695298016,
    0.015099210664629936,
    0.6892207860946655
  ],
  "std_probabilities": [
    0.0031195704359561205,
    0.3672085404396057,
    0.00033032623468898237,
    0.004489115439355373,
    0.0036540396977216005,
    0.0006405680906027555,
    0.030118383467197418,
    0.3871678411960602
  ],
  "fold_predictions": [
    [
      8.963536428938448e-15,
      7.107897603830793e-11,
      8.407781415531446e-12,
      3.7704895087219137e-13,
      5.093112997317517e-12,
      5.41276256309479e-21,
      2.4228313371069273e-16,
      1.0
    ],
    [
      7.993657125116016e-11,
      7.894485861470457e-06,
      3.0462868338965166e-10,
      6.006492913002148e-05,
      4.707386147551063e-10,
      1.769372951106185e-13,
      7.794922041171048e-09,
      0.999932050704956
    ],
    [
      6.709927401971072e-05,
      7.313782646178879e-08,
      1.1130581469842582e-06,
      1.590912290794222e-07,
      7.532854397140909e-06,
      0.0009272067691199481,
      1.2065669574568005e-09,
      0.9989967942237854
    ],
    [
      0.007845625281333923,
      0.5571276545524597,
      0.00023087077715899795,
      0.009462114423513412,
      0.00913745816797018,
      0.0015579827595502138,
      0.07533585280179977,
      0.3393024206161499
    ],
    [
      0.00012309903104323894,
      0.8820989727973938,
      0.0008530814666301012,
      0.008889644406735897,
      1.9114686438115314e-06,
      1.5308754086618137e-07,
      0.0001601922995178029,
      0.10787283629179001
    ]
  ],
  "filename": "105_1b1_Tc_sc_Meditron_filtered_seg1_aug_highpass_ca750770.wav",
  "feature_type": "concat",
  "timestamp": "20251106_115326",
  "predicted_class": "RTI",
  "class_probabilities": {
    "Asthma": 0.001607164740562439,
    "BRON": 0.2878469228744507,
    "COPD": 0.00021701313380617648,
    "Healthy": 0.0036823966074734926,
    "Lung Fibrosis": 0.0018293805187568069,
    "Plueral Effusion": 0.0004970685695298016,
    "Pneumonia": 0.015099210664629936,
    "RTI": 0.6892207860946655
  }
}