{
  "predicted_class_idx": 4,
  "confidence": 0.9674994349479675,
  "all_probabilities": [
    0.03184928745031357,
    1.319817965850234e-05,
    7.809976523276418e-06,
    0.00034455003333278,
    0.9674994349479675,
    0.00010665620357031003,
    0.00016922167560551316,
    9.824000699154567e-06
  ],
  "std_probabilities": [
    0.03363776206970215,
    9.355800102639478e-06,
    8.186724699044134e-06,
    0.00044208779581822455,
    0.03391154110431671,
    0.00010485691018402576,
    0.00028247819864191115,
    1.5027539120637812e-05
  ],
  "fold_predictions": [
    [
      0.025558538734912872,
      5.042848897574004e-06,
      2.262143971165642e-05,
      0.0001740841835271567,
      0.9741259813308716,
      1.1760251254600007e-05,
      9.567943925503641e-05,
      6.33588979326305e-06
    ],
    [
      0.02364627830684185,
      6.794958484768188e-10,
      4.7469023911617114e-07,
      1.5197818356682546e-05,
      0.9763160347938538,
      1.6161802705028094e-05,
      5.790024260932114e-06,
      2.577601465603152e-09
    ],
    [
      0.007602842058986425,
      1.4874932276143227e-05,
      9.08185938897077e-06,
      0.001207719906233251,
      0.9909226298332214,
      0.00023098819656297565,
      1.1508782336022705e-05,
      3.951399207835493e-07
    ],
    [
      0.005326349288225174,
      2.2494839868159033e-05,
      1.1597065707746879e-07,
      4.328738577896729e-05,
      0.9945656061172485,
      3.604717130656354e-05,
      3.1857157409831416e-06,
      2.8480799301178195e-06
    ],
    [
      0.09711241722106934,
      2.35775914916303e-05,
      6.755923550372245e-06,
      0.000282460794551298,
      0.9015669226646423,
      0.00023832358419895172,
      0.0007299443823285401,
      3.9538317651022226e-05
    ]
  ],
  "filename": "BP52_Lung_FibrosisCrepP_L_L76F_filtered_seg1_aug_time_stretch-time_shift-highpass_5d18e3ef.wav",
  "feature_type": "mel",
  "timestamp": "20251106_114822",
  "predicted_class": "Lung Fibrosis",
  "class_probabilities": {
    "Asthma": 0.03184928745031357,
    "BRON": 1.319817965850234e-05,
    "COPD": 7.809976523276418e-06,
    "Healthy": 0.00034455003333278,
    "Lung Fibrosis": 0.9674994349479675,
    "Plueral Effusion": 0.00010665620357031003,
    "Pneumonia": 0.00016922167560551316,
    "RTI": 9.824000699154567e-06
  }
}