{
  "predicted_class_idx": 2,
  "confidence": 0.463858425617218,
  "all_probabilities": [
    0.35565465688705444,
    0.054621029645204544,
    0.463858425617218,
    0.039595890790224075,
    0.040808577090501785,
    0.0444774366915226,
    0.00011953746434301138,
    0.0008644325425848365
  ],
  "std_probabilities": [
    0.32156115770339966,
    0.10342305153608322,
    0.44625043869018555,
    0.07861082255840302,
    0.07928516715765,
    0.0888342633843422,
    0.0001596640795469284,
    0.0015957594150677323
  ],
  "fold_predictions": [
    [
      0.00635908218100667,
      1.5738644165708138e-08,
      0.9935010075569153,
      7.608870131181611e-12,
      2.6820390530701843e-07,
      4.0732152228883933e-07,
      1.7444121776406807e-13,
      0.00013921703794039786
    ],
    [
      0.7105370759963989,
      3.2672169254510663e-06,
      0.2883774936199188,
      0.0010218569077551365,
      1.168711605714634e-05,
      4.851743869949132e-05,
      6.688579377855941e-12,
      7.709250127163614e-08
    ],
    [
      2.7022927042708034e-06,
      6.537609920087561e-07,
      0.9999964237213135,
      3.075477426981582e-13,
      1.0892757529301633e-10,
      5.761526811198792e-10,
      2.223622154462479e-11,
      2.5392651537003985e-07
    ],
    [
      0.32907143235206604,
      0.011837370693683624,
      0.036339037120342255,
      0.19681568443775177,
      0.19933730363845825,
      0.2221459001302719,
      0.00039957609260454774,
      0.0040536969900131226
    ],
    [
      0.7323030829429626,
      0.2612638473510742,
      0.001078191096894443,
      0.00014190960791893303,
      0.004693622700870037,
      0.00019235540821682662,
      0.00019811118545476347,
      0.00012891784717794508
    ]
  ],
  "filename": "148_1b1_Al_sc_Meditron_filtered_seg1_aug_add_noise-pitch_shift_8e5d5ae4.wav",
  "feature_type": "concat",
  "timestamp": "20251106_115404",
  "predicted_class": "COPD",
  "class_probabilities": {
    "Asthma": 0.35565465688705444,
    "BRON": 0.054621029645204544,
    "COPD": 0.463858425617218,
    "Healthy": 0.039595890790224075,
    "Lung Fibrosis": 0.040808577090501785,
    "Plueral Effusion": 0.0444774366915226,
    "Pneumonia": 0.00011953746434301138,
    "RTI": 0.0008644325425848365
  }
}