{
  "predicted_class_idx": 0,
  "confidence": 0.8010314702987671,
  "all_probabilities": [
    0.8010314702987671,
    0.021902790293097496,
    0.00047179669491015375,
    5.841867459821515e-05,
    2.454374339322385e-07,
    0.17646631598472595,
    6.830903294030577e-05,
    5.823477522426401e-07
  ],
  "std_probabilities": [
    0.34347033500671387,
    0.04340395703911781,
    0.0009140573674812913,
    7.313024252653122e-05,
    4.0596054873276444e-07,
    0.3520469069480896,
    0.00011391989391995594,
    1.1205644341316656e-06
  ],
  "fold_predictions": [
    [
      0.8886010646820068,
      0.10870847851037979,
      0.0022995159961283207,
      1.9489975784381386e-06,
      4.005820386510095e-08,
      9.341687109554186e-05,
      0.00029555498622357845,
      8.87359803414256e-08
    ],
    [
      0.9982339143753052,
      0.0008044702699407935,
      5.1432620239211246e-05,
      0.00011075035581598058,
      1.3154354405742197e-07,
      0.0007836213335394859,
      1.2865096323366743e-05,
      2.8224267225596122e-06
    ],
    [
      0.11943888664245605,
      7.880860835030035e-07,
      5.030472927103347e-09,
      4.067345287239732e-07,
      1.8964418924127813e-09,
      0.8805598616600037,
      1.4298510819799048e-08,
      7.721228170720629e-12
    ],
    [
      0.9998273849487305,
      1.5190967417311185e-07,
      1.37814674872061e-06,
      1.4140262010187143e-06,
      1.8800676571117947e-09,
      0.0001444194494979456,
      2.529920129745733e-05,
      5.281010628799265e-10
    ],
    [
      0.9990565180778503,
      6.50848051009234e-08,
      6.651821877312614e-06,
      0.00017757326713763177,
      1.0518089084143867e-06,
      0.0007503184606321156,
      7.811591785866767e-06,
      4.023588406898426e-11
    ]
  ],
  "filename": "BP43_asthmaE_WP_L_M15M_filtered_seg2_aug_lowpass-change_volume_e904c062.wav",
  "feature_type": "mel",
  "timestamp": "20251106_112024",
  "predicted_class": "Asthma",
  "class_probabilities": {
    "Asthma": 0.8010314702987671,
    "BRON": 0.021902790293097496,
    "COPD": 0.00047179669491015375,
    "Healthy": 5.841867459821515e-05,
    "Lung Fibrosis": 2.454374339322385e-07,
    "Plueral Effusion": 0.17646631598472595,
    "Pneumonia": 6.830903294030577e-05,
    "RTI": 5.823477522426401e-07
  }
}