{
  "predicted_class_idx": 3,
  "confidence": 0.8381584286689758,
  "all_probabilities": [
    2.007251850955072e-06,
    0.01608169637620449,
    1.7783237126423046e-05,
    0.8381584286689758,
    1.0705867680371739e-05,
    6.619509804295376e-06,
    0.0018848745385184884,
    0.14383792877197266
  ],
  "std_probabilities": [
    1.7721168887874228e-06,
    0.018182454630732536,
    2.3889901058282703e-05,
    0.08072315901517868,
    1.1028618246200494e-05,
    6.122012109699426e-06,
    0.0012960300082340837,
    0.08216539770364761
  ],
  "fold_predictions": [
    [
      3.33477714775654e-07,
      0.002975613111630082,
      1.7033050880854717e-06,
      0.9889689683914185,
      1.3342310012376402e-05,
      1.0713631127146073e-05,
      0.0020890850573778152,
      0.005940316244959831
    ],
    [
      4.926573637931142e-07,
      0.000793314422480762,
      6.004969463901944e-07,
      0.7717825770378113,
      4.016484922431118e-08,
      2.371487653363147e-06,
      0.001913856016471982,
      0.2255067229270935
    ],
    [
      2.2553301732841646e-06,
      0.00013815355487167835,
      1.6621796021354385e-05,
      0.764890730381012,
      9.621948265703395e-06,
      1.669473022047896e-05,
      0.004078743979334831,
      0.23084717988967896
    ],
    [
      5.241239250608487e-06,
      0.04052864387631416,
      6.42011800664477e-05,
      0.8333016633987427,
      3.0174602215993218e-05,
      2.62353933067061e-06,
      0.0012179473415017128,
      0.12484949082136154
    ],
    [
      1.7135556618086412e-06,
      0.03597275912761688,
      5.789408987766365e-06,
      0.8318479657173157,
      3.5031069955948624e-07,
      6.941591550457815e-07,
      0.00012474076356738806,
      0.1320459246635437
    ]
  ],
  "filename": "144_1b1_Al_sc_Meditron_filtered_seg2_orig_0019.wav",
  "feature_type": "mfcc",
  "timestamp": "20251106_114156",
  "predicted_class": "Healthy",
  "class_probabilities": {
    "Asthma": 2.007251850955072e-06,
    "BRON": 0.01608169637620449,
    "COPD": 1.7783237126423046e-05,
    "Healthy": 0.8381584286689758,
    "Lung Fibrosis": 1.0705867680371739e-05,
    "Plueral Effusion": 6.619509804295376e-06,
    "Pneumonia": 0.0018848745385184884,
    "RTI": 0.14383792877197266
  }
}