{
  "predicted_class_idx": 4,
  "confidence": 0.34836530685424805,
  "all_probabilities": [
    0.0594492182135582,
    0.006673929747194052,
    0.0006539222085848451,
    0.3257366120815277,
    0.34836530685424805,
    0.020115738734602928,
    0.23492304980754852,
    0.0040822396986186504
  ],
  "std_probabilities": [
    0.06442452222108841,
    0.007640008348971605,
    0.0009194384329020977,
    0.30708301067352295,
    0.24933429062366486,
    0.026586756110191345,
    0.17397165298461914,
    0.0070338016375899315
  ],
  "fold_predictions": [
    [
      0.01791190542280674,
      0.0014793631853535771,
      0.0006653894670307636,
      0.4506484866142273,
      0.05526827648282051,
      8.126645116135478e-05,
      0.47375643253326416,
      0.00018885314057115465
    ],
    [
      0.0853075310587883,
      0.00991918332874775,
      0.00015740939124953002,
      0.20022280514240265,
      0.6238967776298523,
      0.001845780061557889,
      0.07694298028945923,
      0.0017075357027351856
    ],
    [
      0.01619912125170231,
      0.0010824055643752217,
      1.048905323841609e-05,
      0.864565908908844,
      0.08164292573928833,
      0.03073880821466446,
      0.0053843106143176556,
      0.0003760842664632946
    ],
    [
      0.17479655146598816,
      0.020309342071413994,
      0.002428417792543769,
      0.10643157362937927,
      0.35364454984664917,
      0.06789112091064453,
      0.25639864802360535,
      0.018099749460816383
    ],
    [
      0.0030309923458844423,
      0.0005793534219264984,
      7.905047823442146e-06,
      0.006814317312091589,
      0.6273738741874695,
      2.1721109078498557e-05,
      0.36213287711143494,
      3.897540955222212e-05
    ]
  ],
  "filename": "ASMA_3.wav",
  "feature_type": "concat",
  "timestamp": "20251106_144031",
  "predicted_class": "Lung Fibrosis",
  "class_probabilities": {
    "Asthma": 0.0594492182135582,
    "BRON": 0.006673929747194052,
    "COPD": 0.0006539222085848451,
    "Healthy": 0.3257366120815277,
    "Lung Fibrosis": 0.34836530685424805,
    "Plueral Effusion": 0.020115738734602928,
    "Pneumonia": 0.23492304980754852,
    "RTI": 0.0040822396986186504
  }
}