{
  "predicted_class_idx": 5,
  "confidence": 0.9970743060112,
  "all_probabilities": [
    0.00020887031860183924,
    0.00011174132669111714,
    3.5659647457109145e-10,
    0.002604971406981349,
    9.147494495209685e-08,
    0.9970743060112,
    8.952070196244222e-10,
    1.2220523204486966e-10
  ],
  "std_probabilities": [
    0.0004130450251977891,
    0.0002233208651887253,
    7.071946361847381e-10,
    0.0048551312647759914,
    8.390746586428577e-08,
    0.004996617790311575,
    1.1224734475234754e-09,
    1.6373030709004865e-10
  ],
  "fold_predictions": [
    [
      6.218095222720876e-06,
      2.854494880466518e-07,
      8.97722694792602e-12,
      0.0004101675876881927,
      1.9845636245463538e-07,
      0.9995830655097961,
      1.705973140531114e-09,
      1.2646531044602227e-10
    ],
    [
      3.017701828866848e-06,
      0.0005583830061368644,
      2.993457912103814e-12,
      0.01230985950678587,
      1.7493698578618933e-07,
      0.9871286153793335,
      4.9251304423680864e-11,
      4.3731324117501913e-10
    ],
    [
      1.436455221437427e-07,
      1.3588462799418721e-08,
      4.082539224758465e-14,
      4.26862698077457e-06,
      5.664955809135674e-13,
      0.9999955892562866,
      1.5399534945836901e-12,
      1.027879344139837e-11
    ],
    [
      2.4187579938939052e-08,
      1.1059552579295584e-11,
      2.1022465719279157e-16,
      5.973564043415536e-07,
      2.5745796824756112e-14,
      0.9999994039535522,
      9.096775389167908e-14,
      1.7537008521133457e-16
    ],
    [
      0.0010349479271098971,
      2.4609040139011995e-08,
      1.770970703418584e-09,
      0.0002999646821990609,
      8.398079387461621e-08,
      0.9986649751663208,
      2.719179770238611e-09,
      3.696864342428441e-11
    ]
  ],
  "filename": "BP4_Heart_Failure__Lung_Fibrosis_I_CP_L_R72F_filtered_seg2_aug_change_volume_146c9718.wav",
  "feature_type": "mel",
  "timestamp": "20251106_114605",
  "predicted_class": "Plueral Effusion",
  "class_probabilities": {
    "Asthma": 0.00020887031860183924,
    "BRON": 0.00011174132669111714,
    "COPD": 3.5659647457109145e-10,
    "Healthy": 0.002604971406981349,
    "Lung Fibrosis": 9.147494495209685e-08,
    "Plueral Effusion": 0.9970743060112,
    "Pneumonia": 8.952070196244222e-10,
    "RTI": 1.2220523204486966e-10
  }
}