{
  "predicted_class_idx": 6,
  "confidence": 0.5560453534126282,
  "all_probabilities": [
    0.005227557383477688,
    0.00018016944522969425,
    0.0001499230129411444,
    0.3506872355937958,
    0.08755256235599518,
    1.5044981864775764e-06,
    0.5560453534126282,
    0.00015566678484901786
  ],
  "std_probabilities": [
    0.003877179231494665,
    0.00013677043898496777,
    0.00015766845899634063,
    0.3369724154472351,
    0.12967853248119354,
    2.3239208530867472e-06,
    0.4164411425590515,
    0.00022064874065108597
  ],
  "fold_predictions": [
    [
      0.0004425202787388116,
      0.00014114516670815647,
      7.427871878462611e-06,
      0.02405547723174095,
      0.009768294170498848,
      6.13238171354169e-06,
      0.9655089378356934,
      7.008735701674595e-05
    ],
    [
      0.006001373287290335,
      0.00013829252566210926,
      2.5052517230506055e-05,
      0.8646742701530457,
      0.04128990322351456,
      2.0030259406667028e-07,
      0.0878019779920578,
      6.889110954944044e-05
    ],
    [
      0.0011538140242919326,
      0.0004478321352507919,
      0.0001857610623119399,
      0.004762483760714531,
      0.0030199105385690928,
      7.420022143378446e-07,
      0.9904149770736694,
      1.4509953871311154e-05
    ],
    [
      0.008177224546670914,
      6.259189103730023e-05,
      0.00043934211134910583,
      0.6097565293312073,
      0.3451288640499115,
      3.324198019072355e-07,
      0.03584027662873268,
      0.0005948279285803437
    ],
    [
      0.010362857021391392,
      0.00011098558024968952,
      9.203151421388611e-05,
      0.25018754601478577,
      0.03855586424469948,
      1.1538434563362898e-07,
      0.7006605863571167,
      3.0017548851901665e-05
    ]
  ],
  "filename": "BP69_pneumoniaBronchialP_R_L_64M_filtered_seg1_aug_pitch_shift_f94d3358.wav",
  "feature_type": "mfcc",
  "timestamp": "20251106_115230",
  "predicted_class": "Pneumonia",
  "class_probabilities": {
    "Asthma": 0.005227557383477688,
    "BRON": 0.00018016944522969425,
    "COPD": 0.0001499230129411444,
    "Healthy": 0.3506872355937958,
    "Lung Fibrosis": 0.08755256235599518,
    "Plueral Effusion": 1.5044981864775764e-06,
    "Pneumonia": 0.5560453534126282,
    "RTI": 0.00015566678484901786
  }
}