{
  "predicted_class_idx": 5,
  "confidence": 0.9459100961685181,
  "all_probabilities": [
    0.01918218657374382,
    0.0013994250912219286,
    0.0001766949862940237,
    0.009753759950399399,
    0.007111401297152042,
    0.9459100961685181,
    0.0005043094861321151,
    0.015962114557623863
  ],
  "std_probabilities": [
    0.027294691652059555,
    0.002798809204250574,
    0.00035289928200654685,
    0.019500089809298515,
    0.014217199757695198,
    0.0969361960887909,
    0.0010079764761030674,
    0.03186926990747452
  ],
  "fold_predictions": [
    [
      0.008233575150370598,
      5.1361631392410345e-08,
      5.854731739418639e-07,
      2.615433061237127e-07,
      5.358288257539812e-10,
      0.991765558719635,
      6.585743617115725e-10,
      1.8824256042826448e-10
    ],
    [
      0.0006300511304289103,
      2.1438943065277272e-08,
      3.910525947503629e-07,
      1.185611017717747e-05,
      1.1079538126068655e-05,
      0.9993453621864319,
      1.2111627256672364e-06,
      5.819105197701901e-10
    ],
    [
      0.005189432762563229,
      8.595518075082964e-09,
      5.019423543473067e-09,
      1.2880237321155619e-08,
      5.505526590177112e-10,
      0.99470055103302,
      6.380683714724e-08,
      0.00010997128265444189
    ],
    [
      0.07348126173019409,
      0.0069970437325537205,
      0.0008824933902360499,
      0.04875393956899643,
      0.035545799881219864,
      0.7521186470985413,
      0.002520262263715267,
      0.07970060408115387
    ],
    [
      0.008376610465347767,
      3.304901144418615e-11,
      1.772369924435413e-11,
      2.731158019741997e-06,
      1.2596846943324636e-07,
      0.9916205406188965,
      9.454350191617777e-09,
      1.013210999475933e-12
    ]
  ],
  "filename": "BP28_BRONCrepP_L_U68F_filtered_seg1_aug_add_noise-lowpass_0d9701a9.wav",
  "feature_type": "concat",
  "timestamp": "20251106_112955",
  "predicted_class": "Plueral Effusion",
  "class_probabilities": {
    "Asthma": 0.01918218657374382,
    "BRON": 0.0013994250912219286,
    "COPD": 0.0001766949862940237,
    "Healthy": 0.009753759950399399,
    "Lung Fibrosis": 0.007111401297152042,
    "Plueral Effusion": 0.9459100961685181,
    "Pneumonia": 0.0005043094861321151,
    "RTI": 0.015962114557623863
  }
}