{
  "predicted_class_idx": 3,
  "confidence": 0.32801714539527893,
  "all_probabilities": [
    0.11965970695018768,
    0.003069192636758089,
    0.00016609395970590413,
    0.32801714539527893,
    0.26898613572120667,
    0.00032180798007175326,
    0.2796720266342163,
    0.00010793124965857714
  ],
  "std_probabilities": [
    0.1625802218914032,
    0.005963847506791353,
    0.0003167219692841172,
    0.35682955384254456,
    0.3618701994419098,
    0.0006205389508977532,
    0.37238097190856934,
    0.00021302868844941258
  ],
  "fold_predictions": [
    [
      0.006580803077667952,
      4.58678323411732e-06,
      2.1109146075559693e-07,
      0.013992457650601864,
      0.9759542942047119,
      5.998511909410809e-08,
      0.003465948160737753,
      1.617742100279429e-06
    ],
    [
      0.08764785528182983,
      4.920810624753358e-06,
      1.5074613202159526e-06,
      0.6534256339073181,
      0.2214505523443222,
      5.022599580684073e-08,
      0.03746949881315231,
      3.9609755475567e-08
    ],
    [
      0.001215660129673779,
      6.211276286194334e-06,
      2.6332810421081376e-07,
      0.009342900477349758,
      0.0002782205701805651,
      2.4108583573934084e-08,
      0.9891560077667236,
      6.16100919614837e-07
    ],
    [
      0.43796902894973755,
      0.014994134195148945,
      0.0007991475285962224,
      0.10525326430797577,
      0.11917418986558914,
      0.0015623631188645959,
      0.31971392035484314,
      0.0005339825293049216
    ],
    [
      0.0648851990699768,
      0.0003361098642926663,
      2.9340411856537685e-05,
      0.8580713868141174,
      0.02807329222559929,
      4.6542500058421865e-05,
      0.04855477809906006,
      3.4002719075942878e-06
    ]
  ],
  "filename": "BP68_asthmaE_WP_R_L_21F_filtered_seg2_orig_0056.wav",
  "feature_type": "concat",
  "timestamp": "20251106_120205",
  "predicted_class": "Healthy",
  "class_probabilities": {
    "Asthma": 0.11965970695018768,
    "BRON": 0.003069192636758089,
    "COPD": 0.00016609395970590413,
    "Healthy": 0.32801714539527893,
    "Lung Fibrosis": 0.26898613572120667,
    "Plueral Effusion": 0.00032180798007175326,
    "Pneumonia": 0.2796720266342163,
    "RTI": 0.00010793124965857714
  }
}