{
  "predicted_class_idx": 0,
  "confidence": 0.8998817205429077,
  "all_probabilities": [
    0.8998817205429077,
    8.873696788214147e-05,
    0.0005352165317162871,
    0.008368016220629215,
    0.005062289070338011,
    0.08601564913988113,
    4.696261748904362e-05,
    1.3960532214696286e-06
  ],
  "std_probabilities": [
    0.1649182289838791,
    0.00014183434541337192,
    0.0007958860951475799,
    0.01670142449438572,
    0.010124159045517445,
    0.13834044337272644,
    9.086730278795585e-05,
    2.7566036351345247e-06
  ],
  "fold_predictions": [
    [
      0.9999942779541016,
      2.284390124979163e-12,
      5.766737103840569e-06,
      1.6929606859190233e-13,
      8.51016739716881e-12,
      5.187581475496472e-10,
      1.1013557687372666e-12,
      6.135328790152217e-12
    ],
    [
      0.9999980926513672,
      1.7636831936302527e-14,
      1.6775250060163671e-06,
      2.7792967216555553e-07,
      3.691277752210231e-12,
      1.6643274258765217e-10,
      4.762951144599015e-11,
      4.924623720831611e-15
    ],
    [
      0.9975735545158386,
      2.3484393807393644e-07,
      0.0020622583106160164,
      3.2973868080432567e-09,
      2.479016636414144e-08,
      0.00036276417085900903,
      1.0775614782687626e-06,
      4.362360428444845e-08
    ],
    [
      0.5748216509819031,
      0.000366002757800743,
      0.0005883770645596087,
      0.041770823299884796,
      0.025310607627034187,
      0.35690706968307495,
      0.00022865879873279482,
      6.909159310453106e-06
    ],
    [
      0.9270212650299072,
      7.744724280200899e-05,
      1.800286008801777e-05,
      6.897924322402105e-05,
      8.147242738232308e-07,
      0.0728084072470665,
      5.076685283711413e-06,
      2.74769682562237e-08
    ]
  ],
  "filename": "BP38_AsthmaE_WP_R_M38M_filtered_seg2_aug_add_noise-change_volume_b6bd0319.wav",
  "feature_type": "concat",
  "timestamp": "20251106_112256",
  "predicted_class": "Asthma",
  "class_probabilities": {
    "Asthma": 0.8998817205429077,
    "BRON": 8.873696788214147e-05,
    "COPD": 0.0005352165317162871,
    "Healthy": 0.008368016220629215,
    "Lung Fibrosis": 0.005062289070338011,
    "Plueral Effusion": 0.08601564913988113,
    "Pneumonia": 4.696261748904362e-05,
    "RTI": 1.3960532214696286e-06
  }
}