{
  "predicted_class_idx": 5,
  "confidence": 0.9977142214775085,
  "all_probabilities": [
    4.606397851603106e-06,
    3.716436549439095e-05,
    2.5221732688485154e-11,
    0.0022439351305365562,
    8.258345474132511e-08,
    0.9977142214775085,
    4.1928491234521914e-10,
    1.290535595055431e-10
  ],
  "std_probabilities": [
    7.988458492036443e-06,
    7.429952529491857e-05,
    5.02179096917299e-11,
    0.003573015099391341,
    1.05062291311242e-07,
    0.0036437211092561483,
    6.018311959898881e-10,
    1.940329702465604e-10
  ],
  "fold_predictions": [
    [
      1.747138981045282e-06,
      4.366150463397389e-08,
      4.1924889124592135e-13,
      0.0018680429784581065,
      2.685225410914427e-07,
      0.9981299042701721,
      5.414554915539327e-10,
      1.199928906236991e-10
    ],
    [
      7.046675705169037e-07,
      0.0001857634197222069,
      2.905812255312584e-14,
      0.00924705620855093,
      1.3034069468176313e-07,
      0.9905663132667542,
      6.720365583468002e-12,
      5.067494202037892e-10
    ],
    [
      4.4725148029556294e-08,
      1.977116470541773e-09,
      3.299625739875073e-15,
      4.771337103193218e-07,
      8.548368989665794e-14,
      0.9999995231628418,
      8.930617340476357e-14,
      5.109113544558841e-13
    ],
    [
      2.0512114229376266e-09,
      8.260024744266917e-14,
      8.599639308980968e-18,
      2.7140336555930844e-07,
      7.406943134736273e-16,
      0.9999997615814209,
      4.40563011690643e-15,
      1.0211150717200398e-18
    ],
    [
      2.0533407223410904e-05,
      1.2771878665773784e-08,
      1.2565705420630735e-10,
      0.00010382891923654824,
      1.4053972208216692e-08,
      0.9998756647109985,
      1.5481550486029505e-09,
      1.8014508287866882e-11
    ]
  ],
  "filename": "BP8_Plueral_EffusionI_C_BP_L_L70M_filtered_seg1_aug_lowpass-pitch_shift-time_shift_f9bac70a.wav",
  "feature_type": "mel",
  "timestamp": "20251106_115902",
  "predicted_class": "Plueral Effusion",
  "class_probabilities": {
    "Asthma": 4.606397851603106e-06,
    "BRON": 3.716436549439095e-05,
    "COPD": 2.5221732688485154e-11,
    "Healthy": 0.0022439351305365562,
    "Lung Fibrosis": 8.258345474132511e-08,
    "Plueral Effusion": 0.9977142214775085,
    "Pneumonia": 4.1928491234521914e-10,
    "RTI": 1.290535595055431e-10
  }
}