{
  "predicted_class_idx": 6,
  "confidence": 0.9452221989631653,
  "all_probabilities": [
    0.0003326350706629455,
    0.012329029850661755,
    0.03973383456468582,
    0.0021716412156820297,
    8.338842599187046e-05,
    6.644537734246114e-06,
    0.9452221989631653,
    0.00012061417510267347
  ],
  "std_probabilities": [
    0.0006621495704166591,
    0.024349121376872063,
    0.03301703929901123,
    0.004303602501749992,
    0.00016657306696288288,
    1.328088910668157e-05,
    0.053537338972091675,
    0.000237857413594611
  ],
  "fold_predictions": [
    [
      1.1250381959371225e-08,
      1.6078847693279386e-06,
      4.519083086051978e-05,
      2.399019876975217e-06,
      9.754735907918644e-10,
      1.8132814139093512e-09,
      0.9999507665634155,
      2.8157611353663015e-08
    ],
    [
      8.780908444805391e-09,
      2.5144738629023777e-06,
      0.004549966659396887,
      2.660876361915143e-06,
      5.281925119504649e-09,
      1.4724099717255967e-10,
      0.9954403638839722,
      4.551734491542447e-06
    ],
    [
      6.540890353790019e-07,
      3.267612919444218e-05,
      0.043187424540519714,
      1.7555646991240792e-05,
      9.888083951636872e-08,
      7.863969919696956e-09,
      0.9567601680755615,
      1.3788423984806286e-06
    ],
    [
      0.0016569276340305805,
      0.061025261878967285,
      0.06930840015411377,
      0.010778754949569702,
      0.0004165344871580601,
      3.32063136738725e-05,
      0.8561846017837524,
      0.000596319034229964
    ],
    [
      5.573489943344612e-06,
      0.0005830899463035166,
      0.08157818764448166,
      5.68355608265847e-05,
      3.0251965199568076e-07,
      6.547667297240878e-09,
      0.9177752733230591,
      7.931456025289663e-07
    ]
  ],
  "filename": "192_2b1_Ar_mc_LittC2SE_filtered_seg2_copy_0034.wav",
  "feature_type": "concat",
  "timestamp": "20251106_113514",
  "predicted_class": "Pneumonia",
  "class_probabilities": {
    "Asthma": 0.0003326350706629455,
    "BRON": 0.012329029850661755,
    "COPD": 0.03973383456468582,
    "Healthy": 0.0021716412156820297,
    "Lung Fibrosis": 8.338842599187046e-05,
    "Plueral Effusion": 6.644537734246114e-06,
    "Pneumonia": 0.9452221989631653,
    "RTI": 0.00012061417510267347
  }
}