{
  "predicted_class_idx": 2,
  "confidence": 0.8219625353813171,
  "all_probabilities": [
    3.595420639612712e-05,
    0.0002649155503604561,
    0.8219625353813171,
    0.01343311183154583,
    2.283073445141781e-05,
    5.775874569735606e-07,
    0.16293512284755707,
    0.0013449240941554308
  ],
  "std_probabilities": [
    3.5497996577760205e-05,
    0.000352831237250939,
    0.3023710250854492,
    0.010118122212588787,
    4.1396768210688606e-05,
    8.184173339031986e-07,
    0.30960431694984436,
    0.001928947982378304
  ],
  "fold_predictions": [
    [
      5.281471385387704e-05,
      6.476133876276435e-06,
      0.9577658176422119,
      0.02385568618774414,
      1.0596879747026833e-06,
      1.6443324479809007e-09,
      0.018293872475624084,
      2.4340815798495896e-05
    ],
    [
      2.2870455723023042e-05,
      0.0009507830254733562,
      0.9655452370643616,
      0.025745710358023643,
      5.490078933689801e-07,
      7.09251082753326e-07,
      0.002761373994871974,
      0.004972815979272127
    ],
    [
      9.699561633169651e-05,
      0.00022962332877796143,
      0.9758721590042114,
      0.012695313431322575,
      0.0001054667227435857,
      2.1242376533336937e-06,
      0.010979274287819862,
      1.9034871002077125e-05
    ],
    [
      6.572170150320744e-06,
      0.000128485873574391,
      0.9929499626159668,
      0.0045751482248306274,
      7.0724527176935226e-06,
      3.761768496701734e-08,
      0.0006243573734536767,
      0.001708347350358963
    ],
    [
      5.180801281312597e-07,
      9.209386917063966e-06,
      0.2176797091960907,
      0.00029370395350269973,
      5.799583036036893e-09,
      1.5186715884851765e-08,
      0.7820167541503906,
      8.109000049216775e-08
    ]
  ],
  "filename": "COPD_2.wav",
  "feature_type": "mel",
  "timestamp": "20251106_144202",
  "predicted_class": "COPD",
  "class_probabilities": {
    "Asthma": 3.595420639612712e-05,
    "BRON": 0.0002649155503604561,
    "COPD": 0.8219625353813171,
    "Healthy": 0.01343311183154583,
    "Lung Fibrosis": 2.283073445141781e-05,
    "Plueral Effusion": 5.775874569735606e-07,
    "Pneumonia": 0.16293512284755707,
    "RTI": 0.0013449240941554308
  }
}