{
  "predicted_class_idx": 3,
  "confidence": 0.7752903699874878,
  "all_probabilities": [
    0.00012174798030173406,
    0.12873083353042603,
    0.006867264397442341,
    0.7752903699874878,
    6.304720045591239e-06,
    2.7909995878871996e-06,
    0.0001964147377293557,
    0.08878426998853683
  ],
  "std_probabilities": [
    0.00021649090922437608,
    0.19976477324962616,
    0.010418877005577087,
    0.3617973327636719,
    6.937775651749689e-06,
    2.6848429115489125e-06,
    0.00018522881146054715,
    0.16246876120567322
  ],
  "fold_predictions": [
    [
      1.9516439351718873e-05,
      0.039809003472328186,
      0.02714761346578598,
      0.9252062439918518,
      2.1360754089982947e-06,
      7.656586603843607e-06,
      0.0003197612822987139,
      0.007488146889954805
    ],
    [
      7.209012437670026e-06,
      0.0015663543017581105,
      1.144163979915902e-05,
      0.9944895505905151,
      1.039502492972133e-07,
      1.3603965953734587e-06,
      3.695429040817544e-05,
      0.0038869110867381096
    ],
    [
      0.0005546588217839599,
      0.019467148929834366,
      0.0002809518191497773,
      0.9671730399131775,
      1.6471765775349922e-05,
      2.6579505174595397e-07,
      0.0004951750161126256,
      0.012012254446744919
    ],
    [
      1.4386626389750745e-05,
      0.056260064244270325,
      0.0004724263271782547,
      0.9362579584121704,
      1.2787409104930703e-05,
      3.664800487968023e-06,
      0.00012491339293774217,
      0.006853879429399967
    ],
    [
      1.2968999726581387e-05,
      0.5265516042709351,
      0.006423888262361288,
      0.05332500860095024,
      2.4398165265893113e-08,
      1.007419314191793e-06,
      5.269732810120331e-06,
      0.41368016600608826
    ]
  ],
  "filename": "Healthy_2.wav",
  "feature_type": "mfcc",
  "timestamp": "20251113_110514",
  "predicted_class": "Healthy",
  "class_probabilities": {
    "ASMA": 0.00012174798030173406,
    "BRON": 0.12873083353042603,
    "COPD": 0.006867264397442341,
    "Healthy": 0.7752903699874878,
    "Lung Fibrosis": 6.304720045591239e-06,
    "Plueral Effusion": 2.7909995878871996e-06,
    "Pneumonia": 0.0001964147377293557,
    "RTI": 0.08878426998853683
  }
}