{
  "predicted_class_idx": 7,
  "confidence": 0.8603389859199524,
  "all_probabilities": [
    0.0002466055448167026,
    0.00016944347589742392,
    0.056358058005571365,
    0.08226028084754944,
    0.00012767869338858873,
    0.00010817189468070865,
    0.00039083068259060383,
    0.8603389859199524
  ],
  "std_probabilities": [
    0.00046338196261785924,
    0.00033330669975839555,
    0.10913672298192978,
    0.15817265212535858,
    0.0002484820724930614,
    0.0002159255527658388,
    0.0007100098300725222,
    0.2692699730396271
  ],
  "fold_predictions": [
    [
      2.295676537755753e-08,
      2.350037533460636e-07,
      2.2839185476186685e-05,
      1.3162341019778978e-05,
      1.5518911311573902e-07,
      5.353733012469775e-10,
      8.326434652872194e-09,
      0.999963641166687
    ],
    [
      3.270125503718191e-08,
      2.7277062031316746e-07,
      0.0007371880346909165,
      0.0014409770956262946,
      9.757813131727744e-06,
      9.343573831310792e-11,
      1.44159557180501e-07,
      0.9978117346763611
    ],
    [
      6.097705806951126e-08,
      3.098519698596647e-07,
      0.0023470502346754074,
      0.00033429154427722096,
      1.9975274767602968e-07,
      8.941532514405992e-10,
      2.240556717936215e-08,
      0.9973180890083313
    ],
    [
      0.0011721760965883732,
      0.0008360108477063477,
      0.2746136486530304,
      0.39850127696990967,
      0.0006245935219340026,
      0.0005400225054472685,
      0.0018062349408864975,
      0.32190605998039246
    ],
    [
      6.073488839319907e-05,
      1.0388918781245593e-05,
      0.004069564398378134,
      0.011011689901351929,
      3.687171556521207e-06,
      8.354296596735367e-07,
      0.0001477435725973919,
      0.9846952557563782
    ]
  ],
  "filename": "165_1b1_Pr_sc_Meditron_filtered_seg1_aug_time_shift_111a5c7b.wav",
  "feature_type": "concat",
  "timestamp": "20251106_115432",
  "predicted_class": "RTI",
  "class_probabilities": {
    "Asthma": 0.0002466055448167026,
    "BRON": 0.00016944347589742392,
    "COPD": 0.056358058005571365,
    "Healthy": 0.08226028084754944,
    "Lung Fibrosis": 0.00012767869338858873,
    "Plueral Effusion": 0.00010817189468070865,
    "Pneumonia": 0.00039083068259060383,
    "RTI": 0.8603389859199524
  }
}