{
  "predicted_class_idx": 3,
  "confidence": 0.8503736257553101,
  "all_probabilities": [
    0.03630392625927925,
    0.01343690138310194,
    0.014616116881370544,
    0.8503736257553101,
    0.01821502484381199,
    0.021476762369275093,
    0.045083578675985336,
    0.0004940194776281714
  ],
  "std_probabilities": [
    0.025606343522667885,
    0.006026339251548052,
    0.018514443188905716,
    0.06909780949354172,
    0.011268052272498608,
    0.032268162816762924,
    0.04360105097293854,
    0.0003396563697606325
  ],
  "fold_predictions": [
    [
      0.004537235479801893,
      0.012824739329516888,
      0.00047285837354138494,
      0.8821130990982056,
      0.005483271554112434,
      0.08548340946435928,
      0.008892824873328209,
      0.00019255327060818672
    ],
    [
      0.07422922551631927,
      0.014806949533522129,
      0.015939969569444656,
      0.7528406381607056,
      0.019232137128710747,
      0.0053778160363435745,
      0.11738689988851547,
      0.00018642419308889657
    ],
    [
      0.024127617478370667,
      0.016732044517993927,
      0.005837371572852135,
      0.8976786732673645,
      0.018214300274848938,
      0.012858370319008827,
      0.02385788969695568,
      0.0006937480648048222
    ],
    [
      0.021083611994981766,
      0.002458835719153285,
      0.0009015998221002519,
      0.9335902333259583,
      0.03826932981610298,
      0.00041048479033634067,
      0.0029531281907111406,
      0.0003328530874568969
    ],
    [
      0.05754192918539047,
      0.020361939445137978,
      0.049928780645132065,
      0.7856458425521851,
      0.009876090101897717,
      0.0032537339720875025,
      0.0723271518945694,
      0.0010645186994224787
    ]
  ],
  "filename": "BP6_Plueral_EffusionI_C_BP_L_R81M_filtered_seg1_aug_time_shift-time_stretch-pitch_shift_ed08dfa7.wav",
  "feature_type": "mfcc",
  "timestamp": "20251106_115841",
  "predicted_class": "Healthy",
  "class_probabilities": {
    "Asthma": 0.03630392625927925,
    "BRON": 0.01343690138310194,
    "COPD": 0.014616116881370544,
    "Healthy": 0.8503736257553101,
    "Lung Fibrosis": 0.01821502484381199,
    "Plueral Effusion": 0.021476762369275093,
    "Pneumonia": 0.045083578675985336,
    "RTI": 0.0004940194776281714
  }
}