{
  "predicted_class_idx": 5,
  "confidence": 0.9989469647407532,
  "all_probabilities": [
    0.00104893883690238,
    6.564393638750908e-16,
    1.97197505258373e-06,
    2.1201224171818467e-06,
    1.179180197929952e-09,
    0.9989469647407532,
    1.8702581114805232e-20,
    3.424425562620272e-16
  ],
  "std_probabilities": [
    0.00209787767380476,
    1.3122126422162846e-15,
    3.94395010516746e-06,
    4.2402443796163425e-06,
    2.358360395859904e-09,
    0.002106046536937356,
    3.435710183875486e-20,
    6.840126685883825e-16
  ],
  "fold_predictions": [
    [
      3.3436399482500434e-11,
      1.3322171831133507e-18,
      4.24749551766283e-18,
      4.69043640732858e-13,
      1.3060947612077893e-20,
      1.0,
      6.2678580979407816e-21,
      1.745491092805563e-18
    ],
    [
      1.2369725119190465e-20,
      1.930283635671346e-34,
      7.239467122957809e-26,
      7.664482329161316e-25,
      8.536985663124846e-25,
      1.0,
      0.0,
      1.0893796183277637e-32
    ],
    [
      2.647485103068437e-22,
      6.571225744763704e-33,
      0.0,
      1.874547119547116e-25,
      0.0,
      1.0,
      1.0422945867087672e-36,
      4.9773182205280547e-33
    ],
    [
      8.337118322099268e-12,
      2.084611091967594e-35,
      1.946307506300725e-33,
      1.7009784774515838e-16,
      1.2379269088658726e-26,
      1.0,
      0.0,
      0.0
    ],
    [
      0.0052446941845119,
      3.280864595368101e-15,
      9.859874808171298e-06,
      1.0600610949040856e-05,
      5.895901100672063e-09,
      0.9947348833084106,
      8.724504626439503e-20,
      1.7104672052245225e-15
    ]
  ],
  "filename": "BP8_Plueral_EffusionI_C_BP_L_L70M_filtered_seg2_aug_change_volume-add_noise_f213e1e1.wav",
  "feature_type": "mel",
  "timestamp": "20251106_115916",
  "predicted_class": "Plueral Effusion",
  "class_probabilities": {
    "Asthma": 0.00104893883690238,
    "BRON": 6.564393638750908e-16,
    "COPD": 1.97197505258373e-06,
    "Healthy": 2.1201224171818467e-06,
    "Lung Fibrosis": 1.179180197929952e-09,
    "Plueral Effusion": 0.9989469647407532,
    "Pneumonia": 1.8702581114805232e-20,
    "RTI": 3.424425562620272e-16
  }
}