{
  "predicted_class_idx": 3,
  "confidence": 0.5926608443260193,
  "all_probabilities": [
    0.06489579379558563,
    0.0035441562067717314,
    0.05114828422665596,
    0.5926608443260193,
    0.013802033849060535,
    0.20451100170612335,
    0.06843630969524384,
    0.001001624041236937
  ],
  "std_probabilities": [
    0.06293454766273499,
    0.002859256463125348,
    0.058222852647304535,
    0.2807800769805908,
    0.014045968651771545,
    0.35477200150489807,
    0.08079896122217178,
    0.0008347647963091731
  ],
  "fold_predictions": [
    [
      0.003968424629420042,
      0.00032478076172992587,
      0.0001296402042498812,
      0.07970322668552399,
      0.0013553444296121597,
      0.9113173484802246,
      0.0028351384680718184,
      0.00036608363734558225
    ],
    [
      0.05846061557531357,
      0.0016288163606077433,
      0.019435308873653412,
      0.6615310907363892,
      0.02912151627242565,
      0.006521942559629679,
      0.22304517030715942,
      0.00025552313309162855
    ],
    [
      0.18565797805786133,
      0.006508671212941408,
      0.08426187187433243,
      0.5783631205558777,
      0.0028757804539054632,
      0.08727721124887466,
      0.05371738225221634,
      0.0013380281161516905
    ],
    [
      0.03367001935839653,
      0.0018274171743541956,
      0.001750156981870532,
      0.924458920955658,
      0.03274565562605858,
      0.0007053223671391606,
      0.00428371038287878,
      0.0005588007043115795
    ],
    [
      0.042721930891275406,
      0.0074310945346951485,
      0.15016445517539978,
      0.7192477583885193,
      0.002911869902163744,
      0.016733169555664062,
      0.058300137519836426,
      0.002489684149622917
    ]
  ],
  "filename": "BP6_Plueral_EffusionI_C_BP_L_R81M_filtered_seg3_aug_pitch_shift_82ec5dd3.wav",
  "feature_type": "mfcc",
  "timestamp": "20251106_115832",
  "predicted_class": "Healthy",
  "class_probabilities": {
    "Asthma": 0.06489579379558563,
    "BRON": 0.0035441562067717314,
    "COPD": 0.05114828422665596,
    "Healthy": 0.5926608443260193,
    "Lung Fibrosis": 0.013802033849060535,
    "Plueral Effusion": 0.20451100170612335,
    "Pneumonia": 0.06843630969524384,
    "RTI": 0.001001624041236937
  }
}