{
  "predicted_class_idx": 2,
  "confidence": 0.9999274015426636,
  "all_probabilities": [
    9.556043551128823e-06,
    1.3408255654212553e-05,
    0.9999274015426636,
    1.2784427781298291e-05,
    4.050031066071824e-08,
    3.624422717507514e-08,
    3.540486068231985e-05,
    1.3049237850282225e-06
  ],
  "std_probabilities": [
    1.632567000342533e-05,
    2.418256553937681e-05,
    0.00011526112211868167,
    1.6858135495567694e-05,
    6.71352395897884e-08,
    5.37260262944983e-08,
    5.929597682552412e-05,
    2.2043018361728173e-06
  ],
  "fold_predictions": [
    [
      5.34401851837174e-06,
      8.852490962496518e-11,
      0.9999946355819702,
      1.3657038833159163e-09,
      7.111985445007463e-10,
      2.0251973431584247e-09,
      3.668692727387679e-08,
      1.5080567905556563e-08
    ],
    [
      5.493040050597031e-11,
      8.849799365551192e-12,
      1.0,
      7.460107531720439e-10,
      1.7117777464589756e-12,
      6.748835063015532e-16,
      3.6082706267315245e-10,
      1.4895091453651088e-12
    ],
    [
      4.696884374488786e-12,
      5.3178130302034e-12,
      1.0,
      4.479305121263266e-11,
      6.033478702543657e-14,
      1.167682695742234e-16,
      1.3954677691163653e-10,
      1.9582328380368663e-12
    ],
    [
      4.785423470821115e-07,
      5.4525503401237074e-06,
      0.9999414682388306,
      2.207794568676036e-05,
      1.7292641985022783e-07,
      1.393018749240582e-07,
      2.4519484213669784e-05,
      5.665328899340238e-06
    ],
    [
      4.195759538561106e-05,
      6.15886237937957e-05,
      0.999701201915741,
      4.184203498880379e-05,
      2.8862162437803818e-08,
      3.9894068493140367e-08,
      0.00015246763359755278,
      8.442059993285511e-07
    ]
  ],
  "filename": "170_1b4_Pr_mc_AKGC417L_filtered_seg2_copy_0152.wav",
  "feature_type": "concat",
  "timestamp": "20251106_113438",
  "predicted_class": "COPD",
  "class_probabilities": {
    "Asthma": 9.556043551128823e-06,
    "BRON": 1.3408255654212553e-05,
    "COPD": 0.9999274015426636,
    "Healthy": 1.2784427781298291e-05,
    "Lung Fibrosis": 4.050031066071824e-08,
    "Plueral Effusion": 3.624422717507514e-08,
    "Pneumonia": 3.540486068231985e-05,
    "RTI": 1.3049237850282225e-06
  }
}