{
  "predicted_class_idx": 5,
  "confidence": 0.9836870431900024,
  "all_probabilities": [
    0.01216903142631054,
    0.003627810161560774,
    1.0489826252069179e-07,
    1.180936669697985e-05,
    1.1894581803062465e-05,
    0.9836870431900024,
    0.0004304348840378225,
    6.181940989335999e-05
  ],
  "std_probabilities": [
    0.012035198509693146,
    0.007240614388138056,
    1.8955203984205582e-07,
    1.840082768467255e-05,
    1.946693919308018e-05,
    0.013836131431162357,
    0.000819551816675812,
    9.773336205398664e-05
  ],
  "fold_predictions": [
    [
      0.008709393441677094,
      2.693081341931247e-06,
      1.5416039755508648e-12,
      1.9356244251866883e-07,
      8.423214126196399e-08,
      0.9911726117134094,
      6.29688729532063e-05,
      5.1997380069224164e-05
    ],
    [
      0.001440519350580871,
      3.303397486109638e-11,
      2.4532922360265275e-09,
      5.50000267551809e-09,
      8.06103717110318e-09,
      0.9985507130622864,
      8.65190668264404e-06,
      1.4397052126857712e-11
    ],
    [
      0.0054780589416623116,
      7.049068244668888e-07,
      9.588856618447661e-12,
      2.2207757410797058e-07,
      5.0191501941299066e-05,
      0.9944678544998169,
      1.3831888168169826e-07,
      2.8411700441210996e-06
    ],
    [
      0.03553960099816322,
      2.6627172701410018e-05,
      3.919589985912353e-08,
      4.763885590364225e-05,
      9.111208782996982e-06,
      0.9643645286560059,
      1.1472261576273013e-05,
      9.71074655353732e-07
    ],
    [
      0.009677587077021599,
      0.018109025433659554,
      4.828310125049029e-07,
      1.0986836059601046e-05,
      7.790885092617827e-08,
      0.9698796272277832,
      0.0020689431112259626,
      0.0002532874059397727
    ]
  ],
  "filename": "BP28_BRONCrepP_L_U68F_filtered_seg1_aug_add_noise-lowpass_0d9701a9.wav",
  "feature_type": "mel",
  "timestamp": "20251106_112957",
  "predicted_class": "Plueral Effusion",
  "class_probabilities": {
    "Asthma": 0.01216903142631054,
    "BRON": 0.003627810161560774,
    "COPD": 1.0489826252069179e-07,
    "Healthy": 1.180936669697985e-05,
    "Lung Fibrosis": 1.1894581803062465e-05,
    "Plueral Effusion": 0.9836870431900024,
    "Pneumonia": 0.0004304348840378225,
    "RTI": 6.181940989335999e-05
  }
}