{
  "predicted_class_idx": 3,
  "confidence": 0.6540857553482056,
  "all_probabilities": [
    0.1181715577840805,
    0.0030905588064342737,
    7.381694740615785e-05,
    0.6540857553482056,
    0.15283837914466858,
    1.1200221479157335e-06,
    0.07159451395273209,
    0.00014423506218008697
  ],
  "std_probabilities": [
    0.08606252819299698,
    0.00552244670689106,
    9.066704660654068e-05,
    0.26116734743118286,
    0.1852179765701294,
    2.0681327441707253e-06,
    0.12461206316947937,
    0.0001361832401016727
  ],
  "fold_predictions": [
    [
      0.20619404315948486,
      0.00020199516438879073,
      5.013391159991443e-07,
      0.2879582941532135,
      0.4958609640598297,
      2.2287196532744247e-09,
      0.009583999402821064,
      0.0002002277906285599
    ],
    [
      0.024967258796095848,
      0.0006199884228408337,
      4.130225477183558e-07,
      0.9651550054550171,
      0.008196618407964706,
      2.2654429443491608e-08,
      0.00105904636438936,
      1.5359001963588526e-06
    ],
    [
      0.05133315920829773,
      0.014127288945019245,
      0.00016613450134173036,
      0.4133053719997406,
      0.20026233792304993,
      5.249683454167098e-06,
      0.32065367698669434,
      0.0001467083056923002
    ],
    [
      0.07190783321857452,
      0.0004890469135716558,
      0.0002018567465711385,
      0.8671706318855286,
      0.04548826441168785,
      3.134883854727377e-07,
      0.014374430291354656,
      0.0003675662155728787
    ],
    [
      0.2364555150270462,
      1.4474152521870565e-05,
      1.7912900318606262e-07,
      0.7368395328521729,
      0.014383755624294281,
      1.205586475094833e-08,
      0.012301422655582428,
      5.137200332683278e-06
    ]
  ],
  "filename": "BP48_NNP_L_U31M_filtered_seg2_orig_0088.wav",
  "feature_type": "mfcc",
  "timestamp": "20251106_114305",
  "predicted_class": "Healthy",
  "class_probabilities": {
    "Asthma": 0.1181715577840805,
    "BRON": 0.0030905588064342737,
    "COPD": 7.381694740615785e-05,
    "Healthy": 0.6540857553482056,
    "Lung Fibrosis": 0.15283837914466858,
    "Plueral Effusion": 1.1200221479157335e-06,
    "Pneumonia": 0.07159451395273209,
    "RTI": 0.00014423506218008697
  }
}