{
  "predicted_class_idx": 1,
  "confidence": 0.5373920202255249,
  "all_probabilities": [
    0.42663055658340454,
    0.5373920202255249,
    3.3669894037302583e-05,
    0.029096459969878197,
    8.115300261124503e-06,
    0.0054352800361812115,
    0.0013956876937299967,
    8.225865713029634e-06
  ],
  "std_probabilities": [
    0.3852381110191345,
    0.42800021171569824,
    4.140605597058311e-05,
    0.04004539176821709,
    1.591123509570025e-05,
    0.010841675102710724,
    0.0025430393870919943,
    1.4255469977797475e-05
  ],
  "fold_predictions": [
    [
      0.05014431104063988,
      0.9485839009284973,
      9.197663894155994e-05,
      0.000894893251825124,
      1.2487222811330412e-08,
      5.178972628527845e-07,
      0.00028157359338365495,
      2.909739123424515e-06
    ],
    [
      0.09076299518346786,
      0.9084110260009766,
      2.3407186233725952e-07,
      0.0007040963391773403,
      5.643620397677296e-07,
      2.040480285359081e-05,
      6.394840602297336e-05,
      3.6659883335232735e-05
    ],
    [
      0.9029645919799805,
      0.02900870330631733,
      8.504277104748326e-08,
      0.04084427282214165,
      6.452927436839673e-08,
      0.027118612080812454,
      6.358713289955631e-05,
      1.069009485377137e-07
    ],
    [
      0.203505277633667,
      0.7962323427200317,
      2.180917846317243e-08,
      0.00017210659279953688,
      1.1751791206826567e-10,
      4.299153477660411e-09,
      9.01768435142003e-05,
      4.227678473966989e-08
    ],
    [
      0.8857755661010742,
      0.004724066238850355,
      7.603191625094041e-05,
      0.10286694020032883,
      3.993500649812631e-05,
      3.686114359879866e-05,
      0.006479152478277683,
      1.4105263517194544e-06
    ]
  ],
  "filename": "BP91_asthmaE_WP_R_U43F_filtered_seg1_aug_change_volume_2eb9f059.wav",
  "feature_type": "mel",
  "timestamp": "20251106_112505",
  "predicted_class": "BRON",
  "class_probabilities": {
    "Asthma": 0.42663055658340454,
    "BRON": 0.5373920202255249,
    "COPD": 3.3669894037302583e-05,
    "Healthy": 0.029096459969878197,
    "Lung Fibrosis": 8.115300261124503e-06,
    "Plueral Effusion": 0.0054352800361812115,
    "Pneumonia": 0.0013956876937299967,
    "RTI": 8.225865713029634e-06
  }
}