{
  "predicted_class_idx": 5,
  "confidence": 0.8000001907348633,
  "all_probabilities": [
    0.00035333598498255014,
    5.8678717323346063e-05,
    0.19953884184360504,
    4.860103945247829e-05,
    3.348872915087675e-11,
    0.8000001907348633,
    5.03066130419505e-11,
    3.329532489715348e-07
  ],
  "std_probabilities": [
    0.0007066716207191348,
    0.00011735743464669213,
    0.3990776836872101,
    9.720119851408526e-05,
    6.697743054617789e-11,
    0.39999955892562866,
    1.0061096400448832e-10,
    6.659064979430696e-07
  ],
  "fold_predictions": [
    [
      6.016793174801194e-10,
      2.4136516895388593e-13,
      3.963336603352019e-12,
      1.7513982486505597e-09,
      5.2713563533876933e-17,
      1.0,
      4.537649942614906e-15,
      1.4092694466092976e-14
    ],
    [
      3.72235955505896e-15,
      3.016677938945878e-23,
      9.058737787670523e-11,
      1.1221145540529776e-12,
      4.4647261626989473e-23,
      1.0,
      7.829970186156162e-26,
      3.452273425510223e-22
    ],
    [
      1.4581792955352213e-17,
      1.8912632546920722e-23,
      2.1103399935114673e-30,
      1.4333554192368671e-18,
      4.767869371782509e-33,
      1.0,
      5.438389362038167e-27,
      7.739788864718364e-24
    ],
    [
      6.124738910484595e-11,
      6.747900159523398e-26,
      2.4612006647875066e-24,
      1.1248210479361531e-12,
      1.204482035290404e-24,
      1.0,
      4.591738136237397e-28,
      4.018174471901693e-29
    ],
    [
      0.0017666792264208198,
      0.0002933935902547091,
      0.997694194316864,
      0.00024300343648064882,
      1.6744358677378557e-10,
      1.0563991281742346e-06,
      2.5152854798982105e-10,
      1.6647662732793833e-06
    ]
  ],
  "filename": "188_1b1_Pl_sc_Meditron_filtered_seg2_aug_time_shift-add_noise_c407e87c.wav",
  "feature_type": "mel",
  "timestamp": "20251106_115504",
  "predicted_class": "Plueral Effusion",
  "class_probabilities": {
    "Asthma": 0.00035333598498255014,
    "BRON": 5.8678717323346063e-05,
    "COPD": 0.19953884184360504,
    "Healthy": 4.860103945247829e-05,
    "Lung Fibrosis": 3.348872915087675e-11,
    "Plueral Effusion": 0.8000001907348633,
    "Pneumonia": 5.03066130419505e-11,
    "RTI": 3.329532489715348e-07
  }
}