{
  "predicted_class_idx": 5,
  "confidence": 0.4843998849391937,
  "all_probabilities": [
    0.048915065824985504,
    0.10233606398105621,
    0.003696716157719493,
    0.19814491271972656,
    0.0028965335804969072,
    0.4843998849391937,
    0.0017756614834070206,
    0.15783509612083435
  ],
  "std_probabilities": [
    0.07727666944265366,
    0.14237123727798462,
    0.006054223980754614,
    0.3940380811691284,
    0.003363701980561018,
    0.4294651746749878,
    0.002288495423272252,
    0.3155195415019989
  ],
  "fold_predictions": [
    [
      1.734057342162032e-09,
      0.013463146984577179,
      3.487286812742241e-05,
      0.9862180352210999,
      4.901465217699297e-05,
      1.5428233382408507e-05,
      4.3344588335214596e-11,
      0.00021945191838312894
    ],
    [
      0.012165957130491734,
      0.12690351903438568,
      0.015615480951964855,
      0.0015695944894105196,
      0.009212675504386425,
      0.043876782059669495,
      0.001781797269359231,
      0.788874089717865
    ],
    [
      0.20199419558048248,
      0.37070897221565247,
      0.002783844480291009,
      2.690676865313435e-06,
      0.002759953960776329,
      0.4207414388656616,
      0.000940964266192168,
      6.79414879414253e-05
    ],
    [
      0.029518965631723404,
      0.0005572016234509647,
      4.9339701945427805e-05,
      0.0029238492716103792,
      0.0024553644470870495,
      0.9583259224891663,
      0.006155543029308319,
      1.3879417565476615e-05
    ],
    [
      0.000896194891538471,
      4.748868377646431e-05,
      4.287027977056823e-08,
      1.0425732398289256e-05,
      5.658682766807033e-06,
      0.9990399479866028,
      2.8562432419221295e-09,
      5.876528064163722e-08
    ]
  ],
  "filename": "BP86_NNP_R_U68F_filtered_seg2_aug_change_volume-add_noise-highpass_2acf3010.wav",
  "feature_type": "concat",
  "timestamp": "20251106_114412",
  "predicted_class": "Plueral Effusion",
  "class_probabilities": {
    "Asthma": 0.048915065824985504,
    "BRON": 0.10233606398105621,
    "COPD": 0.003696716157719493,
    "Healthy": 0.19814491271972656,
    "Lung Fibrosis": 0.0028965335804969072,
    "Plueral Effusion": 0.4843998849391937,
    "Pneumonia": 0.0017756614834070206,
    "RTI": 0.15783509612083435
  }
}