{
  "predicted_class_idx": 5,
  "confidence": 0.5153630375862122,
  "all_probabilities": [
    0.2862637937068939,
    4.6912521867170653e-08,
    5.166718253235558e-08,
    3.051299302114785e-07,
    0.19837185740470886,
    0.5153630375862122,
    8.764517360759783e-07,
    4.678541110081369e-09
  ],
  "std_probabilities": [
    0.35366207361221313,
    7.24644522165363e-08,
    6.262532536993604e-08,
    5.833892942064267e-07,
    0.3962116539478302,
    0.41518762707710266,
    1.7520445680929697e-06,
    5.951465986697713e-09
  ],
  "fold_predictions": [
    [
      0.5901584625244141,
      1.88285369517871e-07,
      1.924126635799439e-09,
      1.4716657688040868e-06,
      0.0010565449483692646,
      0.40877893567085266,
      4.38054075857508e-06,
      9.151767343951178e-09
    ],
    [
      0.000670929963234812,
      1.2107820171816663e-12,
      1.0399446061237771e-11,
      4.6519867819005967e-11,
      3.081271984228806e-07,
      0.9993287324905396,
      8.294415501652885e-13,
      5.388597554278896e-13
    ],
    [
      0.0025972388684749603,
      4.2361129715118295e-08,
      1.1674545774553735e-08,
      1.9278123986055107e-08,
      7.67321398598142e-06,
      0.9973949193954468,
      1.714202668701148e-09,
      1.4240388424013872e-08
    ],
    [
      0.009194349870085716,
      2.398686804738759e-10,
      1.6025495597205008e-07,
      3.2565257157557426e-08,
      0.9907947182655334,
      1.0726410437200684e-05,
      1.3235377420775518e-12,
      3.477229894337126e-18
    ],
    [
      0.8286979794502258,
      3.675031390315553e-09,
      8.44718854864368e-08,
      2.0940456035845045e-09,
      2.0919287135878761e-10,
      0.17130188643932343,
      1.1706164466593338e-12,
      1.2323241792245795e-14
    ]
  ],
  "filename": "183_1b1_Pl_sc_Meditron_filtered_seg1_aug_pitch_shift-add_noise-highpass_243e1486.wav",
  "feature_type": "mfcc",
  "timestamp": "20251106_114217",
  "predicted_class": "Plueral Effusion",
  "class_probabilities": {
    "Asthma": 0.2862637937068939,
    "BRON": 4.6912521867170653e-08,
    "COPD": 5.166718253235558e-08,
    "Healthy": 3.051299302114785e-07,
    "Lung Fibrosis": 0.19837185740470886,
    "Plueral Effusion": 0.5153630375862122,
    "Pneumonia": 8.764517360759783e-07,
    "RTI": 4.678541110081369e-09
  }
}