{
  "predicted_class_idx": 3,
  "confidence": 0.7119937539100647,
  "all_probabilities": [
    0.17851081490516663,
    0.00122553831897676,
    0.0007598167285323143,
    0.7119937539100647,
    0.03635835275053978,
    7.182880835898686e-06,
    0.0703752413392067,
    0.0007693159859627485
  ],
  "std_probabilities": [
    0.1266113668680191,
    0.002055649645626545,
    0.0014467891305685043,
    0.19271616637706757,
    0.024264192208647728,
    1.2197061550978106e-05,
    0.0783611387014389,
    0.0010026756208389997
  ],
  "fold_predictions": [
    [
      0.22045934200286865,
      0.0005165308248251677,
      2.3219681679620408e-05,
      0.5990854501724243,
      0.06186680123209953,
      4.2101883082068525e-06,
      0.11776994168758392,
      0.00027451891219243407
    ],
    [
      0.007055464666336775,
      1.2041014088026714e-05,
      4.863784852204844e-06,
      0.986873209476471,
      0.0018256831681355834,
      9.46678202495832e-09,
      0.0042250086553394794,
      3.7370755308074877e-06
    ],
    [
      0.3114762008190155,
      0.005319479387253523,
      0.0036521456204354763,
      0.452099472284317,
      0.023803817108273506,
      3.13685268338304e-05,
      0.2027500569820404,
      0.000867481401655823
    ],
    [
      0.05166202783584595,
      0.00027264104573987424,
      0.0001177638623630628,
      0.8728728890419006,
      0.06599091738462448,
      3.161528354667098e-07,
      0.006408025044947863,
      0.0026753463316708803
    ],
    [
      0.30190107226371765,
      6.9993720899219625e-06,
      1.090555997507181e-06,
      0.6490376591682434,
      0.02830454148352146,
      1.0070144718099527e-08,
      0.020723160356283188,
      2.549618511693552e-05
    ]
  ],
  "filename": "BP4_Plueral_EffusionI_C_BP_L_L70M_filtered_seg3_aug_time_shift_7e866f6155.wav",
  "feature_type": "mfcc",
  "timestamp": "20251106_115725",
  "predicted_class": "Healthy",
  "class_probabilities": {
    "Asthma": 0.17851081490516663,
    "BRON": 0.00122553831897676,
    "COPD": 0.0007598167285323143,
    "Healthy": 0.7119937539100647,
    "Lung Fibrosis": 0.03635835275053978,
    "Plueral Effusion": 7.182880835898686e-06,
    "Pneumonia": 0.0703752413392067,
    "RTI": 0.0007693159859627485
  }
}