{
  "predicted_class_idx": 0,
  "confidence": 0.8534577488899231,
  "all_probabilities": [
    0.8534577488899231,
    1.7266763734369306e-06,
    8.086358138825744e-05,
    0.128944531083107,
    0.01444351114332676,
    0.0003147316165268421,
    0.0027565963100641966,
    2.3631264411960728e-07
  ],
  "std_probabilities": [
    0.2395830899477005,
    2.7514140583662083e-06,
    0.00015353028720710427,
    0.24603071808815002,
    0.028193138539791107,
    0.00024420092813670635,
    0.004535946529358625,
    3.3471431493126147e-07
  ],
  "fold_predictions": [
    [
      0.9976474642753601,
      7.180547072493937e-06,
      2.3733937268843874e-06,
      0.0011010024463757873,
      0.00034104700898751616,
      0.0006167994579300284,
      0.0002831984020303935,
      9.006470804706623e-07
    ],
    [
      0.9140423536300659,
      2.260107692109159e-07,
      2.8412314350134693e-06,
      0.013576330617070198,
      0.07082895189523697,
      0.00010971321171382442,
      0.0014393939636647701,
      1.4186457519826945e-07
    ],
    [
      0.3781524896621704,
      4.0464051664912404e-08,
      4.4475036702351645e-06,
      0.6209284067153931,
      0.0004656729579437524,
      0.00018404815637040883,
      0.0002649462257977575,
      1.4796950331685821e-08
    ],
    [
      0.9926252961158752,
      1.2320245446062472e-07,
      6.74687726132106e-06,
      0.006775542628020048,
      0.0005113399238325655,
      6.0210182709852234e-05,
      2.066131855826825e-05,
      5.32551958087879e-08
    ],
    [
      0.9848214983940125,
      1.0631582654241356e-06,
      0.0003879089199472219,
      0.0023413277231156826,
      7.053218723740429e-05,
      0.0006028871284797788,
      0.011774782091379166,
      7.099941967680934e-08
    ]
  ],
  "filename": "ASMA_3.wav",
  "feature_type": "mel",
  "timestamp": "20251106_144029",
  "predicted_class": "Asthma",
  "class_probabilities": {
    "Asthma": 0.8534577488899231,
    "BRON": 1.7266763734369306e-06,
    "COPD": 8.086358138825744e-05,
    "Healthy": 0.128944531083107,
    "Lung Fibrosis": 0.01444351114332676,
    "Plueral Effusion": 0.0003147316165268421,
    "Pneumonia": 0.0027565963100641966,
    "RTI": 2.3631264411960728e-07
  }
}