{
  "predicted_class_idx": 7,
  "confidence": 0.29984015226364136,
  "all_probabilities": [
    0.009168284013867378,
    0.15029975771903992,
    0.1567247360944748,
    0.04119419679045677,
    5.804653119412251e-05,
    0.12493748962879181,
    0.21777737140655518,
    0.29984015226364136
  ],
  "std_probabilities": [
    0.00808286014944315,
    0.2782002091407776,
    0.3028842508792877,
    0.030751004815101624,
    0.00011103131691925228,
    0.17489373683929443,
    0.3535299003124237,
    0.3031260669231415
  ],
  "fold_predictions": [
    [
      0.014444596134126186,
      0.022870685905218124,
      0.0001586366561241448,
      0.07330106198787689,
      3.2378784453612752e-06,
      0.0675760805606842,
      0.001515705487690866,
      0.8201301097869873
    ],
    [
      0.0038431272841989994,
      0.0012744870036840439,
      0.7624152302742004,
      0.0041479673236608505,
      3.4100351058441447e-06,
      0.08974511921405792,
      0.13798214495182037,
      0.0005884718266315758
    ],
    [
      0.005004835315048695,
      0.003800582140684128,
      0.012698276899755001,
      0.05789659172296524,
      0.0002800936927087605,
      7.041988283162937e-05,
      0.9177725315093994,
      0.0024766309652477503
    ],
    [
      0.022325683385133743,
      0.017085915431380272,
      2.6721296308096498e-05,
      0.0667506530880928,
      3.488840320642339e-06,
      0.46729567646980286,
      0.02591497264802456,
      0.40059682726860046
    ],
    [
      0.00022317924594972283,
      0.7064670920372009,
      0.008324835449457169,
      0.003874702611938119,
      2.173021762530425e-09,
      9.003485246239507e-08,
      0.0057014706544578075,
      0.2754085958003998
    ]
  ],
  "filename": "135_2b3_Pr_mc_LittC2SE_filtered_seg2_aug_highpass-add_noise_8606b441.wav",
  "feature_type": "mel",
  "timestamp": "20251106_115053",
  "predicted_class": "RTI",
  "class_probabilities": {
    "Asthma": 0.009168284013867378,
    "BRON": 0.15029975771903992,
    "COPD": 0.1567247360944748,
    "Healthy": 0.04119419679045677,
    "Lung Fibrosis": 5.804653119412251e-05,
    "Plueral Effusion": 0.12493748962879181,
    "Pneumonia": 0.21777737140655518,
    "RTI": 0.29984015226364136
  }
}