{
  "predicted_class_idx": 1,
  "confidence": 0.9979785084724426,
  "all_probabilities": [
    3.396681131562218e-05,
    0.9979785084724426,
    0.0019466908415779471,
    7.067427759466227e-06,
    3.0093991654212005e-07,
    1.0459179122790374e-07,
    5.494273978001729e-07,
    3.280137025285512e-05
  ],
  "std_probabilities": [
    6.78442302159965e-05,
    0.004022258333861828,
    0.003876678179949522,
    1.3863907952327281e-05,
    5.316629199114686e-07,
    2.048346345873142e-07,
    1.0981060540871113e-06,
    6.265989941312e-05
  ],
  "fold_predictions": [
    [
      0.00016965523536782712,
      0.9899340271949768,
      0.009700031019747257,
      3.479239603620954e-05,
      1.3307410995366808e-07,
      5.142418331161025e-07,
      2.7456394491309766e-06,
      0.00015803598216734827
    ],
    [
      1.3307822899211175e-10,
      0.9999768733978271,
      2.3102718841983005e-05,
      1.6010004086353113e-11,
      3.702546607389735e-15,
      6.209247092187065e-12,
      6.628984470721799e-13,
      7.118899914004828e-11
    ],
    [
      6.094414572999085e-08,
      0.9999978542327881,
      2.0598024548235117e-06,
      2.408984300927841e-08,
      1.2104842461724274e-08,
      3.746573717933188e-09,
      2.6119342799724166e-10,
      2.615334060429575e-10
    ],
    [
      1.1773779817758623e-07,
      0.9999920129776001,
      1.2904443735806126e-07,
      5.20628702815884e-07,
      1.3595206382888136e-06,
      4.964340938329315e-09,
      6.666944774025296e-10,
      5.965722266410012e-06
    ],
    [
      6.929139472486648e-14,
      0.9999918937683105,
      8.131794857035857e-06,
      1.0419416197893216e-11,
      2.944393250807302e-14,
      1.5685510965465804e-16,
      5.688124971037212e-10,
      4.821111510011633e-09
    ]
  ],
  "filename": "201_1b1_Ar_sc_Meditron_filtered_seg2_orig_0044.wav",
  "feature_type": "mel",
  "timestamp": "20251106_112827",
  "predicted_class": "BRON",
  "class_probabilities": {
    "Asthma": 3.396681131562218e-05,
    "BRON": 0.9979785084724426,
    "COPD": 0.0019466908415779471,
    "Healthy": 7.067427759466227e-06,
    "Lung Fibrosis": 3.0093991654212005e-07,
    "Plueral Effusion": 1.0459179122790374e-07,
    "Pneumonia": 5.494273978001729e-07,
    "RTI": 3.280137025285512e-05
  }
}