{
  "predicted_class_idx": 5,
  "confidence": 0.8583481907844543,
  "all_probabilities": [
    0.13286826014518738,
    0.0012879129499197006,
    0.0002749856503214687,
    0.0068708122707903385,
    2.4397266315645538e-05,
    0.8583481907844543,
    3.1043600756675005e-06,
    0.00032237343839369714
  ],
  "std_probabilities": [
    0.14227119088172913,
    0.0025631634052842855,
    0.0004813235718756914,
    0.012838815338909626,
    4.849276228924282e-05,
    0.13961288332939148,
    4.544864168565255e-06,
    0.0006078080623410642
  ],
  "fold_predictions": [
    [
      0.0013766780029982328,
      1.117583906307118e-06,
      1.6178530131583102e-05,
      2.8668637241935357e-05,
      5.969509402348194e-07,
      0.9985023736953735,
      3.3827409424702637e-06,
      7.098107016645372e-05
    ],
    [
      0.00029946310678496957,
      2.1572354853560682e-06,
      1.3954299902252387e-06,
      4.914563032798469e-05,
      4.502529016292556e-09,
      0.9981110095977783,
      1.4400260497926531e-12,
      0.0015367900487035513
    ],
    [
      0.3480755388736725,
      6.630824373132782e-06,
      0.0012333689955994487,
      0.0012447945773601532,
      6.906910043902315e-10,
      0.6494240760803223,
      1.1829009963548742e-05,
      3.8019670682842843e-06
    ],
    [
      0.060254987329244614,
      0.006414229981601238,
      1.583277139616257e-06,
      0.03253329545259476,
      0.00012138169404352084,
      0.900674045085907,
      3.095107103945338e-07,
      1.017083164356336e-07
    ],
    [
      0.25433459877967834,
      1.5429099221364595e-05,
      0.00012240212527103722,
      0.0004981583915650845,
      2.496624906811462e-09,
      0.7450292706489563,
      5.378085754514927e-10,
      1.9236739490224863e-07
    ]
  ],
  "filename": "BP46_asthmaE_WP_L_U41F_filtered_seg2_aug_add_noise_f4e08001.wav",
  "feature_type": "mfcc",
  "timestamp": "20251106_112310",
  "predicted_class": "Plueral Effusion",
  "class_probabilities": {
    "Asthma": 0.13286826014518738,
    "BRON": 0.0012879129499197006,
    "COPD": 0.0002749856503214687,
    "Healthy": 0.0068708122707903385,
    "Lung Fibrosis": 2.4397266315645538e-05,
    "Plueral Effusion": 0.8583481907844543,
    "Pneumonia": 3.1043600756675005e-06,
    "RTI": 0.00032237343839369714
  }
}