{
  "predicted_class_idx": 6,
  "confidence": 0.9997032284736633,
  "all_probabilities": [
    1.582800166488596e-07,
    4.518708010436967e-06,
    0.0002769459970295429,
    6.445754024753114e-06,
    1.7138764851765131e-09,
    1.1786879805519845e-10,
    0.9997032284736633,
    8.706542757863645e-06
  ],
  "std_probabilities": [
    2.930117091182183e-07,
    5.13601116836071e-06,
    0.00038723755278624594,
    9.260011211154051e-06,
    2.223348394281288e-09,
    9.590429145278634e-11,
    0.0004066129622515291,
    9.098520422412548e-06
  ],
  "fold_predictions": [
    [
      4.574669976165069e-09,
      5.24620844544188e-08,
      2.0538287571980618e-05,
      4.025180260214256e-07,
      2.8918030192670585e-09,
      2.533133642082519e-12,
      0.9999760389328003,
      3.0374369544006186e-06
    ],
    [
      3.87690661796114e-08,
      7.816147444827948e-07,
      0.00019066878303419799,
      7.5237121563986875e-06,
      9.281399954153002e-11,
      1.777611391418077e-10,
      0.9997846484184265,
      1.6323352610925213e-05
    ],
    [
      7.436395890181302e-07,
      8.80783045431599e-06,
      0.0010414001299068332,
      2.4076614863588475e-05,
      5.570638617058421e-09,
      2.7095259369502855e-10,
      0.9989022016525269,
      2.2696322048432194e-05
    ],
    [
      1.4147596982816424e-10,
      4.790369985130383e-07,
      2.5804725737543777e-05,
      9.574693393687994e-08,
      6.0930249561053085e-12,
      4.786743224016732e-11,
      0.9999722242355347,
      1.4606969216401922e-06
    ],
    [
      4.275269027687045e-09,
      1.2472594789869618e-05,
      0.00010631808254402131,
      1.3017599087561393e-07,
      8.033949373820182e-12,
      9.022967095706491e-11,
      0.9998810291290283,
      1.4903495326734628e-08
    ]
  ],
  "filename": "135_2b3_Al_mc_LittC2SE_filtered_seg2_aug_change_volume_167bf2eb.wav",
  "feature_type": "mel",
  "timestamp": "20251106_115050",
  "predicted_class": "Pneumonia",
  "class_probabilities": {
    "Asthma": 1.582800166488596e-07,
    "BRON": 4.518708010436967e-06,
    "COPD": 0.0002769459970295429,
    "Healthy": 6.445754024753114e-06,
    "Lung Fibrosis": 1.7138764851765131e-09,
    "Plueral Effusion": 1.1786879805519845e-10,
    "Pneumonia": 0.9997032284736633,
    "RTI": 8.706542757863645e-06
  }
}