{
  "predicted_class_idx": 7,
  "confidence": 0.9997549057006836,
  "all_probabilities": [
    3.4125827141906484e-07,
    3.405128518352285e-05,
    3.241655832653123e-08,
    0.0002081328711938113,
    3.108083035385789e-07,
    3.064020148713098e-09,
    2.2205790628504474e-06,
    0.9997549057006836
  ],
  "std_probabilities": [
    4.377610594019643e-07,
    2.738330113061238e-05,
    3.708867879481659e-08,
    0.0004016827733721584,
    5.531378519663122e-07,
    2.5627491240243216e-09,
    3.419035238039214e-06,
    0.00042605269118212163
  ],
  "fold_predictions": [
    [
      8.269943840844007e-09,
      8.468115453297287e-08,
      8.815600333056395e-11,
      1.17877434604452e-05,
      2.875720217510036e-10,
      3.11481018755444e-09,
      4.252273555493957e-08,
      0.9999880790710449
    ],
    [
      1.5693944754868738e-10,
      3.5839366319123656e-05,
      1.0138639261469962e-08,
      2.263400801894022e-06,
      3.731349864505296e-12,
      5.784876744296952e-11,
      8.34524840342965e-08,
      0.9999617338180542
    ],
    [
      5.964897695776017e-07,
      8.148649067152292e-05,
      2.525064424219181e-08,
      0.0010114215547218919,
      1.4116374131845077e-06,
      5.020213134088181e-09,
      1.9690630779223284e-06,
      0.9989030361175537
    ],
    [
      1.0883109098358545e-06,
      1.579711533850059e-05,
      1.0439503483894441e-07,
      1.4969523363106418e-05,
      1.4176022489209572e-07,
      6.683942732621517e-09,
      8.899786735128146e-06,
      0.9999589920043945
    ],
    [
      1.3063701231885716e-08,
      3.7048786907689646e-05,
      2.221032424642999e-08,
      2.2225444240575598e-07,
      3.526341441073555e-10,
      4.4328710147034656e-10,
      1.0807001871171451e-07,
      0.999962568283081
    ]
  ],
  "filename": "148_1b1_Al_sc_Meditron_filtered_seg2_orig_0017.wav",
  "feature_type": "mfcc",
  "timestamp": "20251106_115421",
  "predicted_class": "RTI",
  "class_probabilities": {
    "Asthma": 3.4125827141906484e-07,
    "BRON": 3.405128518352285e-05,
    "COPD": 3.241655832653123e-08,
    "Healthy": 0.0002081328711938113,
    "Lung Fibrosis": 3.108083035385789e-07,
    "Plueral Effusion": 3.064020148713098e-09,
    "Pneumonia": 2.2205790628504474e-06,
    "RTI": 0.9997549057006836
  }
}