{
  "predicted_class_idx": 4,
  "confidence": 0.8165245056152344,
  "all_probabilities": [
    0.03920752555131912,
    0.011029990389943123,
    0.0004038408806081861,
    0.06745345145463943,
    0.8165245056152344,
    0.01627293787896633,
    0.04497852921485901,
    0.004129265900701284
  ],
  "std_probabilities": [
    0.06380017101764679,
    0.014577438123524189,
    0.0007049731211736798,
    0.06204522028565407,
    0.16003751754760742,
    0.03137866035103798,
    0.045200739055871964,
    0.006976825185120106
  ],
  "fold_predictions": [
    [
      0.0058443136513233185,
      0.006037099286913872,
      0.00015635429008398205,
      0.1850893646478653,
      0.788759708404541,
      0.0003024820180144161,
      0.013684084638953209,
      0.00012659409549087286
    ],
    [
      0.011847601272165775,
      0.00696174381300807,
      5.2566389058483765e-05,
      0.054536279290914536,
      0.8428717851638794,
      0.000650048372335732,
      0.080781951546669,
      0.0022979516070336103
    ],
    [
      0.011502905748784542,
      0.002216877182945609,
      8.493292398270569e-07,
      0.04678317904472351,
      0.9352884888648987,
      0.001384809729643166,
      0.002581231063231826,
      0.00024171870609279722
    ],
    [
      0.1665278524160385,
      0.03976122662425041,
      0.001809188281185925,
      0.050763458013534546,
      0.5280632376670837,
      0.07902349531650543,
      0.11607157438993454,
      0.017979977652430534
    ],
    [
      0.00031496156589128077,
      0.00017300590116064996,
      2.4617048666186747e-07,
      9.494181722402573e-05,
      0.9876390695571899,
      3.856642251776066e-06,
      0.0117737902328372,
      8.667049655741721e-08
    ]
  ],
  "filename": "BP4_Heart_Failure__Lung_Fibrosis_I_CP_L_R72F_filtered_seg2_aug_highpass-time_shift-lowpass_58f91d6d.wav",
  "feature_type": "concat",
  "timestamp": "20251106_114636",
  "predicted_class": "Lung Fibrosis",
  "class_probabilities": {
    "Asthma": 0.03920752555131912,
    "BRON": 0.011029990389943123,
    "COPD": 0.0004038408806081861,
    "Healthy": 0.06745345145463943,
    "Lung Fibrosis": 0.8165245056152344,
    "Plueral Effusion": 0.01627293787896633,
    "Pneumonia": 0.04497852921485901,
    "RTI": 0.004129265900701284
  }
}