{
  "predicted_class_idx": 6,
  "confidence": 0.9898141026496887,
  "all_probabilities": [
    6.934210250619799e-05,
    5.588582280324772e-05,
    0.008311858400702477,
    0.00030582438921555877,
    6.595133072551107e-06,
    3.826387029448597e-08,
    0.9898141026496887,
    0.0014363585505634546
  ],
  "std_probabilities": [
    0.00010663963621482253,
    0.0001077798951882869,
    0.01661400869488716,
    0.0003395974636077881,
    1.2870345017290674e-05,
    4.759985117175347e-08,
    0.016588853672146797,
    0.002403409220278263
  ],
  "fold_predictions": [
    [
      0.00027848468744196,
      0.00027138163568452,
      0.04153987765312195,
      0.0006561923655681312,
      3.23341773764696e-05,
      6.922191175817716e-08,
      0.9570502638816833,
      0.00017135914822574705
    ],
    [
      1.9888679148039046e-08,
      5.917892842433048e-10,
      4.5897473910372355e-07,
      1.3860419585398631e-06,
      6.341878655254443e-14,
      3.632632606179187e-12,
      0.9999856948852539,
      1.2367447197902948e-05
    ],
    [
      1.138989955506986e-05,
      7.047372946544783e-06,
      4.90870525027276e-06,
      0.000778242654632777,
      3.66157024700442e-07,
      2.7941668978570533e-09,
      0.9929887652397156,
      0.006209257990121841
    ],
    [
      8.651982597029928e-08,
      1.4532117731391736e-09,
      7.899469892436173e-06,
      3.811102715189918e-06,
      1.9929384809103112e-09,
      1.6254168011542447e-09,
      0.9999823570251465,
      5.819223588332534e-06
    ],
    [
      5.672953193425201e-05,
      9.980526556319091e-07,
      6.150235094537493e-06,
      8.948978938860819e-05,
      2.733389408149378e-07,
      1.1767423302444513e-07,
      0.9990633130073547,
      0.0007829889073036611
    ]
  ],
  "filename": "122_2b3_Tc_mc_LittC2SE_filtered_seg2_orig_0017.wav",
  "feature_type": "mel",
  "timestamp": "20251106_115032",
  "predicted_class": "Pneumonia",
  "class_probabilities": {
    "Asthma": 6.934210250619799e-05,
    "BRON": 5.588582280324772e-05,
    "COPD": 0.008311858400702477,
    "Healthy": 0.00030582438921555877,
    "Lung Fibrosis": 6.595133072551107e-06,
    "Plueral Effusion": 3.826387029448597e-08,
    "Pneumonia": 0.9898141026496887,
    "RTI": 0.0014363585505634546
  }
}