{
  "predicted_class_idx": 3,
  "confidence": 0.7847663164138794,
  "all_probabilities": [
    0.000913672149181366,
    0.012847445905208588,
    0.00021855234808754176,
    0.7847663164138794,
    0.00015944545157253742,
    0.00010597593063721433,
    0.02484259568154812,
    0.17614591121673584
  ],
  "std_probabilities": [
    0.0018169130198657513,
    0.020168442279100418,
    0.0002816114283632487,
    0.14974357187747955,
    0.00031825376208871603,
    0.00021045094763394445,
    0.049407076090574265,
    0.1418750286102295
  ],
  "fold_predictions": [
    [
      5.061509909864981e-06,
      1.8354055555391824e-06,
      2.1837058739038184e-07,
      0.9556875824928284,
      1.3868306325548474e-07,
      5.812252652503958e-07,
      4.580379481922137e-06,
      0.044299934059381485
    ],
    [
      2.1706262032239465e-06,
      0.0020977137610316277,
      0.0002773051674012095,
      0.6432614326477051,
      9.280541917178198e-07,
      1.4886192047924851e-06,
      4.7341774916276336e-05,
      0.35431161522865295
    ],
    [
      0.004547493066638708,
      0.05257616192102432,
      0.0007452967693097889,
      0.6908594369888306,
      0.0007959526847116649,
      0.000526876887306571,
      0.12365645915269852,
      0.12629230320453644
    ],
    [
      2.718089035624871e-06,
      5.052531560068019e-05,
      1.85498774953885e-05,
      0.9782257676124573,
      7.276133828781894e-08,
      1.0450290233166015e-07,
      0.0003534535935614258,
      0.02134876511991024
    ],
    [
      1.0917604413407389e-05,
      0.009510993026196957,
      5.1391492888797075e-05,
      0.6557977199554443,
      1.3508764595826506e-07,
      8.28433542210405e-07,
      0.00015114224515855312,
      0.33447691798210144
    ]
  ],
  "filename": "Healthy_3.wav",
  "feature_type": "mel",
  "timestamp": "20251106_144700",
  "predicted_class": "Healthy",
  "class_probabilities": {
    "Asthma": 0.000913672149181366,
    "BRON": 0.012847445905208588,
    "COPD": 0.00021855234808754176,
    "Healthy": 0.7847663164138794,
    "Lung Fibrosis": 0.00015944545157253742,
    "Plueral Effusion": 0.00010597593063721433,
    "Pneumonia": 0.02484259568154812,
    "RTI": 0.17614591121673584
  }
}