{
  "predicted_class_idx": 4,
  "confidence": 0.7644177675247192,
  "all_probabilities": [
    0.1989457756280899,
    0.0018419049447402358,
    1.3602996659756172e-05,
    0.029198359698057175,
    0.7644177675247192,
    9.561498700350057e-06,
    0.005486324429512024,
    8.666673966217786e-05
  ],
  "std_probabilities": [
    0.3322657346725464,
    0.0018494477262720466,
    1.7194128304254264e-05,
    0.037478212267160416,
    0.32687050104141235,
    1.888784572656732e-05,
    0.006097840610891581,
    0.00010538493370404467
  ],
  "fold_predictions": [
    [
      0.006167992949485779,
      0.0018706639530137181,
      5.064872610205384e-08,
      0.008558311499655247,
      0.9830117225646973,
      1.0745853096238989e-08,
      0.00038889635470695794,
      2.3517618501500692e-06
    ],
    [
      0.016983110457658768,
      3.7328540201997384e-05,
      3.257854785942982e-08,
      0.020631713792681694,
      0.9622123837471008,
      5.140887160415275e-10,
      0.00013506569666787982,
      3.810705777596013e-07
    ],
    [
      0.024672800675034523,
      0.005340528208762407,
      4.091984374099411e-05,
      0.013562213629484177,
      0.9458484649658203,
      4.7335532144643366e-05,
      0.01025786716490984,
      0.00022978165361564606
    ],
    [
      0.08573482930660248,
      0.0007349741063080728,
      2.6999263354809955e-05,
      0.10297030955553055,
      0.8088043928146362,
      4.6060813474468887e-07,
      0.0015272513264790177,
      0.00020069940364919603
    ],
    [
      0.8611701130867004,
      0.0012260302901268005,
      1.2646926172976691e-08,
      0.00026924797566607594,
      0.12221194803714752,
      9.403785389272556e-11,
      0.015122541226446629,
      1.1983230763235042e-07
    ]
  ],
  "filename": "BP68_asthmaE_WP_R_L_21F_filtered_seg2_orig_0056.wav",
  "feature_type": "mfcc",
  "timestamp": "20251106_112441",
  "predicted_class": "Lung Fibrosis",
  "class_probabilities": {
    "Asthma": 0.1989457756280899,
    "BRON": 0.0018419049447402358,
    "COPD": 1.3602996659756172e-05,
    "Healthy": 0.029198359698057175,
    "Lung Fibrosis": 0.7644177675247192,
    "Plueral Effusion": 9.561498700350057e-06,
    "Pneumonia": 0.005486324429512024,
    "RTI": 8.666673966217786e-05
  }
}