{
  "predicted_class_idx": 5,
  "confidence": 0.9889987111091614,
  "all_probabilities": [
    0.010996413417160511,
    5.85943564532194e-16,
    7.403270387840166e-07,
    4.1317239265481476e-06,
    1.5152940013862803e-09,
    0.9889987111091614,
    1.147350400605767e-20,
    5.1004532287726023e-17
  ],
  "std_probabilities": [
    0.0219926405698061,
    1.1674317357618304e-15,
    1.4806540775680332e-06,
    8.263444215117488e-06,
    3.0305880027725607e-09,
    0.02200239896774292,
    1.4552073144349704e-20,
    6.320586322191191e-17
  ],
  "fold_predictions": [
    [
      1.3981379387573156e-09,
      8.920917086077176e-18,
      2.2498743561180916e-16,
      4.0213966596806816e-13,
      6.985216638595657e-19,
      1.0,
      3.4663045574300106e-20,
      1.1228080813367833e-16
    ],
    [
      3.608587995407894e-17,
      1.6597645452819585e-30,
      3.883583693419663e-22,
      1.6732995666298772e-22,
      2.6524295570046175e-21,
      1.0,
      7.833340529423659e-35,
      9.284220715245068e-32
    ],
    [
      3.5453122612736155e-20,
      4.1261572637591895e-31,
      0.0,
      1.5977929956687881e-24,
      0.0,
      1.0,
      1.4785891406970833e-34,
      4.5755750851520085e-31
    ],
    [
      3.7007887954132457e-07,
      8.023347111119449e-29,
      2.9176088372333164e-26,
      7.849043463792338e-12,
      1.2182638513498565e-20,
      0.9999996423721313,
      2.955165706495864e-34,
      0.0
    ],
    [
      0.054981693625450134,
      2.9207968187209285e-15,
      3.701635250763502e-06,
      2.065861008304637e-05,
      7.576470117953704e-09,
      0.9449939131736755,
      2.2704476071575378e-20,
      1.4274187315728649e-16
    ]
  ],
  "filename": "BP47_asthmaE_WP_L_M60M_filtered_seg1_aug_add_noise_9c0d3ba1.wav",
  "feature_type": "mel",
  "timestamp": "20251106_112052",
  "predicted_class": "Plueral Effusion",
  "class_probabilities": {
    "Asthma": 0.010996413417160511,
    "BRON": 5.85943564532194e-16,
    "COPD": 7.403270387840166e-07,
    "Healthy": 4.1317239265481476e-06,
    "Lung Fibrosis": 1.5152940013862803e-09,
    "Plueral Effusion": 0.9889987111091614,
    "Pneumonia": 1.147350400605767e-20,
    "RTI": 5.1004532287726023e-17
  }
}