{
  "predicted_class_idx": 6,
  "confidence": 0.9893814325332642,
  "all_probabilities": [
    0.003806438995525241,
    0.000315911544021219,
    0.005136823281645775,
    0.001187987276352942,
    7.069345156196505e-05,
    8.536624227417633e-05,
    0.9893814325332642,
    1.545318627904635e-05
  ],
  "std_probabilities": [
    0.007596304174512625,
    0.0006318208761513233,
    0.010257351212203503,
    0.002054748358204961,
    0.0001413855643477291,
    0.00017072533955797553,
    0.0208697821944952,
    3.081567047047429e-05
  ],
  "fold_predictions": [
    [
      2.3063347498464282e-07,
      3.914703006202558e-10,
      1.6861773701748461e-06,
      9.200918611895759e-06,
      9.306946185949627e-11,
      1.808203586861623e-10,
      0.9999889135360718,
      1.108641733971183e-09
    ],
    [
      5.577274464485527e-07,
      1.0427631674803095e-10,
      9.657563992959695e-08,
      1.3230699551058933e-05,
      8.399643758316699e-10,
      1.9988735111553524e-09,
      0.9999861717224121,
      5.699859784158434e-08
    ],
    [
      3.035128415262989e-08,
      1.4957163586566506e-14,
      1.3197204395964945e-07,
      1.4585423002699827e-07,
      3.428333666759785e-15,
      3.2757271287847667e-12,
      0.9999996423721313,
      1.2808306498746092e-11
    ],
    [
      0.018999027088284492,
      0.0015795533545315266,
      0.025651512667536736,
      0.005267217289656401,
      0.000353464565705508,
      0.000426816928666085,
      0.947645366191864,
      7.70844635553658e-05
    ],
    [
      3.234785617678426e-05,
      3.966291295398605e-09,
      3.06886104226578e-05,
      0.000650141213554889,
      1.7565398024999013e-09,
      1.2095656920507736e-08,
      0.9992867112159729,
      1.233500483976968e-07
    ]
  ],
  "filename": "122_2b3_Tc_mc_LittC2SE_filtered_seg2_orig_0017.wav",
  "feature_type": "concat",
  "timestamp": "20251106_115030",
  "predicted_class": "Pneumonia",
  "class_probabilities": {
    "Asthma": 0.003806438995525241,
    "BRON": 0.000315911544021219,
    "COPD": 0.005136823281645775,
    "Healthy": 0.001187987276352942,
    "Lung Fibrosis": 7.069345156196505e-05,
    "Plueral Effusion": 8.536624227417633e-05,
    "Pneumonia": 0.9893814325332642,
    "RTI": 1.545318627904635e-05
  }
}