{
  "predicted_class_idx": 4,
  "confidence": 0.9494101405143738,
  "all_probabilities": [
    0.04147209972143173,
    0.00015127446386031806,
    8.247192454291508e-06,
    0.008842939510941505,
    0.9494101405143738,
    1.5892647198256782e-09,
    2.4673858206369914e-05,
    9.06940404092893e-05
  ],
  "std_probabilities": [
    0.042782578617334366,
    0.00012435433745849878,
    1.6366633644793183e-05,
    0.01607600599527359,
    0.049655817449092865,
    1.8536614465602952e-09,
    4.216606612317264e-05,
    0.0001801246398827061
  ],
  "fold_predictions": [
    [
      1.099005430660327e-06,
      7.71972541446786e-10,
      4.928862873398998e-12,
      1.1989317272309563e-07,
      0.9999988079071045,
      1.3496944754808305e-18,
      8.460238065666204e-10,
      3.2001231092121385e-12
    ],
    [
      0.02076643891632557,
      0.0002618345315568149,
      1.3915563146227328e-09,
      0.00225439784117043,
      0.9767159819602966,
      2.301857177089417e-10,
      3.6030431260769546e-07,
      1.0462763384566642e-06
    ],
    [
      0.00779848312959075,
      0.0002702177735045552,
      2.269883907501935e-07,
      0.0003705068666022271,
      0.9915496110916138,
      3.763791056599075e-09,
      9.64687660598429e-06,
      1.367311597277876e-06
    ],
    [
      0.06414227932691574,
      0.00022397485736291856,
      4.098002318642102e-05,
      0.04095802083611488,
      0.8940750956535339,
      3.94841670470214e-09,
      0.00010871572158066556,
      0.0004509417631197721
    ],
    [
      0.11465220153331757,
      3.4439884188941505e-07,
      2.755373351703838e-08,
      0.0006316506187431514,
      0.8847110271453857,
      3.930557268549961e-12,
      4.645532953873044e-06,
      1.1484139150752526e-07
    ]
  ],
  "filename": "BP26_Lung_FibrosisCrepP90F_filtered_seg2_aug_time_shift-pitch_shift_e2b48dbe.wav",
  "feature_type": "mfcc",
  "timestamp": "20251106_114747",
  "predicted_class": "Lung Fibrosis",
  "class_probabilities": {
    "Asthma": 0.04147209972143173,
    "BRON": 0.00015127446386031806,
    "COPD": 8.247192454291508e-06,
    "Healthy": 0.008842939510941505,
    "Lung Fibrosis": 0.9494101405143738,
    "Plueral Effusion": 1.5892647198256782e-09,
    "Pneumonia": 2.4673858206369914e-05,
    "RTI": 9.06940404092893e-05
  }
}