{
  "predicted_class_idx": 6,
  "confidence": 0.5989629030227661,
  "all_probabilities": [
    0.013905854895710945,
    0.021976176649332047,
    0.015535732731223106,
    0.30969157814979553,
    0.00694251200184226,
    0.012377122417092323,
    0.5989629030227661,
    0.020608190447092056
  ],
  "std_probabilities": [
    0.017098145559430122,
    0.02243659272789955,
    0.01881295070052147,
    0.17322486639022827,
    0.012706074863672256,
    0.021134566515684128,
    0.23117491602897644,
    0.018698422238230705
  ],
  "fold_predictions": [
    [
      2.376070733589586e-05,
      0.0017279968596994877,
      8.739945042179897e-05,
      0.2662021815776825,
      6.736425348208286e-06,
      6.271836900850758e-05,
      0.7202185392379761,
      0.011670666746795177
    ],
    [
      0.00016190465248655528,
      0.00018045584147330374,
      0.0020326331723481417,
      0.02843891642987728,
      4.080307553522289e-05,
      5.408648576121777e-05,
      0.9604159593582153,
      0.008675339631736279
    ],
    [
      7.724403985776007e-05,
      0.0164567269384861,
      0.05059802532196045,
      0.34667301177978516,
      4.355428245617077e-05,
      9.200782369589433e-05,
      0.5754069089889526,
      0.010652506723999977
    ],
    [
      0.03848348930478096,
      0.06109344959259033,
      0.00538752181455493,
      0.338965505361557,
      0.03229217976331711,
      0.0074152639135718346,
      0.45852798223495483,
      0.05783456563949585
    ],
    [
      0.030782872810959816,
      0.03042224608361721,
      0.019573085010051727,
      0.568178117275238,
      0.002329286653548479,
      0.05426153168082237,
      0.28024500608444214,
      0.014207866042852402
    ]
  ],
  "filename": "132_2b2_Lr_mc_LittC2SE_filtered_seg2_copy_0093.wav",
  "feature_type": "concat",
  "timestamp": "20251106_113101",
  "predicted_class": "Pneumonia",
  "class_probabilities": {
    "Asthma": 0.013905854895710945,
    "BRON": 0.021976176649332047,
    "COPD": 0.015535732731223106,
    "Healthy": 0.30969157814979553,
    "Lung Fibrosis": 0.00694251200184226,
    "Plueral Effusion": 0.012377122417092323,
    "Pneumonia": 0.5989629030227661,
    "RTI": 0.020608190447092056
  }
}