{
  "predicted_class_idx": 5,
  "confidence": 0.7183985710144043,
  "all_probabilities": [
    0.2781747877597809,
    7.339972944464535e-05,
    5.4709245887352154e-05,
    0.0008260010508820415,
    0.002142834011465311,
    0.7183985710144043,
    0.00019507954129949212,
    0.00013464450603350997
  ],
  "std_probabilities": [
    0.3637290596961975,
    9.228580893250182e-05,
    0.00010400498285889626,
    0.0006917191203683615,
    0.004246881697326899,
    0.3617357313632965,
    0.0003481138264760375,
    0.00023634308308828622
  ],
  "fold_predictions": [
    [
      0.037800490856170654,
      2.230475547548849e-05,
      2.8217682483955286e-06,
      6.541013135574758e-05,
      4.741763405036181e-05,
      0.9619161486625671,
      8.287317177746445e-05,
      6.247696001082659e-05
    ],
    [
      0.11519967764616013,
      4.155958322371589e-06,
      7.914392199381837e-07,
      0.0009797485545277596,
      2.9414999517030083e-05,
      0.8831813335418701,
      1.1448290926363569e-10,
      0.0006049788789823651
    ],
    [
      0.2339622527360916,
      9.555257565807551e-05,
      0.0002626612549647689,
      0.001773125841282308,
      8.017219101930095e-07,
      0.7630113363265991,
      0.0008884321432560682,
      5.761145530414069e-06
    ],
    [
      0.014593975618481636,
      0.0002446953149046749,
      1.1980273484368809e-07,
      0.0013021181803196669,
      0.010636521503329277,
      0.9732185006141663,
      4.085131422471022e-06,
      3.3360330053966436e-09
    ],
    [
      0.9893174767494202,
      2.900421520735108e-07,
      7.151965746743372e-06,
      9.602257705410011e-06,
      1.3578057789231934e-08,
      0.010665509849786758,
      7.168945437285856e-09,
      2.2193575865969706e-09
    ]
  ],
  "filename": "BP47_asthmaE_WP_L_M60M_filtered_seg1_aug_add_noise_9c0d3ba1.wav",
  "feature_type": "mfcc",
  "timestamp": "20251106_112327",
  "predicted_class": "Plueral Effusion",
  "class_probabilities": {
    "Asthma": 0.2781747877597809,
    "BRON": 7.339972944464535e-05,
    "COPD": 5.4709245887352154e-05,
    "Healthy": 0.0008260010508820415,
    "Lung Fibrosis": 0.002142834011465311,
    "Plueral Effusion": 0.7183985710144043,
    "Pneumonia": 0.00019507954129949212,
    "RTI": 0.00013464450603350997
  }
}