{
  "predicted_class_idx": 4,
  "confidence": 0.9122257232666016,
  "all_probabilities": [
    0.04157695546746254,
    0.00018334630294702947,
    8.640699888928793e-06,
    0.0450797900557518,
    0.9122257232666016,
    1.330463561544093e-08,
    0.0008656063000671566,
    5.996843538014218e-05
  ],
  "std_probabilities": [
    0.05050088092684746,
    0.0002441423712298274,
    1.6060026609920897e-05,
    0.08018694072961807,
    0.10193515568971634,
    1.625408252436955e-08,
    0.0009428969933651388,
    0.00011780827480833977
  ],
  "fold_predictions": [
    [
      0.0026038887444883585,
      3.633574669947848e-05,
      5.889341458953368e-09,
      0.001511242939159274,
      0.9958251714706421,
      5.848677792075208e-11,
      2.3038001017994247e-05,
      3.809907695995207e-07
    ],
    [
      0.008741139434278011,
      1.21155444503529e-05,
      2.9370633924941103e-08,
      0.016454992815852165,
      0.9746081233024597,
      1.9957015207072715e-10,
      0.00018265312246512622,
      9.690627393865725e-07
    ],
    [
      0.0037962710484862328,
      0.0006545585347339511,
      2.463388454998494e-06,
      0.0019848551601171494,
      0.9929545521736145,
      3.5435835599173515e-08,
      0.0006044884212315083,
      2.9012082904955605e-06
    ],
    [
      0.05947805568575859,
      0.0001885749661596492,
      4.070456270710565e-05,
      0.2050207108259201,
      0.7323217391967773,
      3.082694988165713e-08,
      0.0026546672452241182,
      0.00029557658126577735
    ],
    [
      0.133265420794487,
      2.5146753614535555e-05,
      2.889002370665139e-10,
      0.00042716271127574146,
      0.8654191493988037,
      2.3360113756559775e-12,
      0.0008631848613731563,
      1.4361559053099882e-08
    ]
  ],
  "filename": "BP52_Lung_FibrosisCrepP_L_L76F_filtered_seg1_orig_0010.wav",
  "feature_type": "mfcc",
  "timestamp": "20251106_114839",
  "predicted_class": "Lung Fibrosis",
  "class_probabilities": {
    "Asthma": 0.04157695546746254,
    "BRON": 0.00018334630294702947,
    "COPD": 8.640699888928793e-06,
    "Healthy": 0.0450797900557518,
    "Lung Fibrosis": 0.9122257232666016,
    "Plueral Effusion": 1.330463561544093e-08,
    "Pneumonia": 0.0008656063000671566,
    "RTI": 5.996843538014218e-05
  }
}