{
  "predicted_class_idx": 6,
  "confidence": 0.8870159387588501,
  "all_probabilities": [
    0.0919833704829216,
    0.001834716647863388,
    7.744551112409681e-05,
    0.00935958232730627,
    0.009644828736782074,
    2.8733131429703462e-08,
    0.8870159387588501,
    8.414321928285062e-05
  ],
  "std_probabilities": [
    0.1379057765007019,
    0.0025526946410536766,
    8.687542867846787e-05,
    0.007517039310187101,
    0.01143509242683649,
    5.470432995480223e-08,
    0.14512617886066437,
    6.113033305155113e-05
  ],
  "fold_predictions": [
    [
      0.08067911863327026,
      0.006897791288793087,
      1.5909536159597337e-05,
      0.013273928314447403,
      0.019818458706140518,
      2.740398352685247e-09,
      0.8792557716369629,
      5.897512164665386e-05
    ],
    [
      0.004696563817560673,
      0.0010492155561223626,
      2.26048587137484e-06,
      0.005987867247313261,
      0.00011230029485886917,
      1.416547434907045e-09,
      0.9881013631820679,
      5.048161983722821e-05
    ],
    [
      0.012587089091539383,
      0.0005282071069814265,
      0.0001713637466309592,
      0.002545660827308893,
      0.0009481875458732247,
      1.3813001942253322e-07,
      0.9830678105354309,
      0.0001515398034825921
    ],
    [
      0.00042271811980754137,
      2.5970401111408137e-05,
      0.00019518112821970135,
      0.02223547361791134,
      0.0004182127013336867,
      2.3430557494208415e-10,
      0.9765440225601196,
      0.00015840611013118178
    ],
    [
      0.3615313768386841,
      0.0006723977858200669,
      2.512682158339885e-06,
      0.002754982328042388,
      0.026926983147859573,
      1.1443915814979277e-09,
      0.6081103682518005,
      1.3134279015503125e-06
    ]
  ],
  "filename": "BP37_pneumoniaCrepA_R_L70F_filtered_seg1_aug_time_shift_ebfe3bfa.wav",
  "feature_type": "mfcc",
  "timestamp": "20251106_115223",
  "predicted_class": "Pneumonia",
  "class_probabilities": {
    "Asthma": 0.0919833704829216,
    "BRON": 0.001834716647863388,
    "COPD": 7.744551112409681e-05,
    "Healthy": 0.00935958232730627,
    "Lung Fibrosis": 0.009644828736782074,
    "Plueral Effusion": 2.8733131429703462e-08,
    "Pneumonia": 0.8870159387588501,
    "RTI": 8.414321928285062e-05
  }
}