{
  "predicted_class_idx": 4,
  "confidence": 0.39593514800071716,
  "all_probabilities": [
    0.11990565061569214,
    1.0187015959672863e-06,
    0.2231639176607132,
    0.09043103456497192,
    0.39593514800071716,
    0.00040536123560741544,
    0.17011122405529022,
    4.661306957132183e-05
  ],
  "std_probabilities": [
    0.15727505087852478,
    1.0994182275680942e-06,
    0.37267547845840454,
    0.12617182731628418,
    0.4618343114852905,
    0.000801640679128468,
    0.28085237741470337,
    7.153809565352276e-05
  ],
  "fold_predictions": [
    [
      0.03607554733753204,
      2.773241703835083e-06,
      0.9617735147476196,
      0.0009951394749805331,
      0.0009913741378113627,
      9.444513437983915e-08,
      0.00015996456204447895,
      1.528759867142071e-06
    ],
    [
      0.42533454298973083,
      2.798905711642874e-07,
      0.13529866933822632,
      0.32230958342552185,
      0.030643396079540253,
      0.0020085852593183517,
      0.08421768993139267,
      0.00018717057537287474
    ],
    [
      1.3005271284782793e-05,
      1.7279519681778766e-07,
      0.00921538844704628,
      2.469663286319701e-06,
      0.981604814529419,
      4.1360645464116885e-10,
      0.009163630194962025,
      5.555859274863906e-07
    ],
    [
      0.11273670941591263,
      1.8528581904320163e-06,
      0.003971193451434374,
      0.12884512543678284,
      0.025620901957154274,
      1.766251261869911e-05,
      0.7287695407867432,
      3.702541289385408e-05
    ],
    [
      0.025368457660079002,
      1.4722206564954377e-08,
      0.0055608609691262245,
      2.8652975743170828e-06,
      0.940815269947052,
      4.633829178146698e-07,
      0.0282453466206789,
      6.785001914977329e-06
    ]
  ],
  "filename": "BP52_Lung_FibrosisCrepP_L_L76F_filtered_seg1_aug_highpass-change_volume_2b1cdec1.wav",
  "feature_type": "mfcc",
  "timestamp": "20251106_114757",
  "predicted_class": "Lung Fibrosis",
  "class_probabilities": {
    "Asthma": 0.11990565061569214,
    "BRON": 1.0187015959672863e-06,
    "COPD": 0.2231639176607132,
    "Healthy": 0.09043103456497192,
    "Lung Fibrosis": 0.39593514800071716,
    "Plueral Effusion": 0.00040536123560741544,
    "Pneumonia": 0.17011122405529022,
    "RTI": 4.661306957132183e-05
  }
}