{
  "predicted_class_idx": 4,
  "confidence": 0.5267855525016785,
  "all_probabilities": [
    0.09212739765644073,
    0.0032573118805885315,
    0.0003254789626225829,
    0.19693681597709656,
    0.5267855525016785,
    0.000350515590980649,
    0.18002763390541077,
    0.00018926248594652861
  ],
  "std_probabilities": [
    0.10687679052352905,
    0.0058958446606993675,
    0.0005505298031494021,
    0.22165192663669586,
    0.37521544098854065,
    0.0006214536260813475,
    0.19322632253170013,
    0.0002866483118850738
  ],
  "fold_predictions": [
    [
      0.005382995121181011,
      7.40799805498682e-06,
      1.1510792319313623e-06,
      0.00909956730902195,
      0.9823579788208008,
      1.1257508703010899e-07,
      0.003144877962768078,
      5.943911219219444e-06
    ],
    [
      0.01922861859202385,
      1.5948695363476872e-05,
      5.2805094128416386e-06,
      0.24173761904239655,
      0.7015813589096069,
      6.306931510380309e-08,
      0.03742971643805504,
      1.3876638149667997e-06
    ],
    [
      0.008425344713032246,
      0.00019825049093924463,
      0.0001300854200962931,
      0.02358553744852543,
      0.7873896956443787,
      2.380310661465046e-06,
      0.18009169399738312,
      0.0001770272065186873
    ],
    [
      0.27568677067756653,
      0.015024413354694843,
      0.0014224870828911662,
      0.10189495980739594,
      0.058904893696308136,
      0.0015870624920353293,
      0.5447321534156799,
      0.0007472247816622257
    ],
    [
      0.15191324055194855,
      0.0010405391221866012,
      6.839074922027066e-05,
      0.6083664298057556,
      0.10369396209716797,
      0.00016295950626954436,
      0.1347397267818451,
      1.472888561693253e-05
    ]
  ],
  "filename": "BP105_Lung_FibrosisCrepA_U_R44M_filtered_seg3_aug_lowpass-pitch_shift_5237d94b.wav",
  "feature_type": "concat",
  "timestamp": "20251106_114933",
  "predicted_class": "Lung Fibrosis",
  "class_probabilities": {
    "Asthma": 0.09212739765644073,
    "BRON": 0.0032573118805885315,
    "COPD": 0.0003254789626225829,
    "Healthy": 0.19693681597709656,
    "Lung Fibrosis": 0.5267855525016785,
    "Plueral Effusion": 0.000350515590980649,
    "Pneumonia": 0.18002763390541077,
    "RTI": 0.00018926248594652861
  }
}