{
  "predicted_class_idx": 4,
  "confidence": 0.6664122343063354,
  "all_probabilities": [
    0.049592457711696625,
    0.22662273049354553,
    0.009776914492249489,
    0.0038986769504845142,
    0.6664122343063354,
    0.00889197364449501,
    0.013391360640525818,
    0.021413689479231834
  ],
  "std_probabilities": [
    0.06233489513397217,
    0.3075801730155945,
    0.014365242794156075,
    0.005132636055350304,
    0.3442382514476776,
    0.012774348258972168,
    0.026779454201459885,
    0.04220395162701607
  ],
  "fold_predictions": [
    [
      5.6784685398270085e-08,
      0.0010269286576658487,
      0.009915711358189583,
      0.006673980969935656,
      0.9812166094779968,
      4.411912168933441e-09,
      1.5292521294559902e-15,
      0.0011667384533211589
    ],
    [
      0.00024181214394047856,
      0.7981361150741577,
      0.037543680518865585,
      4.5413449697662145e-05,
      0.1309380829334259,
      0.03300861269235611,
      1.488356701884186e-06,
      8.469587191939354e-05
    ],
    [
      0.14719237387180328,
      0.03025154210627079,
      4.8643974878359586e-05,
      9.358475799858823e-11,
      0.8220740556716919,
      0.0004283714515622705,
      5.044152658228995e-06,
      4.7951260739864665e-08
    ],
    [
      0.10029729455709457,
      0.30311596393585205,
      0.0013746353797614574,
      0.012773961760103703,
      0.39864805340766907,
      0.011022881604731083,
      0.06695026904344559,
      0.10581696778535843
    ],
    [
      0.00023074094497133046,
      0.0005830754525959492,
      1.9002292219738592e-06,
      2.8531284002042412e-08,
      0.9991841912269592,
      1.189714667927666e-12,
      1.2751286842822146e-13,
      7.140170955031479e-15
    ]
  ],
  "filename": "BRON_1.wav",
  "feature_type": "concat",
  "timestamp": "20251113_103831",
  "predicted_class": "Lung Fibrosis",
  "class_probabilities": {
    "ASMA": 0.049592457711696625,
    "BRON": 0.22662273049354553,
    "COPD": 0.009776914492249489,
    "Healthy": 0.0038986769504845142,
    "Lung Fibrosis": 0.6664122343063354,
    "Plueral Effusion": 0.00889197364449501,
    "Pneumonia": 0.013391360640525818,
    "RTI": 0.021413689479231834
  }
}