{
  "predicted_class_idx": 7,
  "confidence": 0.6013298630714417,
  "all_probabilities": [
    0.003223928390070796,
    0.018226906657218933,
    0.006173909641802311,
    0.25112205743789673,
    0.003465154441073537,
    0.000529534590896219,
    0.11592864990234375,
    0.6013298630714417
  ],
  "std_probabilities": [
    0.0058236089535057545,
    0.03480925410985947,
    0.00658729113638401,
    0.18606068193912506,
    0.006898324005305767,
    0.0010417068842798471,
    0.13670212030410767,
    0.3397775888442993
  ],
  "fold_predictions": [
    [
      5.85412044529221e-06,
      0.0013212162302806973,
      4.484049713937566e-05,
      0.012041105888783932,
      4.0756099224381614e-06,
      1.983756874324172e-06,
      0.002114685019478202,
      0.9844661951065063
    ],
    [
      3.870475848088972e-05,
      0.0009448571363463998,
      0.0020628829952329397,
      0.3881998658180237,
      1.6690773918526247e-05,
      5.520994932339818e-07,
      0.34561383724212646,
      0.26312255859375
    ],
    [
      1.1250773468418629e-06,
      0.00012232402514200658,
      0.0009996277512982488,
      0.19754558801651,
      1.5154034826991847e-07,
      3.132339898570535e-08,
      0.0022136569023132324,
      0.7991175055503845
    ],
    [
      0.014832311309874058,
      0.08784104138612747,
      0.016789816319942474,
      0.531606137752533,
      0.017261769622564316,
      0.0026128056924790144,
      0.20085929334163666,
      0.1281968653202057
    ],
    [
      0.0012416461249813437,
      0.0009050988010130823,
      0.010972379706799984,
      0.12621763348579407,
      4.3084372009616345e-05,
      3.2300169550580904e-05,
      0.028841817751526833,
      0.8317460417747498
    ]
  ],
  "filename": "188_1b1_Pl_sc_Meditron_filtered_seg2_aug_lowpass_9dad5ebc.wav",
  "feature_type": "concat",
  "timestamp": "20251106_115455",
  "predicted_class": "RTI",
  "class_probabilities": {
    "Asthma": 0.003223928390070796,
    "BRON": 0.018226906657218933,
    "COPD": 0.006173909641802311,
    "Healthy": 0.25112205743789673,
    "Lung Fibrosis": 0.003465154441073537,
    "Plueral Effusion": 0.000529534590896219,
    "Pneumonia": 0.11592864990234375,
    "RTI": 0.6013298630714417
  }
}