{
  "predicted_class_idx": 4,
  "confidence": 0.7531185746192932,
  "all_probabilities": [
    0.029074978083372116,
    0.006232636980712414,
    0.0004795756540261209,
    0.05410577729344368,
    0.7531185746192932,
    0.004723296035081148,
    0.15204018354415894,
    0.0002249901881441474
  ],
  "std_probabilities": [
    0.04952756315469742,
    0.011360694654285908,
    0.000606160843744874,
    0.07783444970846176,
    0.2800787091255188,
    0.009405164048075676,
    0.2134411334991455,
    0.000344385887729004
  ],
  "fold_predictions": [
    [
      0.0053375582210719585,
      0.0013908742694184184,
      0.001444847323000431,
      0.20735175907611847,
      0.7671818733215332,
      7.156978972489014e-05,
      0.01719927228987217,
      2.2214717319002375e-05
    ],
    [
      4.151964822085574e-05,
      0.0001598902599653229,
      2.674990582818282e-06,
      0.025257129222154617,
      0.958571195602417,
      6.71373001637221e-08,
      0.015922000631690025,
      4.5476470404537395e-05
    ],
    [
      0.010422333143651485,
      0.0004555540217552334,
      4.4194544557285553e-07,
      0.0017554565565660596,
      0.8339492678642273,
      1.1224585250602104e-05,
      0.1532544493675232,
      0.00015127763617783785
    ],
    [
      0.12787362933158875,
      0.028936821967363358,
      0.0009484332404099405,
      0.03594973310828209,
      0.21682724356651306,
      0.023533549159765244,
      0.565024733543396,
      0.0009059053845703602
    ],
    [
      0.0016998567152768373,
      0.00022004346828907728,
      1.4808833839197177e-06,
      0.00021482136799022555,
      0.9890632033348083,
      6.901062477027153e-08,
      0.00880042091012001,
      7.671720680946237e-08
    ]
  ],
  "filename": "BP4_Heart_Failure__Lung_Fibrosis_I_CP_L_R72F_filtered_seg3_aug_time_stretch_4be235ce.wav",
  "feature_type": "concat",
  "timestamp": "20251106_114720",
  "predicted_class": "Lung Fibrosis",
  "class_probabilities": {
    "Asthma": 0.029074978083372116,
    "BRON": 0.006232636980712414,
    "COPD": 0.0004795756540261209,
    "Healthy": 0.05410577729344368,
    "Lung Fibrosis": 0.7531185746192932,
    "Plueral Effusion": 0.004723296035081148,
    "Pneumonia": 0.15204018354415894,
    "RTI": 0.0002249901881441474
  }
}