{
  "predicted_class_idx": 4,
  "confidence": 0.677087128162384,
  "all_probabilities": [
    0.06991112977266312,
    0.004080789629369974,
    0.00014460190141107887,
    0.07741650193929672,
    0.677087128162384,
    0.00036972263478673995,
    0.170732781291008,
    0.0002573282108642161
  ],
  "std_probabilities": [
    0.12308484315872192,
    0.0073453886434435844,
    0.00028169553843326867,
    0.05754807963967323,
    0.2967334985733032,
    0.0006303971749730408,
    0.16072869300842285,
    0.00044708294444717467
  ],
  "fold_predictions": [
    [
      0.0030588353984057903,
      5.8342910051578656e-05,
      1.1619017641351093e-06,
      0.011961574666202068,
      0.9811975359916687,
      1.7023138525473769e-06,
      0.003688299795612693,
      3.250373629271053e-05
    ],
    [
      0.005318050738424063,
      1.5519699445576407e-05,
      1.5005592786110356e-06,
      0.1325981765985489,
      0.8505055904388428,
      7.812946023477707e-08,
      0.011558124795556068,
      2.925055923697073e-06
    ],
    [
      0.0016477943863719702,
      0.00029859234928153455,
      4.338708549767034e-06,
      0.0033695856109261513,
      0.746063232421875,
      3.4372439472463157e-07,
      0.24852685630321503,
      8.924923895392567e-05
    ],
    [
      0.31554996967315674,
      0.01874256506562233,
      0.0007079713395796716,
      0.10978758335113525,
      0.11782310158014297,
      0.0016181232640519738,
      0.4346211850643158,
      0.0011494862847030163
    ],
    [
      0.023981017991900444,
      0.0012889280915260315,
      8.037049155973364e-06,
      0.12936560809612274,
      0.6898460984230042,
      0.00022836579591967165,
      0.15526941418647766,
      1.2476752999646123e-05
    ]
  ],
  "filename": "BP105_Lung_FibrosisCrepA_U_R44M_filtered_seg2_aug_time_shift-lowpass_c282f0c5.wav",
  "feature_type": "concat",
  "timestamp": "20251106_114914",
  "predicted_class": "Lung Fibrosis",
  "class_probabilities": {
    "Asthma": 0.06991112977266312,
    "BRON": 0.004080789629369974,
    "COPD": 0.00014460190141107887,
    "Healthy": 0.07741650193929672,
    "Lung Fibrosis": 0.677087128162384,
    "Plueral Effusion": 0.00036972263478673995,
    "Pneumonia": 0.170732781291008,
    "RTI": 0.0002573282108642161
  }
}