{
  "predicted_class_idx": 6,
  "confidence": 0.45304352045059204,
  "all_probabilities": [
    0.14548148214817047,
    0.003954573534429073,
    0.0007584778941236436,
    0.22039873898029327,
    0.03441188484430313,
    0.14082826673984528,
    0.45304352045059204,
    0.001123052672483027
  ],
  "std_probabilities": [
    0.132925346493721,
    0.003349283942952752,
    0.00046939481399022043,
    0.15562927722930908,
    0.022875873371958733,
    0.18122753500938416,
    0.2879001796245575,
    0.0016582494135946035
  ],
  "fold_predictions": [
    [
      0.06712347269058228,
      0.0017479974776506424,
      0.0005838239449076355,
      0.3502179682254791,
      0.034812457859516144,
      0.5011252760887146,
      0.043757226318120956,
      0.0006316546932794154
    ],
    [
      0.027059657499194145,
      7.696769898757339e-06,
      9.190580021822825e-05,
      0.09877379983663559,
      0.0022164892870932817,
      0.025578245520591736,
      0.8462271094322205,
      4.507932681008242e-05
    ],
    [
      0.04866746813058853,
      0.0024570035748183727,
      0.0006390759954228997,
      0.12285678088665009,
      0.054521940648555756,
      0.08366631716489792,
      0.6827806830406189,
      0.004410760011523962
    ],
    [
      0.3809080123901367,
      0.00921708159148693,
      0.0009638597839511931,
      0.07019982486963272,
      0.06378236413002014,
      0.036818694323301315,
      0.4376729726791382,
      0.00043723132694140077
    ],
    [
      0.20364874601364136,
      0.0063430871814489365,
      0.0015137239824980497,
      0.45994529128074646,
      0.016726158559322357,
      0.05695274844765663,
      0.2547796666622162,
      9.053789108293131e-05
    ]
  ],
  "filename": "BP8_Plueral_EffusionI_C_BP_L_L70M_filtered_seg1_aug_lowpass-pitch_shift-time_shift_f9bac70a.wav",
  "feature_type": "concat",
  "timestamp": "20251106_115905",
  "predicted_class": "Pneumonia",
  "class_probabilities": {
    "Asthma": 0.14548148214817047,
    "BRON": 0.003954573534429073,
    "COPD": 0.0007584778941236436,
    "Healthy": 0.22039873898029327,
    "Lung Fibrosis": 0.03441188484430313,
    "Plueral Effusion": 0.14082826673984528,
    "Pneumonia": 0.45304352045059204,
    "RTI": 0.001123052672483027
  }
}