{
  "predicted_class_idx": 1,
  "confidence": 0.7594879269599915,
  "all_probabilities": [
    0.0001407284871675074,
    0.7594879269599915,
    1.7089281527660205e-06,
    0.03942820057272911,
    1.6478488760185428e-05,
    0.19669905304908752,
    1.1544360489779137e-07,
    0.004225847311317921
  ],
  "std_probabilities": [
    0.00028132714214734733,
    0.38651856780052185,
    3.3415099096600898e-06,
    0.07516124099493027,
    3.256101263104938e-05,
    0.3877996504306793,
    1.5534405406469887e-07,
    0.007791030220687389
  ],
  "fold_predictions": [
    [
      1.874959965064704e-09,
      0.9999392032623291,
      1.4669450099091819e-09,
      4.445486645465735e-09,
      1.6821622983442808e-09,
      1.006051036749056e-12,
      7.462126055957086e-11,
      6.074140401324257e-05
    ],
    [
      1.1383335163372976e-07,
      0.987803041934967,
      1.193812408928352e-07,
      5.469065854413202e-06,
      2.115186248374812e-09,
      0.011225788854062557,
      1.5024654853590391e-09,
      0.0009655377944000065
    ],
    [
      0.0007033827132545412,
      1.811182528399513e-06,
      2.090896167317169e-08,
      0.007169411517679691,
      8.159778371918947e-05,
      0.9722496867179871,
      4.039375198772177e-07,
      0.01979367621243
    ],
    [
      2.171783108906311e-08,
      0.8100841045379639,
      1.1471569472121246e-08,
      0.18965093791484833,
      7.758685569569934e-07,
      1.924630305438768e-05,
      1.7345541891700123e-08,
      0.00024498652783222497
    ],
    [
      1.2229162393850856e-07,
      0.9996113181114197,
      8.391411938646343e-06,
      0.0003151822602376342,
      1.498577439917881e-08,
      6.022315233167319e-07,
      1.54357863380028e-07,
      6.429653876693919e-05
    ]
  ],
  "filename": "BP28_BRONCrepP_L_U68F_filtered_seg1_aug_add_noise-lowpass_0d9701a9.wav",
  "feature_type": "mfcc",
  "timestamp": "20251106_112958",
  "predicted_class": "BRON",
  "class_probabilities": {
    "Asthma": 0.0001407284871675074,
    "BRON": 0.7594879269599915,
    "COPD": 1.7089281527660205e-06,
    "Healthy": 0.03942820057272911,
    "Lung Fibrosis": 1.6478488760185428e-05,
    "Plueral Effusion": 0.19669905304908752,
    "Pneumonia": 1.1544360489779137e-07,
    "RTI": 0.004225847311317921
  }
}