{
  "predicted_class_idx": 5,
  "confidence": 0.7880765795707703,
  "all_probabilities": [
    0.005623596720397472,
    8.907149151582416e-08,
    0.20627720654010773,
    3.5386667605052935e-06,
    1.7076326912501827e-05,
    0.7880765795707703,
    1.337377426580133e-07,
    1.7840159216575557e-06
  ],
  "std_probabilities": [
    0.011247056536376476,
    1.7811765928854584e-07,
    0.3969244658946991,
    7.076901511027245e-06,
    3.4123630030080676e-05,
    0.3943859934806824,
    2.674754853160266e-07,
    3.5680266137205763e-06
  ],
  "fold_predictions": [
    [
      0.02811770886182785,
      4.453067958820611e-07,
      0.017102155834436417,
      1.7692469555186108e-05,
      8.532357605872676e-05,
      0.9546670913696289,
      6.686886990792118e-07,
      8.920069376472384e-06
    ],
    [
      1.0125246181855868e-13,
      1.0247469115970305e-17,
      0.014283881522715092,
      9.419839509780783e-17,
      6.804028412282628e-19,
      0.9857161641120911,
      6.853491066415171e-21,
      8.197428371294981e-20
    ],
    [
      2.78114930250375e-17,
      1.1528607644226913e-22,
      6.83944517331025e-30,
      2.1849723590501397e-18,
      5.095128918045961e-29,
      1.0,
      4.110737614109171e-27,
      1.3449724062908484e-26
    ],
    [
      2.665886142949603e-07,
      3.0802918711646465e-19,
      1.850265122729398e-16,
      8.636247272875153e-10,
      4.905512302789961e-13,
      0.9999997615814209,
      3.4109966888522044e-23,
      1.6143838251893307e-24
    ],
    [
      7.49479678319176e-09,
      5.067089456356477e-11,
      1.0,
      1.590185265637565e-14,
      5.8064312469241486e-08,
      2.3610008330452077e-14,
      4.243323781135929e-15,
      9.72639069979353e-12
    ]
  ],
  "filename": "148_1b1_Al_sc_Meditron_filtered_seg1_aug_add_noise-pitch_shift_8e5d5ae4.wav",
  "feature_type": "mel",
  "timestamp": "20251106_115408",
  "predicted_class": "Plueral Effusion",
  "class_probabilities": {
    "Asthma": 0.005623596720397472,
    "BRON": 8.907149151582416e-08,
    "COPD": 0.20627720654010773,
    "Healthy": 3.5386667605052935e-06,
    "Lung Fibrosis": 1.7076326912501827e-05,
    "Plueral Effusion": 0.7880765795707703,
    "Pneumonia": 1.337377426580133e-07,
    "RTI": 1.7840159216575557e-06
  }
}