{
  "predicted_class_idx": 7,
  "confidence": 0.4520092010498047,
  "all_probabilities": [
    0.0009382787975482643,
    0.18606890738010406,
    0.271223783493042,
    0.02621873840689659,
    0.0002172737440560013,
    2.4052646949712653e-06,
    0.06332145631313324,
    0.4520092010498047
  ],
  "std_probabilities": [
    0.0014652538811787963,
    0.340312123298645,
    0.3097074031829834,
    0.050893496721982956,
    0.0004270598292350769,
    4.530412752501434e-06,
    0.06570923328399658,
    0.428114652633667
  ],
  "fold_predictions": [
    [
      4.583871060503952e-08,
      9.697172487221906e-08,
      0.06647757440805435,
      3.1053419661475345e-05,
      1.3656273445405986e-08,
      1.3944815788202725e-11,
      8.811837687972002e-06,
      0.9334824085235596
    ],
    [
      0.0006843287264928222,
      0.0006037377170287073,
      0.523960292339325,
      0.1279788464307785,
      0.001071336679160595,
      1.145555233961204e-05,
      0.03559764102101326,
      0.31009241938591003
    ],
    [
      1.0008116987592075e-05,
      0.002172119216993451,
      0.008474922738969326,
      0.0030437386594712734,
      1.326188794337213e-05,
      5.65695643217623e-07,
      0.0014430221635848284,
      0.9848424196243286
    ],
    [
      0.0001709081989247352,
      0.06255301088094711,
      0.7539022564888,
      3.963498602388427e-05,
      6.407834689525771e-07,
      3.0631981395856656e-09,
      0.16518554091453552,
      0.01814797706902027
    ],
    [
      0.003826102940365672,
      0.8650155663490295,
      0.0033037937246263027,
      4.2151174284299486e-07,
      1.1157701464981074e-06,
      1.9988026789263813e-09,
      0.11437226086854935,
      0.013480687513947487
    ]
  ],
  "filename": "163_2b2_Ar_mc_AKGC417L_filtered_seg1_copy_0005.wav",
  "feature_type": "mfcc",
  "timestamp": "20251106_113359",
  "predicted_class": "RTI",
  "class_probabilities": {
    "Asthma": 0.0009382787975482643,
    "BRON": 0.18606890738010406,
    "COPD": 0.271223783493042,
    "Healthy": 0.02621873840689659,
    "Lung Fibrosis": 0.0002172737440560013,
    "Plueral Effusion": 2.4052646949712653e-06,
    "Pneumonia": 0.06332145631313324,
    "RTI": 0.4520092010498047
  }
}