{
  "predicted_class_idx": 3,
  "confidence": 0.4296565055847168,
  "all_probabilities": [
    0.25008782744407654,
    0.0021486664190888405,
    0.0005735615850426257,
    0.4296565055847168,
    0.012270131148397923,
    0.00022717386309523135,
    0.30490797758102417,
    0.000128169049276039
  ],
  "std_probabilities": [
    0.10358027368783951,
    0.0038025896064937115,
    0.0008413827745243907,
    0.20939935743808746,
    0.019340338185429573,
    0.000451633328339085,
    0.2726210653781891,
    0.0002548606425989419
  ],
  "fold_predictions": [
    [
      0.26919248700141907,
      0.0008101423154585063,
      5.070686529506929e-05,
      0.6315906047821045,
      0.00045476865489035845,
      1.6122785382322036e-06,
      0.09789847582578659,
      1.1961011523453635e-06
    ],
    [
      0.3368845582008362,
      1.3024801774008665e-05,
      7.5629041020874865e-06,
      0.5693038105964661,
      0.00874692015349865,
      5.326026197849387e-08,
      0.08504393696784973,
      1.3138665622136614e-07
    ],
    [
      0.04931313171982765,
      1.1238448678341229e-05,
      0.00020126345043536276,
      0.21702247858047485,
      0.0002043650601990521,
      1.441645622435317e-06,
      0.7332451939582825,
      9.098443456423411e-07
    ],
    [
      0.2759055495262146,
      0.009731085039675236,
      0.002236823085695505,
      0.13558021187782288,
      0.0504380539059639,
      0.0011304393410682678,
      0.5243399739265442,
      0.0006378898397088051
    ],
    [
      0.3191433846950531,
      0.00017784129886422306,
      0.0003714514314197004,
      0.5947855710983276,
      0.001506548491306603,
      2.3226641587825725e-06,
      0.08401220291852951,
      7.18021112788847e-07
    ]
  ],
  "filename": "BP91_asthmaE_WP_R_U43F_filtered_seg1_aug_change_volume_2eb9f059.wav",
  "feature_type": "concat",
  "timestamp": "20251106_112506",
  "predicted_class": "Healthy",
  "class_probabilities": {
    "Asthma": 0.25008782744407654,
    "BRON": 0.0021486664190888405,
    "COPD": 0.0005735615850426257,
    "Healthy": 0.4296565055847168,
    "Lung Fibrosis": 0.012270131148397923,
    "Plueral Effusion": 0.00022717386309523135,
    "Pneumonia": 0.30490797758102417,
    "RTI": 0.000128169049276039
  }
}