{
  "predicted_class_idx": 1,
  "confidence": 0.44214123487472534,
  "all_probabilities": [
    7.409803220070899e-05,
    0.44214123487472534,
    0.3373291790485382,
    8.592584345024079e-05,
    3.6072237890039105e-06,
    1.0432088402012596e-06,
    1.581031574460212e-05,
    0.22034911811351776
  ],
  "std_probabilities": [
    0.00012274301843717694,
    0.41918379068374634,
    0.384889155626297,
    0.00013826314534526318,
    5.747154318669345e-06,
    1.9014986492038588e-06,
    2.979497003252618e-05,
    0.39120641350746155
  ],
  "fold_predictions": [
    [
      9.576757520335377e-07,
      0.0007529777358286083,
      0.00040848972275853157,
      6.008192940498702e-05,
      1.4435822777159046e-06,
      2.7494476739775564e-07,
      7.537069177487865e-05,
      0.9987004995346069
    ],
    [
      6.942691470612772e-07,
      0.34148532152175903,
      0.5556538105010986,
      9.262070307158865e-06,
      6.143444419848265e-09,
      9.987883231588057e-08,
      2.791377617938906e-08,
      0.1028507798910141
    ],
    [
      0.00031625182600691915,
      0.004058015067130327,
      0.9951609969139099,
      0.00035889018909074366,
      1.5022647858131677e-05,
      4.840902420255588e-06,
      2.576555516498047e-06,
      8.344669186044484e-05
    ],
    [
      5.2585452067432925e-05,
      0.9584550857543945,
      0.041377585381269455,
      1.394595528836362e-06,
      1.5637448314009816e-06,
      3.123466763010896e-10,
      1.0727768540164107e-06,
      0.00011070839536841959
    ],
    [
      9.7465735482416e-10,
      0.905954897403717,
      0.09404502063989639,
      4.1218928270581046e-10,
      5.759168641115975e-13,
      5.739181265645987e-12,
      3.644240020861389e-09,
      9.338828022009693e-08
    ]
  ],
  "filename": "178_1b6_Pl_mc_AKGC417L_filtered_seg2_copy_0120.wav",
  "feature_type": "mfcc",
  "timestamp": "20251106_113448",
  "predicted_class": "BRON",
  "class_probabilities": {
    "Asthma": 7.409803220070899e-05,
    "BRON": 0.44214123487472534,
    "COPD": 0.3373291790485382,
    "Healthy": 8.592584345024079e-05,
    "Lung Fibrosis": 3.6072237890039105e-06,
    "Plueral Effusion": 1.0432088402012596e-06,
    "Pneumonia": 1.581031574460212e-05,
    "RTI": 0.22034911811351776
  }
}