{
  "predicted_class_idx": 7,
  "confidence": 0.48909249901771545,
  "all_probabilities": [
    0.04472038149833679,
    0.3268992304801941,
    0.00045359256910160184,
    0.0838485136628151,
    0.0002227951044915244,
    4.5367629354586825e-05,
    0.05471761152148247,
    0.48909249901771545
  ],
  "std_probabilities": [
    0.05549084022641182,
    0.3578833341598511,
    0.000493590603582561,
    0.14314335584640503,
    0.00027467537438496947,
    5.24323622812517e-05,
    0.08019417524337769,
    0.39889881014823914
  ],
  "fold_predictions": [
    [
      1.4285047654993832e-05,
      0.1401401162147522,
      0.0003622561343945563,
      0.007410724647343159,
      2.4326789116457803e-07,
      1.0812572099894169e-06,
      0.009717404842376709,
      0.8423539400100708
    ],
    [
      1.7271953765884973e-05,
      0.0012848629849031568,
      3.962705648064002e-07,
      0.005079148802906275,
      9.689981039784357e-10,
      7.132895007089246e-06,
      2.7476597097120248e-05,
      0.9935837388038635
    ],
    [
      0.0975736752152443,
      0.1152375191450119,
      0.0005642946343868971,
      0.03749164566397667,
      0.0005057653179392219,
      0.00010247052705381066,
      0.21010297536849976,
      0.538421630859375
    ],
    [
      0.1259964555501938,
      0.378606915473938,
      0.0013406084617599845,
      0.36893972754478455,
      0.0006079659215174615,
      0.0001161232721642591,
      0.053739435970783234,
      0.07065271586179733
    ],
    [
      2.156888001536572e-07,
      0.9992268085479736,
      4.07154431059098e-07,
      0.0003213216259609908,
      1.5427442656701373e-10,
      3.019535910198101e-08,
      7.725151363047189e-07,
      0.0004504249955061823
    ]
  ],
  "filename": "226_1b1_Al_sc_Meditron_filtered_seg1_aug_add_noise-time_stretch-time_shift_87322d13.wav",
  "feature_type": "mfcc",
  "timestamp": "20251106_115153",
  "predicted_class": "RTI",
  "class_probabilities": {
    "Asthma": 0.04472038149833679,
    "BRON": 0.3268992304801941,
    "COPD": 0.00045359256910160184,
    "Healthy": 0.0838485136628151,
    "Lung Fibrosis": 0.0002227951044915244,
    "Plueral Effusion": 4.5367629354586825e-05,
    "Pneumonia": 0.05471761152148247,
    "RTI": 0.48909249901771545
  }
}