{
  "predicted_class_idx": 2,
  "confidence": 0.9989582300186157,
  "all_probabilities": [
    8.747162610234227e-06,
    0.00039814860792830586,
    0.9989582300186157,
    0.00046620448119938374,
    1.263646572624566e-05,
    4.304959475120995e-06,
    8.683252963237464e-05,
    6.490965461125597e-05
  ],
  "std_probabilities": [
    1.4687158000015188e-05,
    0.0006178594194352627,
    0.0018880559364333749,
    0.0009311684989370406,
    2.5241954062948935e-05,
    8.609516953583807e-06,
    0.00017343967920169234,
    0.00012981331383343786
  ],
  "fold_predictions": [
    [
      5.364962518683569e-08,
      2.0116144305859507e-09,
      1.0,
      5.782009593335857e-11,
      5.925718138399816e-09,
      1.6387367851589119e-10,
      8.07789599099884e-13,
      7.591623329972208e-09
    ],
    [
      8.625286227470497e-07,
      1.2546259995360742e-06,
      0.999997615814209,
      1.2432030871423194e-07,
      3.4836030948781627e-08,
      3.830819550465492e-10,
      3.712678164902172e-08,
      5.504880995488293e-10
    ],
    [
      3.222140609882018e-11,
      2.348699013055011e-10,
      1.0,
      1.2897995171901044e-10,
      2.387745166518296e-12,
      1.3564948047207342e-13,
      3.694428096778779e-11,
      2.880670528504492e-12
    ],
    [
      3.789648326346651e-05,
      0.001595714595168829,
      0.9951948523521423,
      0.002328540664166212,
      6.312036566669121e-05,
      2.1523992472793907e-05,
      0.00043371174251660705,
      0.0003245362895540893
    ],
    [
      4.923119377053808e-06,
      0.00039377145003527403,
      0.9995984435081482,
      2.3572572445118567e-06,
      2.11939710226261e-08,
      2.568824875037734e-10,
      4.137259281833394e-07,
      3.855352481707541e-09
    ]
  ],
  "filename": "163_8b3_Al_mc_AKGC417L_filtered_seg1_copy_0023.wav",
  "feature_type": "concat",
  "timestamp": "20251106_113428",
  "predicted_class": "COPD",
  "class_probabilities": {
    "Asthma": 8.747162610234227e-06,
    "BRON": 0.00039814860792830586,
    "COPD": 0.9989582300186157,
    "Healthy": 0.00046620448119938374,
    "Lung Fibrosis": 1.263646572624566e-05,
    "Plueral Effusion": 4.304959475120995e-06,
    "Pneumonia": 8.683252963237464e-05,
    "RTI": 6.490965461125597e-05
  }
}