{
  "predicted_class_idx": 4,
  "confidence": 0.4777058959007263,
  "all_probabilities": [
    0.01653124764561653,
    0.00037856135168112814,
    0.0001648703619139269,
    0.36815354228019714,
    0.4777058959007263,
    2.752300815700437e-06,
    0.1368057280778885,
    0.00025738560361787677
  ],
  "std_probabilities": [
    0.01727251335978508,
    0.0004452963767107576,
    0.00015198433538898826,
    0.2610485553741455,
    0.16695579886436462,
    5.292440619086847e-06,
    0.15122221410274506,
    0.0003080358437728137
  ],
  "fold_predictions": [
    [
      0.0018734176410362124,
      0.0010451744310557842,
      9.533953561913222e-05,
      0.12194742262363434,
      0.46055951714515686,
      1.333473210252123e-05,
      0.41360941529273987,
      0.0008563705487176776
    ],
    [
      0.009964857250452042,
      8.374836397706531e-06,
      5.627602513413876e-05,
      0.6409027576446533,
      0.3250252902507782,
      3.6078617426937853e-08,
      0.023802712559700012,
      0.00023966662411112338
    ],
    [
      0.013549675233662128,
      0.0007830444956198335,
      0.00046250567538663745,
      0.08680922538042068,
      0.7183613777160645,
      3.2713950304241735e-07,
      0.17994791269302368,
      8.59523206599988e-05
    ],
    [
      0.007048515137284994,
      8.240811439463869e-06,
      6.548694364028051e-05,
      0.7124708294868469,
      0.2759450078010559,
      2.80196914559383e-08,
      0.00437808595597744,
      8.37953484733589e-05
    ],
    [
      0.05021977797150612,
      4.79721711599268e-05,
      0.00014474366616923362,
      0.27863752841949463,
      0.608638346195221,
      3.553422089908054e-08,
      0.062290482223033905,
      2.1143101548659615e-05
    ]
  ],
  "filename": "BP52_Lung_FibrosisCrepP_L_L76F_filtered_seg1_aug_lowpass-change_volume-time_shift_3ed8b8fa.wav",
  "feature_type": "mfcc",
  "timestamp": "20251106_114812",
  "predicted_class": "Lung Fibrosis",
  "class_probabilities": {
    "Asthma": 0.01653124764561653,
    "BRON": 0.00037856135168112814,
    "COPD": 0.0001648703619139269,
    "Healthy": 0.36815354228019714,
    "Lung Fibrosis": 0.4777058959007263,
    "Plueral Effusion": 2.752300815700437e-06,
    "Pneumonia": 0.1368057280778885,
    "RTI": 0.00025738560361787677
  }
}