{
  "predicted_class_idx": 1,
  "confidence": 0.998566746711731,
  "all_probabilities": [
    0.0006188667030073702,
    0.998566746711731,
    1.1510453532537213e-06,
    0.00020989103359170258,
    1.6447380403405987e-05,
    2.0350432450300104e-08,
    1.4859718930892996e-06,
    0.0005854220362380147
  ],
  "std_probabilities": [
    0.0010802785400301218,
    0.0022531149443238974,
    1.1378961062291637e-06,
    0.0002584599715191871,
    3.068539808737114e-05,
    3.924938951627155e-08,
    2.898106913562515e-06,
    0.0009988456731662154
  ],
  "fold_predictions": [
    [
      0.00019008373783435673,
      0.999798595905304,
      2.700890036066994e-06,
      1.800873405954917e-06,
      1.8358266018481117e-08,
      9.883808615995804e-08,
      1.4380189483631511e-08,
      6.714758455927949e-06
    ],
    [
      6.983928415138507e-06,
      0.9999920129776001,
      3.0716009735698435e-09,
      9.314559861195448e-07,
      2.9300045056857016e-08,
      6.089590203622874e-12,
      6.511188810343072e-10,
      1.2014236716595406e-08
    ],
    [
      0.0027758439537137747,
      0.9941149353981018,
      7.607283691868361e-07,
      0.00045925250742584467,
      7.772120443405584e-05,
      1.2471578214601209e-09,
      7.2817151703929994e-06,
      0.002564210444688797
    ],
    [
      3.6982553865527734e-05,
      0.9990139007568359,
      2.2858298507344443e-06,
      0.0005859690718352795,
      4.4679827624349855e-06,
      1.6584966733290685e-09,
      1.0682121853733406e-07,
      0.00035614240914583206
    ],
    [
      8.443938713753596e-05,
      0.9999140501022339,
      4.706720346803195e-09,
      1.5011988807600574e-06,
      5.4931545423464456e-11,
      2.3317658567889588e-12,
      2.629191264702513e-08,
      3.082948651922379e-08
    ]
  ],
  "filename": "206_1b1_Lr_sc_Meditron_filtered_seg1_orig_0060.wav",
  "feature_type": "mfcc",
  "timestamp": "20251106_112855",
  "predicted_class": "BRON",
  "class_probabilities": {
    "Asthma": 0.0006188667030073702,
    "BRON": 0.998566746711731,
    "COPD": 1.1510453532537213e-06,
    "Healthy": 0.00020989103359170258,
    "Lung Fibrosis": 1.6447380403405987e-05,
    "Plueral Effusion": 2.0350432450300104e-08,
    "Pneumonia": 1.4859718930892996e-06,
    "RTI": 0.0005854220362380147
  }
}