{
  "predicted_class_idx": 4,
  "confidence": 0.8165134191513062,
  "all_probabilities": [
    0.039207421243190765,
    0.011030202731490135,
    0.0004038402403239161,
    0.06746400892734528,
    0.8165134191513062,
    0.016272952780127525,
    0.04497886821627617,
    0.004129262175410986
  ],
  "std_probabilities": [
    0.06380023062229156,
    0.014577365480363369,
    0.0007049733540043235,
    0.062065258622169495,
    0.16003943979740143,
    0.03137865290045738,
    0.04520050063729286,
    0.006976827513426542
  ],
  "fold_predictions": [
    [
      0.005843785125762224,
      0.006038162391632795,
      0.00015635110321454704,
      0.18514220416545868,
      0.7887045741081238,
      0.0003025541955139488,
      0.013685802929103374,
      0.0001265750906895846
    ],
    [
      0.011847601272165775,
      0.00696174381300807,
      5.2566389058483765e-05,
      0.054536279290914536,
      0.8428717851638794,
      0.000650048372335732,
      0.080781951546669,
      0.0022979516070336103
    ],
    [
      0.011502905748784542,
      0.002216877182945609,
      8.493292398270569e-07,
      0.04678317904472351,
      0.9352884888648987,
      0.001384809729643166,
      0.002581231063231826,
      0.00024171870609279722
    ],
    [
      0.1665278524160385,
      0.03976122662425041,
      0.001809188281185925,
      0.050763458013534546,
      0.5280632376670837,
      0.07902349531650543,
      0.11607157438993454,
      0.017979977652430534
    ],
    [
      0.00031496156589128077,
      0.00017300590116064996,
      2.4617048666186747e-07,
      9.494181722402573e-05,
      0.9876390695571899,
      3.856642251776066e-06,
      0.0117737902328372,
      8.667049655741721e-08
    ]
  ],
  "filename": "ASMA_11.wav",
  "feature_type": "concat",
  "timestamp": "20251106_144041",
  "predicted_class": "Lung Fibrosis",
  "class_probabilities": {
    "Asthma": 0.039207421243190765,
    "BRON": 0.011030202731490135,
    "COPD": 0.0004038402403239161,
    "Healthy": 0.06746400892734528,
    "Lung Fibrosis": 0.8165134191513062,
    "Plueral Effusion": 0.016272952780127525,
    "Pneumonia": 0.04497886821627617,
    "RTI": 0.004129262175410986
  }
}