{
  "predicted_class_idx": 1,
  "confidence": 0.42621684074401855,
  "all_probabilities": [
    0.0005981643917039037,
    0.42621684074401855,
    0.30826258659362793,
    0.2522827684879303,
    7.453398575307801e-05,
    0.0015899313148111105,
    0.009982426650822163,
    0.0009927792707458138
  ],
  "std_probabilities": [
    0.0009083981858566403,
    0.33407050371170044,
    0.3889186382293701,
    0.33244332671165466,
    0.0001466378744225949,
    0.0031322576105594635,
    0.011888734996318817,
    0.0018689591670408845
  ],
  "fold_predictions": [
    [
      0.002344870939850807,
      0.008562854491174221,
      0.9540755152702332,
      0.0021729259751737118,
      2.422649231448304e-06,
      5.9231780369373155e-08,
      0.02811390906572342,
      0.004727455321699381
    ],
    [
      3.925289320250158e-07,
      0.43366944789886475,
      0.5663225650787354,
      1.8619874708747375e-06,
      2.445613745294395e-06,
      2.69564395694033e-07,
      5.866953642907902e-07,
      2.4417774966423167e-06
    ],
    [
      0.0006453827954828739,
      0.5383668541908264,
      0.020883657038211823,
      0.431848406791687,
      0.0003678016655612737,
      0.007854015566408634,
      9.793155186343938e-06,
      2.4172271878342144e-05
    ],
    [
      1.405300906753837e-07,
      0.1711818277835846,
      1.9765680647765294e-08,
      0.8272411823272705,
      1.2713036190176857e-13,
      9.506688365945593e-05,
      0.0014809714630246162,
      8.565526741222129e-07
    ],
    [
      3.490755062784956e-08,
      0.979303240776062,
      3.105836731265299e-05,
      0.00014953197387512773,
      5.353031928313767e-13,
      2.456775973769254e-07,
      0.020306868478655815,
      0.00020897001377306879
    ]
  ],
  "filename": "BRON_1.wav",
  "feature_type": "mel",
  "timestamp": "20251113_103835",
  "predicted_class": "BRON",
  "class_probabilities": {
    "ASMA": 0.0005981643917039037,
    "BRON": 0.42621684074401855,
    "COPD": 0.30826258659362793,
    "Healthy": 0.2522827684879303,
    "Lung Fibrosis": 7.453398575307801e-05,
    "Plueral Effusion": 0.0015899313148111105,
    "Pneumonia": 0.009982426650822163,
    "RTI": 0.0009927792707458138
  }
}