{
  "predicted_class_idx": 0,
  "confidence": 0.9932867884635925,
  "all_probabilities": [
    0.9932867884635925,
    0.0021186734084039927,
    8.443487604381517e-05,
    1.4234634363674559e-05,
    0.00039950027712620795,
    0.0029350395780056715,
    0.0009907600469887257,
    0.0001705095637589693
  ],
  "std_probabilities": [
    0.006225212477147579,
    0.0037446164060384035,
    0.00014330119302030653,
    7.851630471122917e-06,
    0.0005583668826147914,
    0.004596997983753681,
    0.0012503053294494748,
    0.00033196862204931676
  ],
  "fold_predictions": [
    [
      0.9849388599395752,
      0.009588580578565598,
      2.6382658688817173e-05,
      2.008365663641598e-05,
      0.0014944777358323336,
      0.001972110476344824,
      0.0019425118807703257,
      1.6895241060410626e-05
    ],
    [
      0.9868683815002441,
      4.4415253796614707e-05,
      1.7663662220002152e-05,
      1.2209385204187129e-05,
      0.00019923502986785024,
      0.012023428454995155,
      2.9270947266013536e-07,
      0.0008343239314854145
    ],
    [
      0.9956706762313843,
      0.0007547168643213809,
      0.00037048585363663733,
      1.6841822798596695e-05,
      1.4836302398180123e-05,
      0.00017948547611013055,
      0.0029917799402028322,
      1.203897795676312e-06
    ],
    [
      0.9989609718322754,
      0.00020541256526485085,
      7.383299362118123e-06,
      2.202941323048435e-05,
      0.0002889489405788481,
      0.0004999717930331826,
      1.5089720363903325e-05,
      1.247192500386518e-07
    ],
    [
      0.999995231628418,
      2.4101260009956604e-07,
      2.5891770860653196e-07,
      8.89076368082442e-09,
      3.2209124256610266e-09,
      2.012873352441602e-07,
      4.125973646296188e-06,
      5.216036803867841e-12
    ]
  ],
  "filename": "BP36_pneumoniaCrepP_R_M36F_filtered_seg2_aug_add_noise_1055dff5.wav",
  "feature_type": "mfcc",
  "timestamp": "20251106_115213",
  "predicted_class": "Asthma",
  "class_probabilities": {
    "Asthma": 0.9932867884635925,
    "BRON": 0.0021186734084039927,
    "COPD": 8.443487604381517e-05,
    "Healthy": 1.4234634363674559e-05,
    "Lung Fibrosis": 0.00039950027712620795,
    "Plueral Effusion": 0.0029350395780056715,
    "Pneumonia": 0.0009907600469887257,
    "RTI": 0.0001705095637589693
  }
}