{
  "predicted_class_idx": 1,
  "confidence": 0.992294430732727,
  "all_probabilities": [
    9.115719876717776e-05,
    0.992294430732727,
    0.003935660235583782,
    4.028141120215878e-05,
    2.4983143021017895e-07,
    3.0076117241151223e-07,
    0.00012756671640090644,
    0.003510336624458432
  ],
  "std_probabilities": [
    6.443305755965412e-05,
    0.011141174472868443,
    0.006471626460552216,
    3.871303124469705e-05,
    4.4258953835196735e-07,
    2.563697591995151e-07,
    0.0002436118375044316,
    0.004586729221045971
  ],
  "fold_predictions": [
    [
      2.3906764567982464e-07,
      0.999933123588562,
      5.416777275968343e-05,
      2.5111677359745954e-07,
      1.415705747076501e-10,
      3.764934142225229e-09,
      3.5585376423341586e-08,
      1.2116793186578434e-05
    ],
    [
      9.536079596728086e-05,
      0.9950266480445862,
      0.00015970721142366529,
      6.737677176715806e-05,
      8.797476880317845e-08,
      3.4783815294758824e-07,
      5.235651201473956e-07,
      0.004650035407394171
    ],
    [
      0.00013624363054987043,
      0.9975606203079224,
      0.0013953929301351309,
      1.7641774320509285e-05,
      2.8217790770668216e-08,
      5.0369775017600205e-09,
      2.2536150936502963e-05,
      0.0008674949058331549
    ],
    [
      0.00018116331193596125,
      0.9702487587928772,
      0.016833115369081497,
      0.00010285475582350045,
      1.1326827689117636e-06,
      6.043082976248115e-07,
      0.0006144849467091262,
      0.012017786502838135
    ],
    [
      4.277919651940465e-05,
      0.9987030029296875,
      0.0012359186075627804,
      1.3282630789035466e-05,
      1.401684601720632e-10,
      5.428574354482407e-07,
      2.533396923354303e-07,
      4.249255653121509e-06
    ]
  ],
  "filename": "201_1b2_Ar_sc_Meditron_filtered_seg3_aug_change_volume-highpass_ceea124a.wav",
  "feature_type": "mfcc",
  "timestamp": "20251106_112837",
  "predicted_class": "BRON",
  "class_probabilities": {
    "Asthma": 9.115719876717776e-05,
    "BRON": 0.992294430732727,
    "COPD": 0.003935660235583782,
    "Healthy": 4.028141120215878e-05,
    "Lung Fibrosis": 2.4983143021017895e-07,
    "Plueral Effusion": 3.0076117241151223e-07,
    "Pneumonia": 0.00012756671640090644,
    "RTI": 0.003510336624458432
  }
}