{
  "predicted_class_idx": 5,
  "confidence": 0.8262604475021362,
  "all_probabilities": [
    0.07508571445941925,
    1.879127466963837e-07,
    0.09659034758806229,
    0.0020616159308701754,
    5.507142120109165e-08,
    0.8262604475021362,
    4.4041371438652277e-07,
    1.1319918939989293e-06
  ],
  "std_probabilities": [
    0.15017002820968628,
    3.7582535128422023e-07,
    0.19318069517612457,
    0.004123231861740351,
    1.101428424021833e-07,
    0.34747758507728577,
    8.808272013993701e-07,
    2.263982878503157e-06
  ],
  "fold_predictions": [
    [
      2.789556674542837e-06,
      2.5623622147696867e-13,
      3.708049839401539e-11,
      3.781280566439449e-10,
      4.727294584395394e-16,
      0.9999972581863403,
      4.0171002375216647e-13,
      2.3043873666889203e-12
    ],
    [
      7.518676706646466e-17,
      2.447638741654346e-20,
      9.595420291663714e-11,
      1.4079255990229189e-11,
      2.4497878966784194e-27,
      1.0,
      4.807207692737142e-18,
      3.3417662477320728e-18
    ],
    [
      1.3415571605002174e-11,
      3.615917063789298e-18,
      2.5347439297717343e-21,
      6.6071797081364465e-15,
      4.967377309639816e-26,
      1.0,
      7.642520719712318e-19,
      6.324704808138978e-15
    ],
    [
      3.7958153287220853e-10,
      1.1458597056561365e-28,
      2.6138422300896196e-26,
      5.4470208725454494e-14,
      1.4543555011858242e-27,
      1.0,
      7.544200416933317e-29,
      1.8559430796093343e-30
    ],
    [
      0.375425785779953,
      9.395634492648242e-07,
      0.48295173048973083,
      0.010308079421520233,
      2.7535710955817194e-07,
      0.13130530714988708,
      2.202068117185263e-06,
      5.6599574236315675e-06
    ]
  ],
  "filename": "ASMA_1.wav",
  "feature_type": "mel",
  "timestamp": "20251106_143953",
  "predicted_class": "Plueral Effusion",
  "class_probabilities": {
    "Asthma": 0.07508571445941925,
    "BRON": 1.879127466963837e-07,
    "COPD": 0.09659034758806229,
    "Healthy": 0.0020616159308701754,
    "Lung Fibrosis": 5.507142120109165e-08,
    "Plueral Effusion": 0.8262604475021362,
    "Pneumonia": 4.4041371438652277e-07,
    "RTI": 1.1319918939989293e-06
  }
}