{
  "predicted_class_idx": 3,
  "confidence": 0.8376916646957397,
  "all_probabilities": [
    0.002305238042026758,
    0.0154597582295537,
    0.0025691858027130365,
    0.8376916646957397,
    0.0031658143270760775,
    0.00020972367201466113,
    0.08393855392932892,
    0.05466008931398392
  ],
  "std_probabilities": [
    0.0044885799288749695,
    0.018685081973671913,
    0.0024059631396085024,
    0.11704301089048386,
    0.006257139146327972,
    0.00040978824836201966,
    0.051439493894577026,
    0.05507818982005119
  ],
  "fold_predictions": [
    [
      2.216244183728122e-06,
      0.030974972993135452,
      0.0004045701352879405,
      0.9001983404159546,
      4.174682544544339e-06,
      5.615474947262555e-06,
      0.05405160039663315,
      0.014358524233102798
    ],
    [
      0.00013141270028427243,
      0.0013215005164965987,
      0.003451179014518857,
      0.8349723219871521,
      3.22867272188887e-05,
      1.1859376172651537e-05,
      0.14016513526439667,
      0.01991424150764942
    ],
    [
      1.407639319950249e-05,
      0.00048653865815140307,
      0.001647331053391099,
      0.827006459236145,
      0.00011104596342192963,
      1.6113266383399605e-06,
      0.08174288272857666,
      0.08899001777172089
    ],
    [
      0.011281868442893028,
      0.04448875039815903,
      0.006849484983831644,
      0.6352906227111816,
      0.015679841861128807,
      0.001029260572977364,
      0.1384967565536499,
      0.14688344299793243
    ],
    [
      9.661672811489552e-05,
      2.7027961550629698e-05,
      0.0004933633608743548,
      0.990990400314331,
      1.7223349004780175e-06,
      2.71611611424305e-07,
      0.005236390512436628,
      0.003154224017634988
    ]
  ],
  "filename": "Healthy_1.wav",
  "feature_type": "concat",
  "timestamp": "20251113_110226",
  "predicted_class": "Healthy",
  "class_probabilities": {
    "ASMA": 0.002305238042026758,
    "BRON": 0.0154597582295537,
    "COPD": 0.0025691858027130365,
    "Healthy": 0.8376916646957397,
    "Lung Fibrosis": 0.0031658143270760775,
    "Plueral Effusion": 0.00020972367201466113,
    "Pneumonia": 0.08393855392932892,
    "RTI": 0.05466008931398392
  }
}