{
  "predicted_class_idx": 3,
  "confidence": 0.31316763162612915,
  "all_probabilities": [
    0.16723865270614624,
    0.004085040185600519,
    0.00046617319458164275,
    0.31316763162612915,
    0.2300756275653839,
    0.00036524407914839685,
    0.2842760980129242,
    0.00032548169838264585
  ],
  "std_probabilities": [
    0.07728520780801773,
    0.007810238748788834,
    0.0008732944843359292,
    0.2802090644836426,
    0.25700467824935913,
    0.000686543935444206,
    0.34848883748054504,
    0.0004958544741384685
  ],
  "fold_predictions": [
    [
      0.14581497013568878,
      0.00020188858616165817,
      3.9976359403226525e-05,
      0.13071967661380768,
      0.6858747601509094,
      2.897022568504326e-05,
      0.036986179649829865,
      0.00033360064844600856
    ],
    [
      0.16471749544143677,
      8.630502270534635e-05,
      2.3912161850603297e-05,
      0.45113110542297363,
      0.34022778272628784,
      1.6373816151826759e-06,
      0.043808747082948685,
      2.9083587378408993e-06
    ],
    [
      0.047666728496551514,
      1.2785279977833852e-05,
      8.557402907172218e-06,
      0.016911953687667847,
      0.026256458833813667,
      3.035135875961714e-07,
      0.9091400504112244,
      3.2069031021819683e-06
    ],
    [
      0.2880057692527771,
      0.019703075289726257,
      0.002212568186223507,
      0.17173248529434204,
      0.0893743559718132,
      0.0017376901814714074,
      0.42595043778419495,
      0.0012836375972256064
    ],
    [
      0.18998833000659943,
      0.00042114665848203003,
      4.5851851609768346e-05,
      0.7953429818153381,
      0.008644875138998032,
      5.761903230450116e-05,
      0.005495053716003895,
      4.05502805733704e-06
    ]
  ],
  "filename": "BP97_AsthmaE_WP_R_U24M_filtered_seg2_aug_time_shift-lowpass_524aeeff.wav",
  "feature_type": "concat",
  "timestamp": "20251106_112515",
  "predicted_class": "Healthy",
  "class_probabilities": {
    "Asthma": 0.16723865270614624,
    "BRON": 0.004085040185600519,
    "COPD": 0.00046617319458164275,
    "Healthy": 0.31316763162612915,
    "Lung Fibrosis": 0.2300756275653839,
    "Plueral Effusion": 0.00036524407914839685,
    "Pneumonia": 0.2842760980129242,
    "RTI": 0.00032548169838264585
  }
}