{
  "predicted_class_idx": 5,
  "confidence": 0.7859953045845032,
  "all_probabilities": [
    0.0035143427085131407,
    0.00284177646972239,
    8.543113949599501e-08,
    0.20756682753562927,
    3.237245255149901e-05,
    0.7859953045845032,
    4.903671651845798e-05,
    3.313662375603599e-07
  ],
  "std_probabilities": [
    0.006613155361264944,
    0.0053621819242835045,
    1.6309952854953735e-07,
    0.3499288558959961,
    6.0872171161463484e-05,
    0.34908291697502136,
    9.759866225067526e-05,
    6.59672764413699e-07
  ],
  "fold_predictions": [
    [
      0.01673528179526329,
      0.013554143719375134,
      4.114443186153949e-07,
      0.13488735258579254,
      0.00015396348317153752,
      0.8344229459762573,
      0.0002442328550387174,
      1.6507035525137326e-06
    ],
    [
      0.00010872777056647465,
      0.0006546935765072703,
      1.4576143847477852e-08,
      0.8997059464454651,
      7.888563231972512e-06,
      0.09952185302972794,
      9.00398504199984e-07,
      6.049504452931842e-09
    ],
    [
      2.057720394077478e-06,
      2.6324215696149622e-08,
      1.595370123714298e-14,
      4.5543566784544964e-07,
      3.6745853755626445e-12,
      0.9999974966049194,
      3.9891253820166506e-13,
      2.732733439222198e-14
    ],
    [
      0.0005595125840045512,
      5.272648540000091e-09,
      8.359233305554881e-10,
      0.0013148791622370481,
      2.500599727284225e-09,
      0.9981256127357483,
      4.934790354127472e-08,
      7.600516049866002e-11
    ],
    [
      0.00016613361367490143,
      1.293630180754235e-08,
      2.9932292755496803e-10,
      0.0019254136132076383,
      7.718594652317279e-09,
      0.9979084730148315,
      9.88771731158522e-10,
      2.0445810842983914e-12
    ]
  ],
  "filename": "BP50_NNP_R_L_27M_filtered_seg2_orig_0092.wav",
  "feature_type": "mel",
  "timestamp": "20251106_114325",
  "predicted_class": "Plueral Effusion",
  "class_probabilities": {
    "Asthma": 0.0035143427085131407,
    "BRON": 0.00284177646972239,
    "COPD": 8.543113949599501e-08,
    "Healthy": 0.20756682753562927,
    "Lung Fibrosis": 3.237245255149901e-05,
    "Plueral Effusion": 0.7859953045845032,
    "Pneumonia": 4.903671651845798e-05,
    "RTI": 3.313662375603599e-07
  }
}