{
  "predicted_class_idx": 6,
  "confidence": 0.596696674823761,
  "all_probabilities": [
    0.16791373491287231,
    0.0007190151372924447,
    0.030322939157485962,
    0.08987420797348022,
    0.0861324742436409,
    0.0279952734708786,
    0.596696674823761,
    0.00034569803392514586
  ],
  "std_probabilities": [
    0.13021881878376007,
    0.0009261571103706956,
    0.05789472162723541,
    0.09704551100730896,
    0.1533527821302414,
    0.026007160544395447,
    0.22328107059001923,
    0.0006635120371356606
  ],
  "fold_predictions": [
    [
      0.1051999032497406,
      2.872846926038619e-05,
      0.0004635085060726851,
      0.14375340938568115,
      0.3926195800304413,
      0.0020981766283512115,
      0.3558233380317688,
      1.3261927051644307e-05
    ],
    [
      0.0123783303424716,
      9.704370285135155e-08,
      2.795150430756621e-05,
      0.010124480351805687,
      0.00045922290883027017,
      0.034091681241989136,
      0.9429146647453308,
      3.5785226373263868e-06
    ],
    [
      0.1833983212709427,
      0.0024491806980222464,
      0.14608415961265564,
      0.2568235397338867,
      0.017237624153494835,
      0.0014734179712831974,
      0.3908611834049225,
      0.0016725152963772416
    ],
    [
      0.4032062888145447,
      0.0009124520584009588,
      0.001314528752118349,
      0.020447753369808197,
      0.006642520893365145,
      0.029970010742545128,
      0.5374708771705627,
      3.561277480912395e-05
    ],
    [
      0.13538579642772675,
      0.00020461715757846832,
      0.0037245452404022217,
      0.018221857026219368,
      0.013703391887247562,
      0.07234308123588562,
      0.7564132213592529,
      3.5218181437812746e-06
    ]
  ],
  "filename": "BP4_Heart_Failure__Lung_Fibrosis_I_CP_L_R72F_filtered_seg2_aug_lowpass-time_stretch_6b89d550.wav",
  "feature_type": "concat",
  "timestamp": "20251106_114656",
  "predicted_class": "Pneumonia",
  "class_probabilities": {
    "Asthma": 0.16791373491287231,
    "BRON": 0.0007190151372924447,
    "COPD": 0.030322939157485962,
    "Healthy": 0.08987420797348022,
    "Lung Fibrosis": 0.0861324742436409,
    "Plueral Effusion": 0.0279952734708786,
    "Pneumonia": 0.596696674823761,
    "RTI": 0.00034569803392514586
  }
}