{
  "predicted_class_idx": 4,
  "confidence": 0.5346078276634216,
  "all_probabilities": [
    0.0579691119492054,
    0.008939187042415142,
    0.00013967101403977722,
    0.2608424425125122,
    0.5346078276634216,
    0.03614118695259094,
    0.09633716195821762,
    0.0050234184600412846
  ],
  "std_probabilities": [
    0.046649325639009476,
    0.00473388098180294,
    0.00016648824384901673,
    0.23495826125144958,
    0.23877619206905365,
    0.05679678916931152,
    0.10087688267230988,
    0.004638211335986853
  ],
  "fold_predictions": [
    [
      0.10601760447025299,
      0.009419316425919533,
      0.00015493996033910662,
      0.6502611637115479,
      0.20975588262081146,
      0.004026377573609352,
      0.015301553532481194,
      0.005063180811703205
    ],
    [
      0.033595334738492966,
      0.014784746803343296,
      7.046791142784059e-05,
      0.24118639528751373,
      0.4065183103084564,
      0.005043673329055309,
      0.29406222701072693,
      0.004738840274512768
    ],
    [
      0.027302797883749008,
      0.005530223716050386,
      1.6115885955514386e-05,
      0.3650621771812439,
      0.505936324596405,
      0.022781288251280785,
      0.07156145572662354,
      0.0018096825806424022
    ],
    [
      0.12068143486976624,
      0.013038359582424164,
      0.00045485812006518245,
      0.04387827590107918,
      0.623202383518219,
      0.14865943789482117,
      0.03658071160316467,
      0.013504493050277233
    ],
    [
      0.00224838568829,
      0.001923290197737515,
      1.97318058781093e-06,
      0.0038241110742092133,
      0.927626371383667,
      0.00019516082829795778,
      0.06417987495660782,
      8.947536684900115e-07
    ]
  ],
  "filename": "BP78_AsthmaE_WP_R_M20M_filtered_seg1_aug_highpass_6a018948.wav",
  "feature_type": "concat",
  "timestamp": "20251106_112451",
  "predicted_class": "Lung Fibrosis",
  "class_probabilities": {
    "Asthma": 0.0579691119492054,
    "BRON": 0.008939187042415142,
    "COPD": 0.00013967101403977722,
    "Healthy": 0.2608424425125122,
    "Lung Fibrosis": 0.5346078276634216,
    "Plueral Effusion": 0.03614118695259094,
    "Pneumonia": 0.09633716195821762,
    "RTI": 0.0050234184600412846
  }
}