{
  "predicted_class_idx": 3,
  "confidence": 0.8853634595870972,
  "all_probabilities": [
    2.6593124857754447e-05,
    0.031821198761463165,
    4.548184278974077e-06,
    0.8853634595870972,
    0.0008197332499548793,
    2.9441522201523185e-05,
    0.00024699553614482284,
    0.0816880315542221
  ],
  "std_probabilities": [
    1.8347842342336662e-05,
    0.04112539812922478,
    4.525620624917792e-06,
    0.14797165989875793,
    0.0013699987903237343,
    2.942012724815868e-05,
    0.0002752956934273243,
    0.1363867223262787
  ],
  "fold_predictions": [
    [
      4.4496453483588994e-05,
      0.038905300199985504,
      1.2887692719232291e-05,
      0.6022943258285522,
      0.0035279712174087763,
      7.7571596193593e-05,
      0.0007788467919453979,
      0.35435864329338074
    ],
    [
      2.255903979175855e-07,
      7.05494312569499e-05,
      3.259645664499544e-09,
      0.9925146698951721,
      1.2018384509815405e-08,
      6.4182686401181854e-06,
      6.926879723323509e-05,
      0.007338888477534056
    ],
    [
      3.968722012359649e-05,
      0.0001911137078423053,
      1.5523097545155906e-06,
      0.9818674325942993,
      2.502089409972541e-05,
      1.3297408258949872e-05,
      0.0002010678144870326,
      0.017660850659012794
    ],
    [
      3.9854883652878925e-05,
      0.10902604460716248,
      5.354697805159958e-06,
      0.8730981945991516,
      0.0005450580501928926,
      4.925365647068247e-05,
      0.00017916432989295572,
      0.017057128250598907
    ],
    [
      8.701478691364173e-06,
      0.010912997648119926,
      2.942960918517201e-06,
      0.9770427942276001,
      6.038985702616628e-07,
      6.666747935923922e-07,
      6.629888503084658e-06,
      0.0120246522128582
    ]
  ],
  "filename": "Healthy_1.wav",
  "feature_type": "mfcc",
  "timestamp": "20251113_110232",
  "predicted_class": "Healthy",
  "class_probabilities": {
    "ASMA": 2.6593124857754447e-05,
    "BRON": 0.031821198761463165,
    "COPD": 4.548184278974077e-06,
    "Healthy": 0.8853634595870972,
    "Lung Fibrosis": 0.0008197332499548793,
    "Plueral Effusion": 2.9441522201523185e-05,
    "Pneumonia": 0.00024699553614482284,
    "RTI": 0.0816880315542221
  }
}