{
  "predicted_class_idx": 4,
  "confidence": 0.6915990710258484,
  "all_probabilities": [
    0.10997559875249863,
    0.002504592528566718,
    0.008310554549098015,
    0.09206218272447586,
    0.6915990710258484,
    0.00019893652643077075,
    0.09470582008361816,
    0.000643219449557364
  ],
  "std_probabilities": [
    0.11545872688293457,
    0.003495836863294244,
    0.012090686708688736,
    0.05837829411029816,
    0.2949330806732178,
    0.00039243040373548865,
    0.12104393541812897,
    0.0009639312629587948
  ],
  "fold_predictions": [
    [
      0.07602294534444809,
      0.0004737112030852586,
      0.0005492563359439373,
      0.07195323705673218,
      0.7891807556152344,
      1.3775963907391997e-06,
      0.06146673485636711,
      0.0003520175232551992
    ],
    [
      0.0006329627940431237,
      8.821521078061778e-06,
      1.057560439221561e-05,
      0.030753465369343758,
      0.9637913107872009,
      3.031893403004915e-09,
      0.004679747857153416,
      0.00012309150770306587
    ],
    [
      0.02045452408492565,
      0.00021894325618632138,
      0.001088768127374351,
      0.08327355235815048,
      0.8406326770782471,
      8.572496881242841e-06,
      0.054175566881895065,
      0.00014733118587173522
    ],
    [
      0.3223766088485718,
      0.00925163459032774,
      0.008149726316332817,
      0.20323790609836578,
      0.12032587081193924,
      0.0009837736142799258,
      0.3331146538257599,
      0.0025597955100238323
    ],
    [
      0.13039091229438782,
      0.0025698523968458176,
      0.031754445284605026,
      0.07109274715185165,
      0.7440648078918457,
      9.559128102409886e-07,
      0.020092401653528214,
      3.3861706469906494e-05
    ]
  ],
  "filename": "BP26_Lung_FibrosisCrepP90F_filtered_seg2_aug_time_shift-pitch_shift_e2b48dbe.wav",
  "feature_type": "concat",
  "timestamp": "20251106_114745",
  "predicted_class": "Lung Fibrosis",
  "class_probabilities": {
    "Asthma": 0.10997559875249863,
    "BRON": 0.002504592528566718,
    "COPD": 0.008310554549098015,
    "Healthy": 0.09206218272447586,
    "Lung Fibrosis": 0.6915990710258484,
    "Plueral Effusion": 0.00019893652643077075,
    "Pneumonia": 0.09470582008361816,
    "RTI": 0.000643219449557364
  }
}