{
  "predicted_class_idx": 0,
  "confidence": 0.7109434008598328,
  "all_probabilities": [
    0.7109434008598328,
    0.006823652423918247,
    0.20550592243671417,
    0.028784891590476036,
    0.02282477542757988,
    0.024387642741203308,
    0.00042167826904915273,
    0.0003080547321587801
  ],
  "std_probabilities": [
    0.37677904963493347,
    0.009194220416247845,
    0.3922015130519867,
    0.05566028505563736,
    0.045477379113435745,
    0.040387608110904694,
    0.0005675539723597467,
    0.000577793747652322
  ],
  "fold_predictions": [
    [
      0.9704384803771973,
      1.5605131076235068e-10,
      0.029546570032835007,
      1.0036897007958956e-10,
      1.659905279893792e-08,
      1.3612421753350645e-05,
      1.8657918295756325e-14,
      1.302773853240069e-06
    ],
    [
      0.9958407282829285,
      1.0833125507758723e-09,
      7.152019679779187e-05,
      0.00331494165584445,
      5.4192511015571654e-05,
      0.0007184036076068878,
      3.3675437438596134e-11,
      2.826872957939486e-07
    ],
    [
      0.009253416210412979,
      0.0007690421771258116,
      0.9896140694618225,
      3.260937830873445e-08,
      4.4797656300943345e-05,
      0.000317440542858094,
      3.4326203035561775e-07,
      8.948887284532248e-07
    ],
    [
      0.6214137077331543,
      0.00964599009603262,
      0.00803501345217228,
      0.14007824659347534,
      0.11377937346696854,
      0.10415888577699661,
      0.0014266612706705928,
      0.0014621894806623459
    ],
    [
      0.957770824432373,
      0.023703228682279587,
      0.0002624262997414917,
      0.0005312412977218628,
      0.00024549438967369497,
      0.016729867085814476,
      0.0006813867366872728,
      7.560378435300663e-05
    ]
  ],
  "filename": "167_1b1_Pr_sc_Meditron_filtered_seg2_aug_add_noise-change_volume_9cae9e50.wav",
  "feature_type": "concat",
  "timestamp": "20251106_112636",
  "predicted_class": "Asthma",
  "class_probabilities": {
    "Asthma": 0.7109434008598328,
    "BRON": 0.006823652423918247,
    "COPD": 0.20550592243671417,
    "Healthy": 0.028784891590476036,
    "Lung Fibrosis": 0.02282477542757988,
    "Plueral Effusion": 0.024387642741203308,
    "Pneumonia": 0.00042167826904915273,
    "RTI": 0.0003080547321587801
  }
}