{
  "predicted_class_idx": 2,
  "confidence": 0.8687911033630371,
  "all_probabilities": [
    9.057144779944792e-06,
    0.05812507122755051,
    0.8687911033630371,
    5.952549742005431e-08,
    7.950256076583173e-06,
    3.1234601571838994e-09,
    0.0002023096167249605,
    0.07286436855792999
  ],
  "std_probabilities": [
    1.7164687960757874e-05,
    0.11475614458322525,
    0.260588139295578,
    7.239323451813107e-08,
    1.5899751815595664e-05,
    5.571970884687971e-09,
    0.00024543318431824446,
    0.14563457667827606
  ],
  "fold_predictions": [
    [
      3.577752138994583e-08,
      6.707556110541191e-08,
      0.9999775886535645,
      7.400991108852395e-08,
      7.74209252263347e-10,
      4.603215031373509e-11,
      2.746833388300729e-06,
      1.9404109480092302e-05
    ],
    [
      1.7989587774991378e-07,
      3.869721609817134e-08,
      0.9999990463256836,
      2.3871455923085705e-09,
      6.715998590589578e-11,
      1.271215133158421e-09,
      3.813636624272476e-07,
      2.8331649559731886e-07
    ],
    [
      2.693186047508789e-07,
      0.2876257598400116,
      0.3476201593875885,
      1.9513738891419052e-07,
      3.97497606172692e-05,
      1.1850790314349435e-11,
      0.0005803481908515096,
      0.36413347721099854
    ],
    [
      4.3372165237087756e-05,
      1.5320125385187566e-05,
      0.9995286464691162,
      1.605810240334904e-08,
      3.3401537091748423e-10,
      6.173880157112066e-11,
      0.0004107574641238898,
      1.8148348317481577e-06
    ],
    [
      1.4285644738265546e-06,
      0.002984160091727972,
      0.9968301653862,
      1.003495242457575e-08,
      3.458631436803472e-10,
      1.4226463562749814e-08,
      1.7314250726485625e-05,
      0.00016682938439771533
    ]
  ],
  "filename": "193_1b2_Al_mc_AKGC417L_filtered_seg2_copy_0078.wav",
  "feature_type": "mfcc",
  "timestamp": "20251106_113846",
  "predicted_class": "COPD",
  "class_probabilities": {
    "Asthma": 9.057144779944792e-06,
    "BRON": 0.05812507122755051,
    "COPD": 0.8687911033630371,
    "Healthy": 5.952549742005431e-08,
    "Lung Fibrosis": 7.950256076583173e-06,
    "Plueral Effusion": 3.1234601571838994e-09,
    "Pneumonia": 0.0002023096167249605,
    "RTI": 0.07286436855792999
  }
}