{
  "predicted_class_idx": 3,
  "confidence": 0.824846088886261,
  "all_probabilities": [
    0.06863071769475937,
    0.0007114720647223294,
    5.800443614134565e-05,
    0.824846088886261,
    0.08369702845811844,
    1.4470306268776767e-05,
    0.021634360775351524,
    0.00040792213985696435
  ],
  "std_probabilities": [
    0.1160329207777977,
    0.0008423577528446913,
    7.305161852855235e-05,
    0.15110599994659424,
    0.13055267930030823,
    2.888200651796069e-05,
    0.017915256321430206,
    0.0005946206510998309
  ],
  "fold_predictions": [
    [
      0.010486316867172718,
      8.23520022095181e-05,
      9.447548521279714e-09,
      0.6408794522285461,
      0.3443666994571686,
      9.897505037770316e-10,
      0.004140003118664026,
      4.5174565457273275e-05
    ],
    [
      0.008060405030846596,
      0.0009686299017630517,
      7.756742803621819e-08,
      0.9763895869255066,
      0.011895585805177689,
      2.4531061626476003e-09,
      0.002681999932974577,
      3.590591859392589e-06
    ],
    [
      0.00631920900195837,
      0.0022533328738063574,
      0.0001721819571685046,
      0.9168442487716675,
      0.022163713350892067,
      7.223428110592067e-05,
      0.05175834521651268,
      0.00041677916306070983
    ],
    [
      0.017721248790621758,
      0.0002366238768445328,
      0.00011772268044296652,
      0.9485473036766052,
      0.00948355533182621,
      9.559433067352074e-08,
      0.022336607798933983,
      0.0015568609815090895
    ],
    [
      0.3005664050579071,
      1.642155257286504e-05,
      3.0500739711669667e-08,
      0.6415694952011108,
      0.030575579032301903,
      1.8218868191866022e-08,
      0.027254847809672356,
      1.7205356925842352e-05
    ]
  ],
  "filename": "BP83_NNA_R_U18F_filtered_seg3_orig_0120.wav",
  "feature_type": "mfcc",
  "timestamp": "20251106_114405",
  "predicted_class": "Healthy",
  "class_probabilities": {
    "Asthma": 0.06863071769475937,
    "BRON": 0.0007114720647223294,
    "COPD": 5.800443614134565e-05,
    "Healthy": 0.824846088886261,
    "Lung Fibrosis": 0.08369702845811844,
    "Plueral Effusion": 1.4470306268776767e-05,
    "Pneumonia": 0.021634360775351524,
    "RTI": 0.00040792213985696435
  }
}