{
  "predicted_class_idx": 7,
  "confidence": 0.5760871767997742,
  "all_probabilities": [
    0.002711739856749773,
    0.22672565281391144,
    0.00010261973511660472,
    0.14217422902584076,
    0.003984514623880386,
    0.003880613250657916,
    0.04433347284793854,
    0.5760871767997742
  ],
  "std_probabilities": [
    0.003707492956891656,
    0.3294419050216675,
    0.00018374367209617049,
    0.24723407626152039,
    0.007906234823167324,
    0.007744980044662952,
    0.08340171724557877,
    0.35743916034698486
  ],
  "fold_predictions": [
    [
      0.0010319799184799194,
      0.008536351844668388,
      6.203511588864785e-07,
      6.738078354828758e-06,
      4.601725436259585e-07,
      6.30590307082457e-07,
      0.0008098002872429788,
      0.9896134734153748
    ],
    [
      0.0022607604041695595,
      0.06402217596769333,
      1.2302728464419488e-05,
      0.6336512565612793,
      0.00011658664152491838,
      9.729466910357587e-06,
      0.006112071685492992,
      0.29381513595581055
    ],
    [
      0.00022934637672733516,
      0.007635199930518866,
      1.0448185093991924e-05,
      0.0009788763709366322,
      8.054742465901654e-06,
      1.0619026397762354e-05,
      0.0008923537679947913,
      0.9902352094650269
    ],
    [
      0.009962989017367363,
      0.17988139390945435,
      0.00046990299597382545,
      0.07180916517972946,
      0.019796738401055336,
      0.01937057264149189,
      0.21109260618686676,
      0.48761653900146484
    ],
    [
      7.362412725342438e-05,
      0.8735531568527222,
      1.9824436094495468e-05,
      0.00442512845620513,
      7.340460683735728e-07,
      1.1515619917190634e-05,
      0.002760535106062889,
      0.11915548890829086
    ]
  ],
  "filename": "Healthy_5.wav",
  "feature_type": "concat",
  "timestamp": "20251106_144729",
  "predicted_class": "RTI",
  "class_probabilities": {
    "Asthma": 0.002711739856749773,
    "BRON": 0.22672565281391144,
    "COPD": 0.00010261973511660472,
    "Healthy": 0.14217422902584076,
    "Lung Fibrosis": 0.003984514623880386,
    "Plueral Effusion": 0.003880613250657916,
    "Pneumonia": 0.04433347284793854,
    "RTI": 0.5760871767997742
  }
}