{
  "predicted_class_idx": 0,
  "confidence": 0.5907307863235474,
  "all_probabilities": [
    0.5907307863235474,
    3.968601504311664e-06,
    0.0006960221799090505,
    6.080521330886768e-08,
    0.20000183582305908,
    0.20856738090515137,
    1.971080632046096e-09,
    9.003329748402678e-10
  ],
  "std_probabilities": [
    0.46030107140541077,
    5.594632966676727e-06,
    0.0009792550699785352,
    8.00489203811594e-08,
    0.3999970853328705,
    0.36855822801589966,
    2.985611535777366e-09,
    1.7323253942436168e-09
  ],
  "fold_predictions": [
    [
      0.9945822358131409,
      2.264097531678999e-08,
      1.5560522115265485e-07,
      1.0288722052109733e-07,
      1.1145935729928169e-07,
      0.005417406093329191,
      5.099434763344846e-10,
      1.3733341720778558e-11
    ],
    [
      0.05784859135746956,
      4.6158291411302343e-08,
      1.2423080988810398e-05,
      1.2246291758444272e-09,
      1.7142797332780901e-06,
      0.9421372413635254,
      7.840247562285185e-09,
      4.363729821932338e-09
    ],
    [
      0.9040219783782959,
      5.429736120277084e-06,
      0.0009574915166012943,
      1.9984551613561052e-07,
      1.1347125109750777e-05,
      0.09500356018543243,
      1.5052092905420977e-09,
      1.242010799762383e-10
    ],
    [
      3.1392512482852908e-06,
      7.259604400539348e-17,
      6.203270430660268e-08,
      6.860414319964647e-11,
      0.9999959468841553,
      7.803162702657573e-07,
      1.5455130444609047e-15,
      2.6162470848851375e-25
    ],
    [
      0.9971977472305298,
      1.4344473129312973e-05,
      0.002509978599846363,
      8.219679548549658e-14,
      3.770219969556621e-10,
      0.0002779010683298111,
      1.888663879085514e-15,
      5.336596617695343e-16
    ]
  ],
  "filename": "BP86_NNP_R_U68F_filtered_seg2_aug_change_volume-add_noise-highpass_2acf3010.wav",
  "feature_type": "mfcc",
  "timestamp": "20251106_114416",
  "predicted_class": "Asthma",
  "class_probabilities": {
    "Asthma": 0.5907307863235474,
    "BRON": 3.968601504311664e-06,
    "COPD": 0.0006960221799090505,
    "Healthy": 6.080521330886768e-08,
    "Lung Fibrosis": 0.20000183582305908,
    "Plueral Effusion": 0.20856738090515137,
    "Pneumonia": 1.971080632046096e-09,
    "RTI": 9.003329748402678e-10
  }
}