{
  "predicted_class_idx": 1,
  "confidence": 0.4487496018409729,
  "all_probabilities": [
    0.0015460745198652148,
    0.4487496018409729,
    0.03364139050245285,
    0.09509539604187012,
    0.0002909499453380704,
    0.048430971801280975,
    0.36913931369781494,
    0.0031063356436789036
  ],
  "std_probabilities": [
    0.001004139194265008,
    0.3904157876968384,
    0.04778972268104553,
    0.16309422254562378,
    0.0003036745765712112,
    0.0965365469455719,
    0.37665003538131714,
    0.0030167982913553715
  ],
  "fold_predictions": [
    [
      0.002548934193328023,
      0.13153651356697083,
      0.12507499754428864,
      0.007399853318929672,
      9.598198084859177e-05,
      0.0005040076794102788,
      0.7284035682678223,
      0.004436111077666283
    ],
    [
      0.0006067201029509306,
      0.9753419756889343,
      0.0005247240769676864,
      0.007857278920710087,
      2.79314917861484e-05,
      2.31635058298707e-05,
      0.007562140002846718,
      0.008056065067648888
    ],
    [
      0.002681470476090908,
      0.010130366310477257,
      0.03766356408596039,
      0.03324383497238159,
      0.0008635740960016847,
      0.00010775026748888195,
      0.9153040647506714,
      5.359767783374991e-06
    ],
    [
      0.00018980221648234874,
      0.8510642051696777,
      0.0012051309458911419,
      0.006318524945527315,
      0.00013506464892998338,
      1.6197071090573445e-05,
      0.1380424201488495,
      0.0030286358669400215
    ],
    [
      0.0017034459160640836,
      0.2756747603416443,
      0.0037385213654488325,
      0.4206574857234955,
      0.0003321974945720285,
      0.2415037453174591,
      0.05638428404927254,
      5.505661192728439e-06
    ]
  ],
  "filename": "201_1b1_Al_sc_Meditron_filtered_seg2_aug_change_volume-add_noise-lowpass_54c5e1b4.wav",
  "feature_type": "mel",
  "timestamp": "20251106_113007",
  "predicted_class": "BRON",
  "class_probabilities": {
    "Asthma": 0.0015460745198652148,
    "BRON": 0.4487496018409729,
    "COPD": 0.03364139050245285,
    "Healthy": 0.09509539604187012,
    "Lung Fibrosis": 0.0002909499453380704,
    "Plueral Effusion": 0.048430971801280975,
    "Pneumonia": 0.36913931369781494,
    "RTI": 0.0031063356436789036
  }
}