{
  "predicted_class_idx": 5,
  "confidence": 0.5643719434738159,
  "all_probabilities": [
    0.36184120178222656,
    0.012260528281331062,
    4.083488533979107e-07,
    0.030565226450562477,
    0.03015989437699318,
    0.5643719434738159,
    0.0008004654082469642,
    3.44980605859746e-07
  ],
  "std_probabilities": [
    0.38161909580230713,
    0.019604405388236046,
    6.071160214560223e-07,
    0.03344947099685669,
    0.055708687752485275,
    0.36557069420814514,
    0.0007983558462001383,
    4.269489579655783e-07
  ],
  "fold_predictions": [
    [
      0.027293957769870758,
      0.010721047408878803,
      1.593814999978349e-06,
      0.005481316242367029,
      0.14133906364440918,
      0.8129922151565552,
      0.0021701001096516848,
      7.640238663952914e-07
    ],
    [
      0.1472964584827423,
      0.050579894334077835,
      8.402952289543464e-08,
      0.07330138981342316,
      0.009415511973202229,
      0.7185409665107727,
      0.0008647422073408961,
      9.606001185602508e-07
    ],
    [
      0.000500381167512387,
      1.642219693565039e-08,
      2.438977568085948e-13,
      3.7337684943850036e-08,
      4.551661131335649e-12,
      0.9994995594024658,
      1.6684379572362573e-11,
      1.1015497460584514e-13
    ],
    [
      0.7048006653785706,
      1.6599173424669544e-10,
      4.221459182218723e-09,
      0.00445522041991353,
      1.0643986136926742e-08,
      0.29074275493621826,
      1.322407570114592e-06,
      1.606012631910625e-12
    ],
    [
      0.9293144941329956,
      1.6838415604070178e-06,
      3.596780118186871e-07,
      0.06958816945552826,
      4.4882002839585766e-05,
      8.421196253038943e-05,
      0.0009661621879786253,
      2.7723170981097667e-10
    ]
  ],
  "filename": "BP68_asthmaE_WP_R_L_21F_filtered_seg1_orig_0055.wav",
  "feature_type": "mel",
  "timestamp": "20251106_120034",
  "predicted_class": "Plueral Effusion",
  "class_probabilities": {
    "Asthma": 0.36184120178222656,
    "BRON": 0.012260528281331062,
    "COPD": 4.083488533979107e-07,
    "Healthy": 0.030565226450562477,
    "Lung Fibrosis": 0.03015989437699318,
    "Plueral Effusion": 0.5643719434738159,
    "Pneumonia": 0.0008004654082469642,
    "RTI": 3.44980605859746e-07
  }
}