{
  "predicted_class_idx": 2,
  "confidence": 0.8078924417495728,
  "all_probabilities": [
    1.6524596730960184e-06,
    0.0029558041132986546,
    0.8078924417495728,
    0.0025122978258877993,
    8.554458759135741e-07,
    7.500216270273086e-08,
    0.0006314627826213837,
    0.18600541353225708
  ],
  "std_probabilities": [
    1.9600843188527506e-06,
    0.00297952676191926,
    0.36724111437797546,
    0.003504428779706359,
    1.1752385944419075e-06,
    1.3851254720975703e-07,
    0.00073674984741956,
    0.3659488260746002
  ],
  "fold_predictions": [
    [
      5.4125075621414e-06,
      9.77629852627615e-08,
      0.9969762563705444,
      0.0005533321527764201,
      1.0132538363905041e-08,
      2.4037594831272102e-11,
      2.7327880161465146e-05,
      0.002437635324895382
    ],
    [
      4.4985389990870317e-07,
      2.0986792151234113e-05,
      0.9970961809158325,
      0.001746899215504527,
      1.4941761161679779e-09,
      1.3593482783846866e-08,
      0.00018059639842249453,
      0.0009548526140861213
    ],
    [
      1.7797550526665873e-06,
      0.0017605603206902742,
      0.984762966632843,
      0.009440479800105095,
      3.0456981221504975e-06,
      3.5188190850021783e-07,
      6.375351222231984e-05,
      0.003967020194977522
    ],
    [
      3.6165229744256067e-07,
      0.007001623511314392,
      0.0734785795211792,
      0.0006805467419326305,
      1.1316805057504098e-06,
      3.280654192749921e-09,
      0.0009394026128575206,
      0.9178983569145203
    ],
    [
      2.5852918383861834e-07,
      0.005995752289891243,
      0.987148106098175,
      0.00014023085532244295,
      8.822399877317366e-08,
      6.2307106141190616e-09,
      0.0019462333293631673,
      0.00476923119276762
    ]
  ],
  "filename": "213_1p5_Pr_mc_AKGC417L_filtered_seg1_copy_0118.wav",
  "feature_type": "mel",
  "timestamp": "20251106_113928",
  "predicted_class": "COPD",
  "class_probabilities": {
    "Asthma": 1.6524596730960184e-06,
    "BRON": 0.0029558041132986546,
    "COPD": 0.8078924417495728,
    "Healthy": 0.0025122978258877993,
    "Lung Fibrosis": 8.554458759135741e-07,
    "Plueral Effusion": 7.500216270273086e-08,
    "Pneumonia": 0.0006314627826213837,
    "RTI": 0.18600541353225708
  }
}