{
  "predicted_class_idx": 7,
  "confidence": 0.9959903955459595,
  "all_probabilities": [
    5.99579789195559e-06,
    0.0016792353708297014,
    0.00026359714684076607,
    0.001560090808197856,
    1.4262104741646908e-05,
    0.0004852720885537565,
    1.2600969512277516e-06,
    0.9959903955459595
  ],
  "std_probabilities": [
    8.228615115513094e-06,
    0.001947931363247335,
    0.0005240414757281542,
    0.0025964907836169004,
    2.785441029118374e-05,
    0.00048059149412438273,
    1.8579647758087958e-06,
    0.004193033557385206
  ],
  "fold_predictions": [
    [
      2.5114124668768056e-10,
      1.0861643140458455e-08,
      3.419961189243814e-11,
      3.684483544930117e-07,
      2.6113198409172256e-11,
      1.032677943157978e-08,
      4.911516171546282e-08,
      0.9999996423721313
    ],
    [
      4.393544372760516e-08,
      0.002856613602489233,
      1.9929396799511778e-08,
      3.49024630850181e-05,
      1.436572034663186e-07,
      0.0011232156539335847,
      1.7460541901215265e-09,
      0.9959851503372192
    ],
    [
      5.537360721064033e-06,
      1.5659821656299755e-05,
      5.37602261374559e-07,
      0.0010581667302176356,
      6.996479351073503e-05,
      3.959901005146094e-05,
      1.4800016856497678e-07,
      0.9988104104995728
    ],
    [
      2.4514999950042693e-06,
      0.004959007725119591,
      5.756991868111072e-06,
      0.006690068636089563,
      1.1318709312035935e-06,
      0.0002637706638779491,
      4.861911293119192e-06,
      0.98807293176651
    ],
    [
      2.1945941625745036e-05,
      0.0005648840451613069,
      0.0013116711052134633,
      1.694814272923395e-05,
      7.017340664106086e-08,
      0.000999764772132039,
      1.2397121054164018e-06,
      0.9970834851264954
    ]
  ],
  "filename": "188_1b1_Tc_sc_Meditron_filtered_seg1_orig_0034.wav",
  "feature_type": "mfcc",
  "timestamp": "20251106_115510",
  "predicted_class": "RTI",
  "class_probabilities": {
    "Asthma": 5.99579789195559e-06,
    "BRON": 0.0016792353708297014,
    "COPD": 0.00026359714684076607,
    "Healthy": 0.001560090808197856,
    "Lung Fibrosis": 1.4262104741646908e-05,
    "Plueral Effusion": 0.0004852720885537565,
    "Pneumonia": 1.2600969512277516e-06,
    "RTI": 0.9959903955459595
  }
}