{
  "predicted_class_idx": 1,
  "confidence": 0.919007420539856,
  "all_probabilities": [
    0.0008495779475197196,
    0.919007420539856,
    0.0028586164116859436,
    0.023741301149129868,
    0.014707118272781372,
    0.0006329917814582586,
    0.02872498333454132,
    0.00947798602283001
  ],
  "std_probabilities": [
    0.0006970124086365104,
    0.061892978847026825,
    0.0038835033774375916,
    0.01758114993572235,
    0.016841072589159012,
    0.0008875255007296801,
    0.0229178499430418,
    0.012246369384229183
  ],
  "fold_predictions": [
    [
      1.9955252355430275e-05,
      0.9747183918952942,
      0.00010383068729424849,
      0.020674366503953934,
      0.00227301730774343,
      0.0004422689962666482,
      0.0017157497350126505,
      5.237755976850167e-05
    ],
    [
      0.0009365076548419893,
      0.9667670726776123,
      0.010316996835172176,
      0.0029748815577477217,
      0.014567429199814796,
      7.283189188456163e-05,
      0.0025969732087105513,
      0.0017673391848802567
    ],
    [
      0.0010774453403428197,
      0.9264093637466431,
      0.0030317401979118586,
      0.018811780959367752,
      0.0022723148576915264,
      0.00025739503325894475,
      0.034272316843271255,
      0.013867709785699844
    ],
    [
      0.0019870062824338675,
      0.8020575046539307,
      0.0007880546036176383,
      0.05638311058282852,
      0.04716314375400543,
      0.0023821494542062283,
      0.057559534907341,
      0.03167947009205818
    ],
    [
      0.00022697534586768597,
      0.9250848889350891,
      5.246060391073115e-05,
      0.019862372428178787,
      0.007259682286530733,
      1.0313548045814969e-05,
      0.04748034477233887,
      2.303759174537845e-05
    ]
  ],
  "filename": "BRON_6.wav",
  "feature_type": "mfcc",
  "timestamp": "20251113_103824",
  "predicted_class": "BRON",
  "class_probabilities": {
    "ASMA": 0.0008495779475197196,
    "BRON": 0.919007420539856,
    "COPD": 0.0028586164116859436,
    "Healthy": 0.023741301149129868,
    "Lung Fibrosis": 0.014707118272781372,
    "Plueral Effusion": 0.0006329917814582586,
    "Pneumonia": 0.02872498333454132,
    "RTI": 0.00947798602283001
  }
}