{
  "predicted_class_idx": 5,
  "confidence": 0.9935492277145386,
  "all_probabilities": [
    0.00018609037215355784,
    4.811092367162928e-05,
    1.5215138038371379e-09,
    0.006216446869075298,
    7.677248170523399e-09,
    0.9935492277145386,
    1.0408982831222602e-07,
    6.695046184113096e-10
  ],
  "std_probabilities": [
    0.00029196753166615963,
    8.93312317202799e-05,
    2.7582769401846008e-09,
    0.007558848708868027,
    9.845202875169434e-09,
    0.007527747191488743,
    1.806405549586998e-07,
    1.0062771726992992e-09
  ],
  "fold_predictions": [
    [
      0.0001679317792877555,
      0.00022644655837211758,
      5.749312692593378e-10,
      0.013472765684127808,
      2.6650157636254335e-08,
      0.9861323833465576,
      4.6261419583970564e-07,
      2.6057438429205604e-09
    ],
    [
      2.789968220895389e-06,
      1.39853937071166e-05,
      1.2054942113981504e-11,
      0.01724107563495636,
      6.216295922456538e-09,
      0.9827421307563782,
      1.7945896158000352e-10,
      7.167679783037784e-10
    ],
    [
      2.4837428114210525e-08,
      7.530877255135238e-09,
      7.858285699471911e-16,
      3.972565991716692e-06,
      1.2378155149974529e-15,
      0.9999959468841553,
      1.0397212875812994e-13,
      2.9050134693620056e-12
    ],
    [
      3.9614460547454655e-06,
      3.822198557656975e-09,
      2.692336642257792e-13,
      1.2658910009122337e-06,
      3.7052639737878215e-14,
      0.9999947547912598,
      6.578236566578965e-11,
      7.188261081205252e-14
    ],
    [
      0.0007557438220828772,
      1.1129326793479777e-07,
      7.020312775551929e-09,
      0.00036315456964075565,
      5.5197530990369614e-09,
      0.998880922794342,
      5.7589595314766484e-08,
      2.2034322283426278e-11
    ]
  ],
  "filename": "BP56_asthmaE_WP_R_M56F_filtered_seg2_orig_0045.wav",
  "feature_type": "mel",
  "timestamp": "20251106_112359",
  "predicted_class": "Plueral Effusion",
  "class_probabilities": {
    "Asthma": 0.00018609037215355784,
    "BRON": 4.811092367162928e-05,
    "COPD": 1.5215138038371379e-09,
    "Healthy": 0.006216446869075298,
    "Lung Fibrosis": 7.677248170523399e-09,
    "Plueral Effusion": 0.9935492277145386,
    "Pneumonia": 1.0408982831222602e-07,
    "RTI": 6.695046184113096e-10
  }
}