{
  "predicted_class_idx": 4,
  "confidence": 0.4160718321800232,
  "all_probabilities": [
    0.046718377619981766,
    0.008378914557397366,
    0.0007705160533078015,
    0.29580461978912354,
    0.4160718321800232,
    0.05568131059408188,
    0.17256245017051697,
    0.004011957440525293
  ],
  "std_probabilities": [
    0.06249483302235603,
    0.00841890461742878,
    0.0011964193545281887,
    0.2821796238422394,
    0.34312960505485535,
    0.06797334551811218,
    0.1843048483133316,
    0.006985309533774853
  ],
  "fold_predictions": [
    [
      0.010943267494440079,
      0.00317377713508904,
      0.0004972829483449459,
      0.3961624503135681,
      0.06513634324073792,
      0.0001357027213089168,
      0.5236303806304932,
      0.00032083861879073083
    ],
    [
      0.043748293071985245,
      0.016753973439335823,
      0.00019515534222591668,
      0.1815449595451355,
      0.6431577801704407,
      0.001241318415850401,
      0.11195339262485504,
      0.0014051097678020597
    ],
    [
      0.008529867976903915,
      0.0012394266668707132,
      2.2693046048516408e-05,
      0.7975735068321228,
      0.055222902446985245,
      0.1275552213191986,
      0.009492910467088223,
      0.000363413302693516
    ],
    [
      0.16831639409065247,
      0.020321201533079147,
      0.0031368264462798834,
      0.09780915826559067,
      0.3700742721557617,
      0.1494390368461609,
      0.17295199632644653,
      0.017951101064682007
    ],
    [
      0.002054064068943262,
      0.00040619613719172776,
      6.223999093890598e-07,
      0.005932999309152365,
      0.9467678070068359,
      3.528748493408784e-05,
      0.04478362202644348,
      1.9322709704283625e-05
    ]
  ],
  "filename": "BP47_asthmaE_WP_L_M60M_filtered_seg2_aug_pitch_shift-highpass_8938c878.wav",
  "feature_type": "concat",
  "timestamp": "20251106_112346",
  "predicted_class": "Lung Fibrosis",
  "class_probabilities": {
    "Asthma": 0.046718377619981766,
    "BRON": 0.008378914557397366,
    "COPD": 0.0007705160533078015,
    "Healthy": 0.29580461978912354,
    "Lung Fibrosis": 0.4160718321800232,
    "Plueral Effusion": 0.05568131059408188,
    "Pneumonia": 0.17256245017051697,
    "RTI": 0.004011957440525293
  }
}