{
  "predicted_class_idx": 1,
  "confidence": 0.897663950920105,
  "all_probabilities": [
    0.0009955307468771935,
    0.897663950920105,
    0.03336476534605026,
    0.0366571806371212,
    0.002024643588811159,
    0.0002087270113406703,
    0.0002465451252646744,
    0.028838669881224632
  ],
  "std_probabilities": [
    0.001575090573169291,
    0.08116570115089417,
    0.06013092026114464,
    0.05197461321949959,
    0.002801216673105955,
    0.0004170580650679767,
    0.0004928669077344239,
    0.05766873434185982
  ],
  "fold_predictions": [
    [
      2.8593151000677608e-05,
      0.8465031385421753,
      0.15331122279167175,
      0.0001411630364600569,
      1.5572772099403664e-05,
      3.429617265737761e-07,
      5.163675910468957e-12,
      6.095407512063389e-10
    ],
    [
      0.0004360427847132087,
      0.9872539639472961,
      0.011782401241362095,
      0.0003896166745107621,
      0.00013590193702839315,
      4.3138146565979696e-07,
      3.429398418575147e-07,
      1.2408352176862536e-06
    ],
    [
      0.004125409759581089,
      0.8596067428588867,
      0.0007564981933683157,
      0.13336363434791565,
      0.002131715416908264,
      1.757568490745598e-08,
      1.0369026881562604e-07,
      1.5966768842190504e-05
    ],
    [
      0.00038730158121325076,
      0.795382022857666,
      0.0009725790587253869,
      0.049391478300094604,
      0.00741529930382967,
      0.001042843097820878,
      0.0012322788825258613,
      0.14417614042758942
    ],
    [
      3.062891096305975e-07,
      0.9995737671852112,
      1.1147869827254908e-06,
      2.101292118084075e-08,
      0.00042472867062315345,
      2.291568525919236e-14,
      6.549370074049321e-11,
      1.412562829292835e-13
    ]
  ],
  "filename": "215_1b3_Tc_sc_Meditron_filtered_seg3_aug_change_volume-lowpass_2866bbdd.wav",
  "feature_type": "concat",
  "timestamp": "20251106_112945",
  "predicted_class": "BRON",
  "class_probabilities": {
    "Asthma": 0.0009955307468771935,
    "BRON": 0.897663950920105,
    "COPD": 0.03336476534605026,
    "Healthy": 0.0366571806371212,
    "Lung Fibrosis": 0.002024643588811159,
    "Plueral Effusion": 0.0002087270113406703,
    "Pneumonia": 0.0002465451252646744,
    "RTI": 0.028838669881224632
  }
}