{
  "predicted_class_idx": 3,
  "confidence": 0.3131663501262665,
  "all_probabilities": [
    0.16724009811878204,
    0.004085036925971508,
    0.0004661734274122864,
    0.3131663501262665,
    0.23007544875144958,
    0.000365243322448805,
    0.2842761278152466,
    0.0003254816110711545
  ],
  "std_probabilities": [
    0.07728563994169235,
    0.0078102401457726955,
    0.0008732943679206073,
    0.2802068293094635,
    0.25700482726097107,
    0.0006865442846901715,
    0.34848880767822266,
    0.0004958545323461294
  ],
  "fold_predictions": [
    [
      0.14581497013568878,
      0.00020188858616165817,
      3.9976359403226525e-05,
      0.13071967661380768,
      0.6858747601509094,
      2.897022568504326e-05,
      0.036986179649829865,
      0.00033360064844600856
    ],
    [
      0.16471749544143677,
      8.630502270534635e-05,
      2.3912161850603297e-05,
      0.45113110542297363,
      0.34022778272628784,
      1.6373816151826759e-06,
      0.043808747082948685,
      2.9083587378408993e-06
    ],
    [
      0.047666728496551514,
      1.2785279977833852e-05,
      8.557402907172218e-06,
      0.016911953687667847,
      0.026256458833813667,
      3.035135875961714e-07,
      0.9091400504112244,
      3.2069031021819683e-06
    ],
    [
      0.2880057692527771,
      0.019703075289726257,
      0.002212568186223507,
      0.17173248529434204,
      0.0893743559718132,
      0.0017376901814714074,
      0.42595043778419495,
      0.0012836375972256064
    ],
    [
      0.18999552726745605,
      0.0004211296036373824,
      4.585296846926212e-05,
      0.7953365445137024,
      0.008644018322229385,
      5.7615274272393435e-05,
      0.005495187360793352,
      4.0545778574596625e-06
    ]
  ],
  "filename": "ASMA_18.wav",
  "feature_type": "concat",
  "timestamp": "20251106_144113",
  "predicted_class": "Healthy",
  "class_probabilities": {
    "Asthma": 0.16724009811878204,
    "BRON": 0.004085036925971508,
    "COPD": 0.0004661734274122864,
    "Healthy": 0.3131663501262665,
    "Lung Fibrosis": 0.23007544875144958,
    "Plueral Effusion": 0.000365243322448805,
    "Pneumonia": 0.2842761278152466,
    "RTI": 0.0003254816110711545
  }
}