{
  "predicted_class_idx": 5,
  "confidence": 0.8169921040534973,
  "all_probabilities": [
    6.386863242369145e-05,
    0.000148372957482934,
    3.141458621014337e-11,
    0.18277999758720398,
    1.3253089491627179e-05,
    0.8169921040534973,
    5.045166062700446e-07,
    1.9589319890656043e-06
  ],
  "std_probabilities": [
    5.806934495922178e-05,
    0.0002442689728923142,
    5.050379905946478e-11,
    0.3654550611972809,
    2.5607525458326563e-05,
    0.3656950294971466,
    1.0086332622449845e-06,
    3.907455266016768e-06
  ],
  "fold_predictions": [
    [
      6.402313829312334e-06,
      1.1386943832292218e-08,
      3.3454968938369245e-14,
      5.212127689446788e-06,
      2.876864968470727e-08,
      0.999988317489624,
      4.2795742644097245e-11,
      1.7176217045888897e-12
    ],
    [
      9.300553210778162e-05,
      2.2497853535696777e-07,
      2.4350498085468943e-14,
      2.5674204152892344e-05,
      6.445476174121723e-05,
      0.9998165965080261,
      3.387973902075833e-14,
      7.66276875285854e-10
    ],
    [
      0.0001571235916344449,
      9.656803013058379e-05,
      2.8134254908412926e-12,
      0.00011981945135630667,
      3.1346907292117976e-08,
      0.9996265172958374,
      2.779717567236162e-10,
      1.9377504045792193e-08
    ],
    [
      6.22664883849211e-05,
      0.0006315871723927557,
      1.3090861727960146e-10,
      0.9136902093887329,
      1.5820140788491699e-06,
      0.0856020599603653,
      2.5217832444468513e-06,
      9.773829333425965e-06
    ],
    [
      5.452233153846464e-07,
      1.3473221770254895e-05,
      2.3293070597341092e-11,
      5.913181303185411e-05,
      1.6856502327300404e-07,
      0.9999266862869263,
      4.790336460835931e-10,
      6.858176249124881e-10
    ]
  ],
  "filename": "BP6_Plueral_EffusionI_C_BP_L_R81M_filtered_seg3_aug_highpass-add_noise-lowpass_fd58e2fc.wav",
  "feature_type": "mel",
  "timestamp": "20251106_115847",
  "predicted_class": "Plueral Effusion",
  "class_probabilities": {
    "Asthma": 6.386863242369145e-05,
    "BRON": 0.000148372957482934,
    "COPD": 3.141458621014337e-11,
    "Healthy": 0.18277999758720398,
    "Lung Fibrosis": 1.3253089491627179e-05,
    "Plueral Effusion": 0.8169921040534973,
    "Pneumonia": 5.045166062700446e-07,
    "RTI": 1.9589319890656043e-06
  }
}