{
  "predicted_class_idx": 5,
  "confidence": 0.6088654398918152,
  "all_probabilities": [
    0.0038016948383301497,
    6.245284112083027e-06,
    1.6363439769850885e-10,
    4.06100953114219e-05,
    0.18735888600349426,
    0.6088654398918152,
    5.660931492457166e-06,
    0.19992144405841827
  ],
  "std_probabilities": [
    0.0060567897744476795,
    1.2463450730137993e-05,
    1.700714569174977e-10,
    7.381275645457208e-05,
    0.3745498061180115,
    0.4719948470592499,
    1.1052348781959154e-05,
    0.399688184261322
  ],
  "fold_predictions": [
    [
      0.0016226794105023146,
      1.9581984922467655e-09,
      1.2072629571806514e-16,
      2.3663286607966683e-11,
      1.9981636796728708e-05,
      0.9980201721191406,
      2.7761685487348586e-05,
      0.0003094466810580343
    ],
    [
      1.3355803218928486e-07,
      1.1993510077088062e-17,
      5.618782467699561e-17,
      3.914107319508142e-12,
      3.595371613276943e-12,
      0.9999998807907104,
      3.656709837588868e-19,
      7.913853390152398e-15
    ],
    [
      0.015831787139177322,
      3.063297882022198e-08,
      4.467450853695709e-10,
      0.0001878441107692197,
      0.00031598142231814563,
      0.98366379737854,
      5.399462565947033e-07,
      3.891561295432666e-09
    ],
    [
      0.0015522154280915856,
      2.165605117454561e-08,
      2.562204337586138e-10,
      1.0270563279846101e-06,
      0.93645840883255,
      0.061988357454538345,
      3.4501643209061683e-10,
      6.877622081601694e-15
    ],
    [
      1.6591808389421203e-06,
      3.117217420367524e-05,
      1.152062611975424e-10,
      1.4179286154103465e-05,
      6.934961493954006e-09,
      0.0006551698315888643,
      2.67873989656664e-09,
      0.9992977380752563
    ]
  ],
  "filename": "105_1b1_Tc_sc_Meditron_filtered_seg1_aug_highpass_ca750770.wav",
  "feature_type": "mfcc",
  "timestamp": "20251106_115323",
  "predicted_class": "Plueral Effusion",
  "class_probabilities": {
    "Asthma": 0.0038016948383301497,
    "BRON": 6.245284112083027e-06,
    "COPD": 1.6363439769850885e-10,
    "Healthy": 4.06100953114219e-05,
    "Lung Fibrosis": 0.18735888600349426,
    "Plueral Effusion": 0.6088654398918152,
    "Pneumonia": 5.660931492457166e-06,
    "RTI": 0.19992144405841827
  }
}