{
  "predicted_class_idx": 4,
  "confidence": 0.8153930902481079,
  "all_probabilities": [
    0.10263750702142715,
    0.0006692960159853101,
    5.17355192641844e-06,
    0.07964639365673065,
    0.8153930902481079,
    7.587468786596219e-08,
    0.0015950764063745737,
    5.335350215318613e-05
  ],
  "std_probabilities": [
    0.16709759831428528,
    0.0006658583297394216,
    8.537575013178866e-06,
    0.13044901192188263,
    0.1951383501291275,
    1.4008141135946062e-07,
    0.0025247810408473015,
    9.887632040772587e-05
  ],
  "fold_predictions": [
    [
      0.002847616095095873,
      8.751401037443429e-05,
      5.5457547887272085e-08,
      0.0039573125541210175,
      0.9930938482284546,
      9.297892455961687e-10,
      1.324636468780227e-05,
      3.638238581515907e-07
    ],
    [
      0.021102093160152435,
      0.00025078715407289565,
      2.447180058595677e-08,
      0.03983151540160179,
      0.9386885166168213,
      7.352907727131708e-10,
      0.00012553110718727112,
      1.5158976793827605e-06
    ],
    [
      0.004022647626698017,
      0.0010488451225683093,
      3.1022968869365286e-06,
      0.0069961994886398315,
      0.9877888560295105,
      3.557392460606934e-07,
      0.0001286191982217133,
      1.1444978554209229e-05
    ],
    [
      0.05013178661465645,
      0.0001530777517473325,
      2.2097636247053742e-05,
      0.33924025297164917,
      0.6090732216835022,
      1.8254871392286987e-08,
      0.0011286541121080518,
      0.0002509501646272838
    ],
    [
      0.4350833594799042,
      0.0018062558956444263,
      5.878976025996963e-07,
      0.008206699974834919,
      0.5483212471008301,
      3.7142260378431047e-09,
      0.006579331122338772,
      2.492661224096082e-06
    ]
  ],
  "filename": "BP76_NNA_L_U31M_filtered_seg2_orig_0111.wav",
  "feature_type": "mfcc",
  "timestamp": "20251106_114354",
  "predicted_class": "Lung Fibrosis",
  "class_probabilities": {
    "Asthma": 0.10263750702142715,
    "BRON": 0.0006692960159853101,
    "COPD": 5.17355192641844e-06,
    "Healthy": 0.07964639365673065,
    "Lung Fibrosis": 0.8153930902481079,
    "Plueral Effusion": 7.587468786596219e-08,
    "Pneumonia": 0.0015950764063745737,
    "RTI": 5.335350215318613e-05
  }
}