{
  "predicted_class_idx": 1,
  "confidence": 0.44026216864585876,
  "all_probabilities": [
    0.029568761587142944,
    0.44026216864585876,
    0.0022819440346211195,
    0.06315620243549347,
    0.1667679250240326,
    0.0020061468239873648,
    0.290128618478775,
    0.005828286055475473
  ],
  "std_probabilities": [
    0.04185792803764343,
    0.24995845556259155,
    0.0039446703158319,
    0.06005989387631416,
    0.1521104872226715,
    0.0030252321157604456,
    0.26930221915245056,
    0.007830259390175343
  ],
  "fold_predictions": [
    [
      0.00010215896327281371,
      0.7833443284034729,
      0.00013876563753001392,
      0.1713084727525711,
      0.041062355041503906,
      0.0006724146660417318,
      0.0008284905343316495,
      0.002543034730479121
    ],
    [
      0.0005834328476339579,
      0.14414364099502563,
      0.0006338789826259017,
      0.013616781681776047,
      0.036250293254852295,
      0.000354606396285817,
      0.8015102744102478,
      0.002907131565734744
    ],
    [
      0.11082667112350464,
      0.18266434967517853,
      0.00018269242718815804,
      0.05607149004936218,
      0.4087362289428711,
      0.008042121306061745,
      0.2311423122882843,
      0.0023341139312833548
    ],
    [
      0.008442227728664875,
      0.6416640281677246,
      0.00029074729536660016,
      0.07279777526855469,
      0.06389309465885162,
      0.0007700587739236653,
      0.1907869428396225,
      0.02135515958070755
    ],
    [
      0.027889305725693703,
      0.44949448108673096,
      0.010163635946810246,
      0.00198648520745337,
      0.28389763832092285,
      0.0001915334287332371,
      0.22637495398521423,
      1.9887756934622303e-06
    ]
  ],
  "filename": "BRON_6.wav",
  "feature_type": "concat",
  "timestamp": "20251113_103826",
  "predicted_class": "BRON",
  "class_probabilities": {
    "ASMA": 0.029568761587142944,
    "BRON": 0.44026216864585876,
    "COPD": 0.0022819440346211195,
    "Healthy": 0.06315620243549347,
    "Lung Fibrosis": 0.1667679250240326,
    "Plueral Effusion": 0.0020061468239873648,
    "Pneumonia": 0.290128618478775,
    "RTI": 0.005828286055475473
  }
}