{
  "predicted_class_idx": 6,
  "confidence": 0.9941784739494324,
  "all_probabilities": [
    0.0006193862063810229,
    0.0024663670919835567,
    0.0018421463901177049,
    0.0006778076058253646,
    6.256198685150594e-05,
    6.495615707535762e-06,
    0.9941784739494324,
    0.0001468080299673602
  ],
  "std_probabilities": [
    0.0007819586317054927,
    0.004522006027400494,
    0.002294413046911359,
    0.0011789666023105383,
    0.00011423611431382596,
    1.0024865332525223e-05,
    0.008413621224462986,
    0.00016468453395646065
  ],
  "fold_predictions": [
    [
      2.226786591563723e-06,
      2.1270641809678636e-05,
      2.1473717879416654e-06,
      7.487894617952406e-05,
      2.6721120871542325e-09,
      3.154433869667628e-08,
      0.9998452663421631,
      5.421567402663641e-05
    ],
    [
      1.6509913621121086e-05,
      1.324627589838201e-07,
      9.903043064696249e-06,
      4.443347643245943e-05,
      1.2053553746227408e-06,
      2.1420211737677164e-07,
      0.9999240636825562,
      3.547070264176e-06
    ],
    [
      5.489173986461537e-07,
      4.690585683420068e-06,
      6.124681931396481e-06,
      6.443364782171557e-06,
      8.541644724857633e-09,
      1.1642139696732556e-07,
      0.9999805688858032,
      1.5849873307161033e-06
    ],
    [
      0.00188470131251961,
      0.0008170767105184495,
      0.003876043250784278,
      0.00023257035354617983,
      2.112523179675918e-05,
      2.5999748686444946e-05,
      0.992885172367096,
      0.00025731947971507907
    ],
    [
      0.0011929443571716547,
      0.011488665826618671,
      0.005316514056175947,
      0.003030712017789483,
      0.00029046813142485917,
      6.116159966040868e-06,
      0.9782572984695435,
      0.00041737299761734903
    ]
  ],
  "filename": "135_2b3_Tc_mc_LittC2SE_filtered_seg1_aug_time_stretch-highpass_9d7b9d40.wav",
  "feature_type": "concat",
  "timestamp": "20251106_115107",
  "predicted_class": "Pneumonia",
  "class_probabilities": {
    "Asthma": 0.0006193862063810229,
    "BRON": 0.0024663670919835567,
    "COPD": 0.0018421463901177049,
    "Healthy": 0.0006778076058253646,
    "Lung Fibrosis": 6.256198685150594e-05,
    "Plueral Effusion": 6.495615707535762e-06,
    "Pneumonia": 0.9941784739494324,
    "RTI": 0.0001468080299673602
  }
}