{
  "predicted_class_idx": 5,
  "confidence": 0.8213558197021484,
  "all_probabilities": [
    0.009835337288677692,
    0.002585493726655841,
    6.890797408232174e-07,
    0.16622167825698853,
    9.210517646351946e-07,
    0.8213558197021484,
    9.75870051433958e-08,
    2.0180952020609766e-08
  ],
  "std_probabilities": [
    0.015459299087524414,
    0.005162907298654318,
    1.3188348475523526e-06,
    0.3005613684654236,
    1.7832085177360568e-06,
    0.30300483107566833,
    1.353928098524193e-07,
    4.0225859976317224e-08
  ],
  "fold_predictions": [
    [
      0.0012152077397331595,
      1.425371283403365e-05,
      1.8150676517336706e-09,
      0.005345311015844345,
      9.04354919839534e-08,
      0.9934250116348267,
      1.2345681454917212e-07,
      2.649620245431805e-10
    ],
    [
      0.00145972881000489,
      0.012911302968859673,
      3.3251735658268444e-06,
      0.765646755695343,
      4.486858870222932e-06,
      0.21997402608394623,
      3.519632230108982e-07,
      1.0063241262514566e-07
    ],
    [
      0.003640399081632495,
      1.8959769931825576e-06,
      7.523671269327181e-11,
      2.584993808341096e-06,
      3.3271491117758956e-10,
      0.9963551759719849,
      1.630635210192466e-10,
      3.7031128489149745e-13
    ],
    [
      0.002153602661564946,
      7.004442734376629e-14,
      1.311569602924223e-11,
      0.00019407911167945713,
      1.6309005469901383e-13,
      0.9976523518562317,
      4.373417860498163e-12,
      4.718314446967723e-16
    ],
    [
      0.040707748383283615,
      1.603322452581324e-08,
      1.1832158008928673e-07,
      0.05991971865296364,
      2.7631163135311e-08,
      0.899372398853302,
      1.2347570965687282e-08,
      7.0175722871601565e-12
    ]
  ],
  "filename": "BP96_NNP_R_L_66F_filtered_seg2_orig_0144.wav",
  "feature_type": "mel",
  "timestamp": "20251106_114506",
  "predicted_class": "Plueral Effusion",
  "class_probabilities": {
    "Asthma": 0.009835337288677692,
    "BRON": 0.002585493726655841,
    "COPD": 6.890797408232174e-07,
    "Healthy": 0.16622167825698853,
    "Lung Fibrosis": 9.210517646351946e-07,
    "Plueral Effusion": 0.8213558197021484,
    "Pneumonia": 9.75870051433958e-08,
    "RTI": 2.0180952020609766e-08
  }
}