{
  "predicted_class_idx": 4,
  "confidence": 0.37961912155151367,
  "all_probabilities": [
    0.2863704264163971,
    6.302902329480276e-05,
    2.548054908402264e-05,
    0.006506850477308035,
    0.37961912155151367,
    0.32700955867767334,
    0.00040187384001910686,
    3.6775952594325645e-06
  ],
  "std_probabilities": [
    0.3354458212852478,
    0.00011005470878444612,
    2.045531800831668e-05,
    0.012090671807527542,
    0.4405256509780884,
    0.3722588121891022,
    0.0004224478907417506,
    7.193879810074577e-06
  ],
  "fold_predictions": [
    [
      0.1524507701396942,
      5.553769710786582e-07,
      1.007990935164571e-08,
      0.00013669449253939092,
      0.00018286787963006645,
      0.8460110425949097,
      0.0012178538599982858,
      2.5013235926962807e-07
    ],
    [
      0.2216772735118866,
      5.458521627588198e-06,
      6.0914273490197957e-05,
      0.0004974962794221938,
      0.06466615945100784,
      0.7130204439163208,
      7.22557888366282e-05,
      2.96223112705718e-09
    ],
    [
      0.08923546224832535,
      0.00028255832148715854,
      1.2597628483490553e-05,
      0.030677955597639084,
      0.8597201704978943,
      0.01991550624370575,
      0.00013768428470939398,
      1.8064210962620564e-05
    ],
    [
      0.024173961952328682,
      2.331456562387757e-05,
      2.9904706025263295e-05,
      0.0010944807436317205,
      0.9734305739402771,
      0.0010651805205270648,
      0.00018270596046932042,
      1.3547974964112086e-09
    ],
    [
      0.9443145990371704,
      3.2583432130195433e-06,
      2.3976062948349863e-05,
      0.00012762678670696914,
      9.58620075834915e-05,
      0.05503576248884201,
      0.00039886930608190596,
      6.931654894515304e-08
    ]
  ],
  "filename": "135_2b3_Tc_mc_LittC2SE_filtered_seg1_aug_time_stretch-highpass_9d7b9d40.wav",
  "feature_type": "mfcc",
  "timestamp": "20251106_115104",
  "predicted_class": "Lung Fibrosis",
  "class_probabilities": {
    "Asthma": 0.2863704264163971,
    "BRON": 6.302902329480276e-05,
    "COPD": 2.548054908402264e-05,
    "Healthy": 0.006506850477308035,
    "Lung Fibrosis": 0.37961912155151367,
    "Plueral Effusion": 0.32700955867767334,
    "Pneumonia": 0.00040187384001910686,
    "RTI": 3.6775952594325645e-06
  }
}