{
  "predicted_class_idx": 4,
  "confidence": 0.9745349884033203,
  "all_probabilities": [
    0.006301049143075943,
    0.00026452288147993386,
    3.4943427635880653e-06,
    0.01771465316414833,
    0.9745349884033203,
    1.0447104159538867e-07,
    0.0011195980478078127,
    6.160046177683398e-05
  ],
  "std_probabilities": [
    0.0065889982506632805,
    0.00023905921261757612,
    4.8643132686265744e-06,
    0.02887214720249176,
    0.03573015704751015,
    1.3369363216497732e-07,
    0.0007815000135451555,
    0.00011896040086867288
  ],
  "fold_predictions": [
    [
      0.0007319035939872265,
      0.0002892200427595526,
      4.9671495361280904e-08,
      0.0024773136246949434,
      0.9962953925132751,
      4.4914703067888695e-08,
      0.00020314576977398247,
      2.9000577796978178e-06
    ],
    [
      0.0033479558769613504,
      9.573861461831257e-06,
      2.019790734664184e-08,
      0.008195619098842144,
      0.9881770014762878,
      9.211342799630984e-10,
      0.0002681684272829443,
      1.5569335118925665e-06
    ],
    [
      0.001275753602385521,
      0.0006673457683064044,
      4.921693744108779e-06,
      0.0017831019358709455,
      0.9947412014007568,
      3.578008715976466e-07,
      0.0015243971720337868,
      2.947885604953626e-06
    ],
    [
      0.018566487357020378,
      0.0003248335560783744,
      1.245525163540151e-05,
      0.07523150742053986,
      0.9033189415931702,
      1.179008961571526e-07,
      0.0022461304906755686,
      0.00029951674514450133
    ],
    [
      0.007583144120872021,
      3.1641106033930555e-05,
      2.489786155024376e-08,
      0.0008857282227836549,
      0.9901421666145325,
      8.176371246726433e-10,
      0.0013561486266553402,
      1.0806917316585896e-06
    ]
  ],
  "filename": "BP105_Lung_FibrosisCrepA_U_R44M_filtered_seg2_aug_time_shift-lowpass_c282f0c5.wav",
  "feature_type": "mfcc",
  "timestamp": "20251106_114912",
  "predicted_class": "Lung Fibrosis",
  "class_probabilities": {
    "Asthma": 0.006301049143075943,
    "BRON": 0.00026452288147993386,
    "COPD": 3.4943427635880653e-06,
    "Healthy": 0.01771465316414833,
    "Lung Fibrosis": 0.9745349884033203,
    "Plueral Effusion": 1.0447104159538867e-07,
    "Pneumonia": 0.0011195980478078127,
    "RTI": 6.160046177683398e-05
  }
}