{
  "predicted_class_idx": 0,
  "confidence": 0.5904797315597534,
  "all_probabilities": [
    0.5904797315597534,
    0.0012433670926839113,
    0.0012251490261405706,
    0.1341681182384491,
    0.0028148589190095663,
    0.00011429037840571254,
    0.26979508996009827,
    0.0001593812194187194
  ],
  "std_probabilities": [
    0.27214181423187256,
    0.001961700152605772,
    0.0012830238556489348,
    0.1038302406668663,
    0.0053544193506240845,
    0.00022505485685542226,
    0.22850236296653748,
    0.00016702308494132012
  ],
  "fold_predictions": [
    [
      0.509578287601471,
      0.0009753084741532803,
      2.6747022275230847e-05,
      0.12749603390693665,
      0.00014163619198370725,
      1.448316538699146e-06,
      0.36171025037765503,
      7.029007247183472e-05
    ],
    [
      0.9097758531570435,
      4.6369914343813434e-06,
      3.95163478970062e-05,
      0.04454498365521431,
      0.00034328631591051817,
      3.3426701406824577e-07,
      0.045289576053619385,
      1.7992184666582034e-06
    ],
    [
      0.4121859073638916,
      2.9072010875097476e-05,
      0.0012165033258497715,
      0.33374086022377014,
      6.338674575090408e-05,
      2.98676445709134e-06,
      0.2523653209209442,
      0.00039597172872163355
    ],
    [
      0.2226306051015854,
      0.005099742207676172,
      0.003545394167304039,
      0.10075527429580688,
      0.013521251268684864,
      0.0005643966142088175,
      0.6535596251487732,
      0.00032362109050154686
    ],
    [
      0.898228108882904,
      0.00010807514627231285,
      0.0012975847348570824,
      0.0643034353852272,
      4.734202320832992e-06,
      2.285955361003289e-06,
      0.036050572991371155,
      5.224017968430417e-06
    ]
  ],
  "filename": "BP43_asthmaE_WP_L_M15M_filtered_seg2_aug_lowpass-change_volume_e904c062.wav",
  "feature_type": "concat",
  "timestamp": "20251106_112033",
  "predicted_class": "Asthma",
  "class_probabilities": {
    "Asthma": 0.5904797315597534,
    "BRON": 0.0012433670926839113,
    "COPD": 0.0012251490261405706,
    "Healthy": 0.1341681182384491,
    "Lung Fibrosis": 0.0028148589190095663,
    "Plueral Effusion": 0.00011429037840571254,
    "Pneumonia": 0.26979508996009827,
    "RTI": 0.0001593812194187194
  }
}