{
  "predicted_class_idx": 0,
  "confidence": 0.45354151725769043,
  "all_probabilities": [
    0.45354151725769043,
    2.2980610083322972e-05,
    0.11079154163599014,
    0.007144764065742493,
    0.18742911517620087,
    0.0028792989905923605,
    0.2381426841020584,
    4.8042878916021436e-05
  ],
  "std_probabilities": [
    0.38715291023254395,
    4.2947311158059165e-05,
    0.11854857206344604,
    0.013866212218999863,
    0.3661125898361206,
    0.004167743027210236,
    0.3510761260986328,
    8.662924665259197e-05
  ],
  "fold_predictions": [
    [
      0.753055214881897,
      0.0001088203425751999,
      0.20051608979701996,
      0.0002926683519035578,
      5.49608421351877e-06,
      2.975507413793821e-07,
      0.04602139815688133,
      1.1427701451793837e-08
    ],
    [
      0.9600185751914978,
      4.457015165826306e-06,
      0.014278107322752476,
      0.0001502081868238747,
      0.003572312416508794,
      0.0036223793867975473,
      0.01813322864472866,
      0.00022075024025980383
    ],
    [
      0.00025753708905540407,
      1.0533341310292599e-07,
      0.03966081887483597,
      1.2320867426751647e-05,
      0.9195826053619385,
      1.4077730270400934e-07,
      0.04046830162405968,
      1.82180756382877e-05
    ],
    [
      0.016859423369169235,
      7.526003287239291e-07,
      7.139421359170228e-05,
      0.03487599268555641,
      0.013984390534460545,
      4.153536065132357e-05,
      0.9341661930084229,
      1.7463349877289147e-07
    ],
    [
      0.5375170111656189,
      7.677511462134134e-07,
      0.29943129420280457,
      0.00039263037615455687,
      7.892718372204399e-07,
      0.010732142254710197,
      0.15192431211471558,
      1.0600067525956547e-06
    ]
  ],
  "filename": "BP47_asthmaE_WP_L_M60M_filtered_seg2_aug_pitch_shift-highpass_8938c878.wav",
  "feature_type": "mfcc",
  "timestamp": "20251106_112343",
  "predicted_class": "Asthma",
  "class_probabilities": {
    "Asthma": 0.45354151725769043,
    "BRON": 2.2980610083322972e-05,
    "COPD": 0.11079154163599014,
    "Healthy": 0.007144764065742493,
    "Lung Fibrosis": 0.18742911517620087,
    "Plueral Effusion": 0.0028792989905923605,
    "Pneumonia": 0.2381426841020584,
    "RTI": 4.8042878916021436e-05
  }
}