{
  "predicted_class_idx": 3,
  "confidence": 0.8338130712509155,
  "all_probabilities": [
    0.0015701033407822251,
    0.04827844351530075,
    0.014977549202740192,
    0.8338130712509155,
    0.0024415273219347,
    0.00015722661919426173,
    0.05122273415327072,
    0.04753931611776352
  ],
  "std_probabilities": [
    0.003130486235022545,
    0.09630824625492096,
    0.029715482145547867,
    0.23705802857875824,
    0.004882565699517727,
    0.00031408629729412496,
    0.09107907116413116,
    0.04131316766142845
  ],
  "fold_predictions": [
    [
      1.1813638955970873e-08,
      0.00045636846334673464,
      8.464252459816635e-06,
      0.9933428168296814,
      1.5622443072516035e-07,
      1.3407330357040337e-08,
      0.0024431042838841677,
      0.0037492080591619015
    ],
    [
      2.09548511520552e-06,
      3.761519110412337e-05,
      0.0003400529967620969,
      0.8580005764961243,
      6.985259233260876e-07,
      2.709368018827263e-08,
      0.020751969888806343,
      0.12086691707372665
    ],
    [
      8.00852451021683e-09,
      3.1027796012494946e-06,
      3.132023266516626e-05,
      0.967369794845581,
      1.2804910909380851e-08,
      1.8703802950881254e-09,
      1.7513484635856003e-05,
      0.03257818892598152
    ],
    [
      0.007831062190234661,
      0.2408946454524994,
      0.07440804690122604,
      0.36957913637161255,
      0.012206658720970154,
      0.0007853989955037832,
      0.2327212691307068,
      0.06157374382019043
    ],
    [
      1.7339181795250624e-05,
      4.911631208415201e-07,
      9.985910583054647e-05,
      0.9807730913162231,
      1.0992691557021317e-07,
      6.917578616594255e-07,
      0.00017982338613364846,
      0.018928516656160355
    ]
  ],
  "filename": "Healthy_3.wav",
  "feature_type": "concat",
  "timestamp": "20251106_144655",
  "predicted_class": "Healthy",
  "class_probabilities": {
    "Asthma": 0.0015701033407822251,
    "BRON": 0.04827844351530075,
    "COPD": 0.014977549202740192,
    "Healthy": 0.8338130712509155,
    "Lung Fibrosis": 0.0024415273219347,
    "Plueral Effusion": 0.00015722661919426173,
    "Pneumonia": 0.05122273415327072,
    "RTI": 0.04753931611776352
  }
}