{
  "predicted_class_idx": 0,
  "confidence": 0.2793305516242981,
  "all_probabilities": [
    0.2793305516242981,
    0.17683900892734528,
    0.00017577657126821578,
    0.20420388877391815,
    0.0020480272360146046,
    0.05355186015367508,
    0.236475870013237,
    0.04737503081560135
  ],
  "std_probabilities": [
    0.27553462982177734,
    0.21877747774124146,
    0.00023725879145786166,
    0.17473547160625458,
    0.0033029334153980017,
    0.10458235442638397,
    0.3453799784183502,
    0.09423571825027466
  ],
  "fold_predictions": [
    [
      0.14984312653541565,
      0.33136460185050964,
      0.0006330217584036291,
      0.4655860364437103,
      0.000758793146815151,
      0.004490944091230631,
      0.04701203852891922,
      0.0003115955332759768
    ],
    [
      0.010530493222177029,
      0.5344845056533813,
      5.263129423838109e-05,
      0.02404804714024067,
      0.008617783896625042,
      7.545753032900393e-05,
      0.18634530901908875,
      0.23584575951099396
    ],
    [
      0.6136599183082581,
      0.00315678003244102,
      3.304076699350844e-06,
      0.12008699029684067,
      3.175877282046713e-05,
      0.26268988847732544,
      0.00036795262712985277,
      3.3958503991016187e-06
    ],
    [
      0.014026302844285965,
      0.013781711459159851,
      1.0073965313495137e-05,
      0.055973198264837265,
      9.69585744314827e-06,
      6.127947563072667e-05,
      0.9154244065284729,
      0.0007133273757062852
    ],
    [
      0.6085929870605469,
      0.0014073564670979977,
      0.000179851776920259,
      0.35532519221305847,
      0.0008221048046834767,
      0.0004417361051309854,
      0.03322973474860191,
      1.0788033932840335e-06
    ]
  ],
  "filename": "BP48_NNP_L_U31M_filtered_seg2_orig_0088.wav",
  "feature_type": "mel",
  "timestamp": "20251106_114303",
  "predicted_class": "Asthma",
  "class_probabilities": {
    "Asthma": 0.2793305516242981,
    "BRON": 0.17683900892734528,
    "COPD": 0.00017577657126821578,
    "Healthy": 0.20420388877391815,
    "Lung Fibrosis": 0.0020480272360146046,
    "Plueral Effusion": 0.05355186015367508,
    "Pneumonia": 0.236475870013237,
    "RTI": 0.04737503081560135
  }
}