{
  "predicted_class_idx": 7,
  "confidence": 0.4814159870147705,
  "all_probabilities": [
    0.007099927868694067,
    0.27650752663612366,
    1.5721810996183194e-05,
    0.18209804594516754,
    0.049667343497276306,
    0.0008361892541870475,
    0.002359222387894988,
    0.4814159870147705
  ],
  "std_probabilities": [
    0.008269279263913631,
    0.2657107710838318,
    1.4445804481511004e-05,
    0.24106137454509735,
    0.0800691470503807,
    0.0009243511594831944,
    0.0021400887053459883,
    0.3886968493461609
  ],
  "fold_predictions": [
    [
      0.0001306966005358845,
      0.0024639691691845655,
      5.23781409356161e-08,
      3.712709076353349e-05,
      2.0857428353338037e-06,
      6.965134957681585e-07,
      0.002549662021920085,
      0.9948156476020813
    ],
    [
      0.004913680255413055,
      0.261554092168808,
      1.1831437404907774e-05,
      0.650436282157898,
      0.006805334705859423,
      0.00020690562087111175,
      0.0004040613421238959,
      0.07566777616739273
    ],
    [
      0.023205090314149857,
      0.009015502408146858,
      3.235626354580745e-05,
      0.046186573803424835,
      0.030887717381119728,
      0.0004405690124258399,
      0.000506458745803684,
      0.8897256851196289
    ],
    [
      0.005210917443037033,
      0.3946027457714081,
      3.3023625292116776e-05,
      0.042536668479442596,
      0.20828744769096375,
      0.002569825854152441,
      0.006296948064118624,
      0.3404623866081238
    ],
    [
      0.0020392551086843014,
      0.714901328086853,
      1.3453551446218626e-06,
      0.17129355669021606,
      0.00235413433983922,
      0.0009629494161345065,
      0.0020389817655086517,
      0.10640845447778702
    ]
  ],
  "filename": "BP68_asthmaE_WP_R_L_21F_filtered_seg2_aug_add_noise-highpass-change_volume_c8e79fd4.wav",
  "feature_type": "concat",
  "timestamp": "20251106_112434",
  "predicted_class": "RTI",
  "class_probabilities": {
    "Asthma": 0.007099927868694067,
    "BRON": 0.27650752663612366,
    "COPD": 1.5721810996183194e-05,
    "Healthy": 0.18209804594516754,
    "Lung Fibrosis": 0.049667343497276306,
    "Plueral Effusion": 0.0008361892541870475,
    "Pneumonia": 0.002359222387894988,
    "RTI": 0.4814159870147705
  }
}