{
  "predicted_class_idx": 3,
  "confidence": 0.8319096565246582,
  "all_probabilities": [
    0.01881473883986473,
    1.9485917164274724e-06,
    0.017076615244150162,
    0.8319096565246582,
    0.015495185740292072,
    4.593283301801421e-05,
    0.11663313210010529,
    2.2782134692533873e-05
  ],
  "std_probabilities": [
    0.025177575647830963,
    2.626063633215381e-06,
    0.029571019113063812,
    0.09847105294466019,
    0.015397544018924236,
    8.560244896216318e-05,
    0.07975022494792938,
    2.1559058950515464e-05
  ],
  "fold_predictions": [
    [
      0.001461303443647921,
      1.4371895531439804e-06,
      0.002248050644993782,
      0.760064959526062,
      0.00024672315339557827,
      0.00021685501269530505,
      0.23573778569698334,
      2.2931480998522602e-05
    ],
    [
      0.014254246838390827,
      2.2834482749090057e-08,
      0.0008628887007944286,
      0.900357186794281,
      0.01850133389234543,
      3.5219652971818505e-08,
      0.06596001237630844,
      6.420310091925785e-05
    ],
    [
      0.007954415865242481,
      7.1203648985829204e-06,
      0.006107613909989595,
      0.8742331266403198,
      0.007556043099611998,
      1.2724619409709703e-05,
      0.10411866754293442,
      1.020883246383164e-05
    ],
    [
      0.002091518836095929,
      6.923652335899533e-07,
      9.106274956138805e-05,
      0.9467728137969971,
      0.04398691654205322,
      3.7309487055381396e-08,
      0.007044821046292782,
      1.2140136277594138e-05
    ],
    [
      0.06831220537424088,
      4.7020449756018934e-07,
      0.07607345283031464,
      0.6781201958656311,
      0.007184914778918028,
      1.2004838012558139e-08,
      0.1703043431043625,
      4.427122348715784e-06
    ]
  ],
  "filename": "BP72_NNP_R_U24F_filtered_seg2_orig_0100.wav",
  "feature_type": "mfcc",
  "timestamp": "20251106_114335",
  "predicted_class": "Healthy",
  "class_probabilities": {
    "Asthma": 0.01881473883986473,
    "BRON": 1.9485917164274724e-06,
    "COPD": 0.017076615244150162,
    "Healthy": 0.8319096565246582,
    "Lung Fibrosis": 0.015495185740292072,
    "Plueral Effusion": 4.593283301801421e-05,
    "Pneumonia": 0.11663313210010529,
    "RTI": 2.2782134692533873e-05
  }
}