{
  "predicted_class_idx": 5,
  "confidence": 0.6448791027069092,
  "all_probabilities": [
    0.35314518213272095,
    2.7482740279083373e-06,
    5.002869329473469e-06,
    0.0005005701095797122,
    0.0014633395476266742,
    0.6448791027069092,
    3.990617642557481e-06,
    8.48628118887973e-08
  ],
  "std_probabilities": [
    0.41275346279144287,
    5.494860943144886e-06,
    6.351529918902088e-06,
    0.0009956184076145291,
    0.0029266024939715862,
    0.41121166944503784,
    4.982638529327232e-06,
    1.116387551292064e-07
  ],
  "fold_predictions": [
    [
      0.8852576613426208,
      1.2264049368063135e-12,
      1.83748429805064e-08,
      1.2593125153781415e-10,
      1.152300255213845e-09,
      0.11474230140447617,
      1.323788821616656e-11,
      3.583248697758279e-10
    ],
    [
      0.002864426700398326,
      3.1568643505492863e-14,
      3.3841221491748286e-10,
      1.0787086466734763e-05,
      1.3648057972659444e-07,
      0.9971246123313904,
      4.5849479768378387e-10,
      1.2514948929606695e-12
    ],
    [
      0.8310237526893616,
      3.2572287089749352e-09,
      1.5186923519650009e-05,
      1.410619034913907e-07,
      1.5346383719361256e-08,
      0.16894908249378204,
      1.1542974789335858e-05,
      2.770388789485878e-07
    ],
    [
      0.025537217035889626,
      1.3737995686824434e-05,
      9.808678441913798e-06,
      0.002491789637133479,
      0.0073165446519851685,
      0.9646223783493042,
      8.397508281632327e-06,
      1.46880495321966e-07
    ],
    [
      0.02104291319847107,
      1.1529747295790926e-10,
      3.111256044463495e-11,
      1.3245517038740218e-07,
      4.1697253289063596e-11,
      0.9789569973945618,
      1.2131834203898961e-08,
      3.512145088646612e-11
    ]
  ],
  "filename": "BP9_AsthmaE_WP_R_L_59M_filtered_seg2_orig_0073.wav",
  "feature_type": "concat",
  "timestamp": "20251106_120417",
  "predicted_class": "Plueral Effusion",
  "class_probabilities": {
    "Asthma": 0.35314518213272095,
    "BRON": 2.7482740279083373e-06,
    "COPD": 5.002869329473469e-06,
    "Healthy": 0.0005005701095797122,
    "Lung Fibrosis": 0.0014633395476266742,
    "Plueral Effusion": 0.6448791027069092,
    "Pneumonia": 3.990617642557481e-06,
    "RTI": 8.48628118887973e-08
  }
}