{
  "predicted_class_idx": 7,
  "confidence": 0.628059983253479,
  "all_probabilities": [
    0.014437727630138397,
    0.007258315570652485,
    0.0024142051115632057,
    0.2900482416152954,
    0.01549565326422453,
    0.004142316523939371,
    0.03814362362027168,
    0.628059983253479
  ],
  "std_probabilities": [
    0.02704794518649578,
    0.011205073446035385,
    0.002665682462975383,
    0.2544126510620117,
    0.03010457567870617,
    0.008203529752790928,
    0.0395875908434391,
    0.34714239835739136
  ],
  "fold_predictions": [
    [
      0.0006685766275040805,
      0.0013027794193476439,
      0.0004093002062290907,
      0.054458096623420715,
      0.0015184442745521665,
      5.850090929016005e-06,
      0.001194123295135796,
      0.9404429197311401
    ],
    [
      2.2452324628829956e-05,
      0.0005494418437592685,
      0.0006065623601898551,
      0.22375306487083435,
      2.6865429390454665e-05,
      3.34051492245635e-07,
      0.02851373702287674,
      0.7465275526046753
    ],
    [
      1.0967642793957566e-07,
      1.5694707826696686e-06,
      3.779976032092236e-05,
      0.003959209658205509,
      4.597030738295871e-07,
      1.4564711658948681e-09,
      9.075174602912739e-05,
      0.9959101676940918
    ],
    [
      0.06848865747451782,
      0.02938861772418022,
      0.0068207839503884315,
      0.651219367980957,
      0.07569438964128494,
      0.02054893970489502,
      0.05449289083480835,
      0.09334640204906464
    ],
    [
      0.003008841769769788,
      0.005049168132245541,
      0.004196579568088055,
      0.5168514251708984,
      0.00023810310813132674,
      0.00015645740495529026,
      0.10642661899328232,
      0.36407288908958435
    ]
  ],
  "filename": "131_1b1_Al_sc_Meditron_filtered_seg2_aug_pitch_shift-change_volume-time_stretch_5df4a2d6.wav",
  "feature_type": "concat",
  "timestamp": "20251106_115401",
  "predicted_class": "RTI",
  "class_probabilities": {
    "Asthma": 0.014437727630138397,
    "BRON": 0.007258315570652485,
    "COPD": 0.0024142051115632057,
    "Healthy": 0.2900482416152954,
    "Lung Fibrosis": 0.01549565326422453,
    "Plueral Effusion": 0.004142316523939371,
    "Pneumonia": 0.03814362362027168,
    "RTI": 0.628059983253479
  }
}