{
  "predicted_class_idx": 2,
  "confidence": 0.9843584299087524,
  "all_probabilities": [
    0.00019807189528364688,
    0.00010549246508162469,
    0.9843584299087524,
    0.009802899323403835,
    5.72368735447526e-05,
    1.982105095521547e-05,
    0.0011663147015497088,
    0.0042917001992464066
  ],
  "std_probabilities": [
    0.0002587816270533949,
    0.0002047538000624627,
    0.030968228355050087,
    0.019505344331264496,
    0.00011328872642479837,
    3.943800402339548e-05,
    0.0023036946076899767,
    0.008576777763664722
  ],
  "fold_predictions": [
    [
      0.00033388627343811095,
      1.1429242476879153e-05,
      0.999607264995575,
      2.003148438234348e-06,
      5.519777701579187e-08,
      4.032189053759794e-07,
      4.460167474462651e-05,
      3.738184091162111e-07
    ],
    [
      2.1302474806361715e-07,
      2.0446784265715223e-09,
      0.9999836683273315,
      3.7389877434179652e-06,
      3.59492446477816e-07,
      4.206998638345283e-11,
      1.1732065104297362e-05,
      3.192243127614347e-07
    ],
    [
      1.6424390878455597e-06,
      5.814979999740899e-07,
      0.9998056292533875,
      0.00017641499289311469,
      1.8322767800782458e-06,
      5.454854345998683e-09,
      1.4947236195439473e-06,
      1.235497802554164e-05
    ],
    [
      0.000647665758151561,
      0.0005149103235453367,
      0.9224225878715515,
      0.04881337285041809,
      0.00028381063020788133,
      9.869645145954564e-05,
      0.00577359227463603,
      0.021445253863930702
    ],
    [
      6.951999239390716e-06,
      5.392602133724722e-07,
      0.9999730587005615,
      1.896756475616712e-05,
      1.267858920073195e-07,
      9.494197095172296e-11,
      1.5277960585535766e-07,
      1.9911969673103158e-07
    ]
  ],
  "filename": "COPD_1.wav",
  "feature_type": "concat",
  "timestamp": "20251106_144153",
  "predicted_class": "COPD",
  "class_probabilities": {
    "Asthma": 0.00019807189528364688,
    "BRON": 0.00010549246508162469,
    "COPD": 0.9843584299087524,
    "Healthy": 0.009802899323403835,
    "Lung Fibrosis": 5.72368735447526e-05,
    "Plueral Effusion": 1.982105095521547e-05,
    "Pneumonia": 0.0011663147015497088,
    "RTI": 0.0042917001992464066
  }
}