{
  "predicted_class_idx": 7,
  "confidence": 0.9987942576408386,
  "all_probabilities": [
    2.533708993723849e-07,
    0.000674013455864042,
    4.152257133682724e-06,
    0.0003246701671741903,
    6.9040120287411355e-09,
    1.6461068952366986e-08,
    0.00020262505859136581,
    0.9987942576408386
  ],
  "std_probabilities": [
    2.4606333681731485e-07,
    0.0007032564608380198,
    6.91900595484185e-06,
    0.0004862510832026601,
    6.775221716992519e-09,
    2.2779049757559733e-08,
    0.0002182051248382777,
    0.0009753178455866873
  ],
  "fold_predictions": [
    [
      1.799572579841424e-08,
      8.294946383102797e-06,
      1.4283612870258366e-07,
      1.4161121725919656e-05,
      8.641210524906739e-10,
      8.088116287829905e-10,
      0.000194462962099351,
      0.9997828602790833
    ],
    [
      8.378276561415987e-08,
      0.0018122874898836017,
      1.7918031517183408e-05,
      7.874015136621892e-05,
      1.999407528430197e-09,
      8.68062510761547e-09,
      1.205056378239533e-05,
      0.9980789422988892
    ],
    [
      3.7688451470785367e-07,
      0.0011576011311262846,
      2.0490085717028705e-06,
      0.001283765654079616,
      1.2554325579117176e-08,
      6.120126982978036e-08,
      0.0001766557979863137,
      0.9973794221878052
    ],
    [
      6.802002872063895e-07,
      0.0003426337498240173,
      5.288767397360061e-07,
      0.0002337342593818903,
      1.7394651052882182e-08,
      1.129396487442591e-08,
      0.0006114247371442616,
      0.9988110065460205
    ],
    [
      1.0799113425719042e-07,
      4.924986933474429e-05,
      1.2253381953541975e-07,
      1.2949683878105134e-05,
      1.7075558744750197e-09,
      3.2067509758704205e-10,
      1.8531174646341242e-05,
      0.999919056892395
    ]
  ],
  "filename": "164_1b1_Ll_sc_Meditron_filtered_seg1_aug_lowpass-time_stretch_6aa7099f.wav",
  "feature_type": "mel",
  "timestamp": "20251106_115428",
  "predicted_class": "RTI",
  "class_probabilities": {
    "Asthma": 2.533708993723849e-07,
    "BRON": 0.000674013455864042,
    "COPD": 4.152257133682724e-06,
    "Healthy": 0.0003246701671741903,
    "Lung Fibrosis": 6.9040120287411355e-09,
    "Plueral Effusion": 1.6461068952366986e-08,
    "Pneumonia": 0.00020262505859136581,
    "RTI": 0.9987942576408386
  }
}