{
  "predicted_class_idx": 5,
  "confidence": 0.4316632151603699,
  "all_probabilities": [
    5.4887183068785816e-05,
    0.0020155608654022217,
    0.36922091245651245,
    0.1964065283536911,
    4.865082701144274e-06,
    0.4316632151603699,
    3.5514414520321225e-08,
    0.0006339228712022305
  ],
  "std_probabilities": [
    4.849651668337174e-05,
    0.0026165589224547148,
    0.45407259464263916,
    0.35329821705818176,
    5.979610705253435e-06,
    0.4331759810447693,
    5.7843955403313885e-08,
    0.0012378416722640395
  ],
  "fold_predictions": [
    [
      4.580979293677956e-05,
      6.132415364845656e-06,
      5.842148880219611e-07,
      0.0005687525263056159,
      9.557851399222272e-08,
      0.9993754029273987,
      1.498095940632993e-07,
      3.0758656066609547e-06
    ],
    [
      5.919043360336218e-06,
      1.6655869217174768e-07,
      0.8577924370765686,
      0.0002235461288364604,
      1.2182906061752874e-07,
      0.14197777211666107,
      6.718040013176108e-11,
      1.9721762001267962e-08
    ],
    [
      4.970172540197382e-07,
      0.003499771235510707,
      1.737827005854342e-05,
      0.07932312041521072,
      8.982255494949243e-10,
      0.9171028733253479,
      2.1717425635614518e-09,
      5.6293723901035264e-05
    ],
    [
      0.0001113277321564965,
      6.856577238067985e-05,
      1.680096261225117e-06,
      0.9003781676292419,
      1.0247509635519236e-05,
      0.09942904114723206,
      1.3026513201452872e-09,
      9.85365090855339e-07
    ],
    [
      0.00011088232713518664,
      0.006503168027848005,
      0.9882925152778625,
      0.001539067830890417,
      1.3859596947440878e-05,
      0.00043114792788401246,
      2.422090972231672e-08,
      0.0031092397402971983
    ]
  ],
  "filename": "169_1b1_Lr_sc_Meditron_filtered_seg1_aug_add_noise-pitch_shift-highpass_6dc2fbbc.wav",
  "feature_type": "mel",
  "timestamp": "20251106_112728",
  "predicted_class": "Plueral Effusion",
  "class_probabilities": {
    "Asthma": 5.4887183068785816e-05,
    "BRON": 0.0020155608654022217,
    "COPD": 0.36922091245651245,
    "Healthy": 0.1964065283536911,
    "Lung Fibrosis": 4.865082701144274e-06,
    "Plueral Effusion": 0.4316632151603699,
    "Pneumonia": 3.5514414520321225e-08,
    "RTI": 0.0006339228712022305
  }
}