{
  "predicted_class_idx": 0,
  "confidence": 0.5676532983779907,
  "all_probabilities": [
    0.5676532983779907,
    0.0003529295208863914,
    0.0795462355017662,
    0.052768029272556305,
    0.03198185935616493,
    0.26768070459365845,
    3.381507440280984e-06,
    1.3500170098268427e-05
  ],
  "std_probabilities": [
    0.3766977787017822,
    0.0007004482322372496,
    0.13579165935516357,
    0.10411794483661652,
    0.06395333260297775,
    0.3529477119445801,
    4.121882284380263e-06,
    1.395393155689817e-05
  ],
  "fold_predictions": [
    [
      0.947126030921936,
      2.632493689702642e-08,
      0.04886574670672417,
      6.7339316345282896e-09,
      1.1760318585629648e-07,
      0.003977704793214798,
      6.97918895527401e-14,
      3.0331200832733884e-05
    ],
    [
      0.09932911396026611,
      4.4298804208198206e-11,
      8.923022392082203e-07,
      0.002845597453415394,
      1.8994678612216376e-05,
      0.8978055119514465,
      1.233275959654223e-12,
      4.171080980608366e-10
    ],
    [
      0.6501408219337463,
      1.0210281288891565e-05,
      0.3484923243522644,
      1.2948385119671002e-06,
      5.493525350175332e-07,
      0.0013398014707490802,
      8.032398000068497e-06,
      6.871921868878417e-06
    ],
    [
      0.15891626477241516,
      0.0017538043903186917,
      0.0003722337423823774,
      0.26099225878715515,
      0.15988852083683014,
      0.4180378019809723,
      8.8090155259124e-06,
      3.0292389055830427e-05
    ],
    [
      0.9827544093132019,
      6.066022706363583e-07,
      1.4853005048109935e-08,
      9.88848228189454e-07,
      1.1151549870191957e-06,
      0.01724272035062313,
      6.612201275402185e-08,
      4.919648688428424e-09
    ]
  ],
  "filename": "BP88_NNA_R_U29M_filtered_seg1_aug_add_noise-time_stretch_3bb0d422.wav",
  "feature_type": "concat",
  "timestamp": "20251106_114438",
  "predicted_class": "Asthma",
  "class_probabilities": {
    "Asthma": 0.5676532983779907,
    "BRON": 0.0003529295208863914,
    "COPD": 0.0795462355017662,
    "Healthy": 0.052768029272556305,
    "Lung Fibrosis": 0.03198185935616493,
    "Plueral Effusion": 0.26768070459365845,
    "Pneumonia": 3.381507440280984e-06,
    "RTI": 1.3500170098268427e-05
  }
}