{
  "predicted_class_idx": 0,
  "confidence": 0.34888991713523865,
  "all_probabilities": [
    0.34888991713523865,
    0.002951750298961997,
    0.0009367617894895375,
    0.005586250685155392,
    0.19991087913513184,
    0.23513703048229218,
    0.20655612647533417,
    3.1270377803593874e-05
  ],
  "std_probabilities": [
    0.2904492914676666,
    0.004971685353666544,
    0.000991449342109263,
    0.006836038548499346,
    0.38333097100257874,
    0.34586596488952637,
    0.24045102298259735,
    3.94727940147277e-05
  ],
  "fold_predictions": [
    [
      0.6013888716697693,
      0.012784034945070744,
      0.0025368831120431423,
      0.010302767157554626,
      0.004402994178235531,
      0.06327204406261444,
      0.30524957180023193,
      6.279031367739663e-05
    ],
    [
      0.07737210392951965,
      5.32563262822805e-07,
      1.4881862853144412e-06,
      1.1030825589841697e-05,
      0.0012791347689926624,
      0.9210718870162964,
      0.0002637057041283697,
      3.797283376627547e-09
    ],
    [
      0.02558409422636032,
      0.001928493264131248,
      0.000255271588684991,
      0.0006472617969848216,
      0.9663097262382507,
      0.0021474233362823725,
      0.003034278517588973,
      9.347224840894341e-05
    ],
    [
      0.2738749086856842,
      3.482008878563647e-06,
      0.0002326343528693542,
      0.016825608909130096,
      0.027558092027902603,
      0.04830992594361305,
      0.6331952214241028,
      7.233456500443936e-08
    ],
    [
      0.7662295699119568,
      4.220864866510965e-05,
      0.0016575317131355405,
      0.00014458343503065407,
      4.448572326509748e-06,
      0.14088381826877594,
      0.09103783965110779,
      1.3204656923448965e-08
    ]
  ],
  "filename": "BP78_AsthmaE_WP_R_M20M_filtered_seg1_aug_highpass_6a018948.wav",
  "feature_type": "mfcc",
  "timestamp": "20251106_112456",
  "predicted_class": "Asthma",
  "class_probabilities": {
    "Asthma": 0.34888991713523865,
    "BRON": 0.002951750298961997,
    "COPD": 0.0009367617894895375,
    "Healthy": 0.005586250685155392,
    "Lung Fibrosis": 0.19991087913513184,
    "Plueral Effusion": 0.23513703048229218,
    "Pneumonia": 0.20655612647533417,
    "RTI": 3.1270377803593874e-05
  }
}