{
  "predicted_class_idx": 6,
  "confidence": 0.679233193397522,
  "all_probabilities": [
    0.011324772611260414,
    0.012193587608635426,
    0.0006794139626435935,
    0.23487336933612823,
    0.012922133319079876,
    0.0025365399196743965,
    0.679233193397522,
    0.046236999332904816
  ],
  "std_probabilities": [
    0.022306684404611588,
    0.023629961535334587,
    0.0013009539106860757,
    0.1802586019039154,
    0.025818917900323868,
    0.00502441031858325,
    0.29338350892066956,
    0.05052779242396355
  ],
  "fold_predictions": [
    [
      1.6829329751999467e-07,
      3.993724817519251e-07,
      2.2350376127633353e-07,
      0.0006139476899988949,
      1.8963812742356367e-09,
      1.1604095107031753e-07,
      0.9993769526481628,
      8.207265636883676e-06
    ],
    [
      1.8572196495370008e-05,
      5.0127331633120775e-05,
      4.463952427613549e-05,
      0.1967846155166626,
      5.551106369239278e-06,
      1.0295887165057138e-07,
      0.7805627584457397,
      0.02253366820514202
    ],
    [
      3.7668493746423337e-07,
      2.565071497429017e-07,
      1.802523229343933e-06,
      0.10384108871221542,
      2.1992462961861747e-07,
      3.393366299064837e-08,
      0.896122395992279,
      3.3850035833893344e-05
    ],
    [
      0.05593518167734146,
      0.05943995714187622,
      0.003280789591372013,
      0.4982490539550781,
      0.06455995887517929,
      0.012585077434778214,
      0.1772741675376892,
      0.12867581844329834
    ],
    [
      0.000669561792165041,
      0.0014771949499845505,
      6.961473991395906e-05,
      0.3748781979084015,
      4.4932254240848124e-05,
      9.736869105836377e-05,
      0.542829692363739,
      0.07993344962596893
    ]
  ],
  "filename": "226_1b1_Pl_sc_LittC2SE_filtered_seg1_orig_0072.wav",
  "feature_type": "concat",
  "timestamp": "20251106_115200",
  "predicted_class": "Pneumonia",
  "class_probabilities": {
    "Asthma": 0.011324772611260414,
    "BRON": 0.012193587608635426,
    "COPD": 0.0006794139626435935,
    "Healthy": 0.23487336933612823,
    "Lung Fibrosis": 0.012922133319079876,
    "Plueral Effusion": 0.0025365399196743965,
    "Pneumonia": 0.679233193397522,
    "RTI": 0.046236999332904816
  }
}