{
  "predicted_class_idx": 2,
  "confidence": 0.527734637260437,
  "all_probabilities": [
    0.004627745132893324,
    0.0006506180507130921,
    0.527734637260437,
    0.07847696542739868,
    0.00035004998790100217,
    0.00013495978782884777,
    0.3858616352081299,
    0.0021633284632116556
  ],
  "std_probabilities": [
    0.008082369342446327,
    0.0012665677350014448,
    0.33828815817832947,
    0.0762026458978653,
    0.0006570026744157076,
    0.0002679259341675788,
    0.2807433009147644,
    0.00410291226580739
  ],
  "fold_predictions": [
    [
      0.000685727980453521,
      2.8880742775072576e-07,
      0.9559836387634277,
      0.01163267157971859,
      8.21707071736455e-05,
      3.329186483824742e-06,
      0.03131521865725517,
      0.00029688526410609484
    ],
    [
      1.507829892943846e-05,
      4.0081321373008905e-08,
      0.060133058577775955,
      0.17387793958187103,
      2.7400030830904143e-06,
      1.76571948173887e-08,
      0.7658838629722595,
      8.72830132720992e-05
    ],
    [
      1.171779240394244e-05,
      1.5574176392973982e-09,
      0.41840553283691406,
      0.009951972402632236,
      2.5325616093141434e-07,
      1.3734569037637812e-09,
      0.5716280937194824,
      2.3558561679237755e-06
    ],
    [
      0.020746352151036263,
      0.0031831818632781506,
      0.3308376669883728,
      0.16906674206256866,
      0.0016625798307359219,
      0.0006708060391247272,
      0.46346595883369446,
      0.010366754606366158
    ],
    [
      0.0016798499273136258,
      6.957788718864322e-05,
      0.8733134269714355,
      0.027855508029460907,
      2.5060617190320045e-06,
      6.44630858914752e-07,
      0.0970151349902153,
      6.336317164823413e-05
    ]
  ],
  "filename": "130_3p4_Pl_mc_AKGC417L_filtered_seg1_copy_0165.wav",
  "feature_type": "concat",
  "timestamp": "20251106_113051",
  "predicted_class": "COPD",
  "class_probabilities": {
    "Asthma": 0.004627745132893324,
    "BRON": 0.0006506180507130921,
    "COPD": 0.527734637260437,
    "Healthy": 0.07847696542739868,
    "Lung Fibrosis": 0.00035004998790100217,
    "Plueral Effusion": 0.00013495978782884777,
    "Pneumonia": 0.3858616352081299,
    "RTI": 0.0021633284632116556
  }
}