{
  "predicted_class_idx": 5,
  "confidence": 0.8000043630599976,
  "all_probabilities": [
    0.1715356409549713,
    2.42313280551798e-10,
    0.028459962457418442,
    4.948984777541909e-09,
    9.771325082397198e-09,
    0.8000043630599976,
    1.3357280979529006e-14,
    2.7255509047613424e-13
  ],
  "std_probabilities": [
    0.3430686593055725,
    4.82780648791703e-10,
    0.056919924914836884,
    9.88380577382486e-09,
    1.9542650164794395e-08,
    0.39998859167099,
    2.182652455583363e-14,
    4.76688241830836e-13
  ],
  "fold_predictions": [
    [
      3.4718555070867296e-06,
      3.696076864706521e-12,
      4.922228857145994e-12,
      2.830100737094554e-11,
      2.5506491382431933e-16,
      0.999996542930603,
      5.6238976149647346e-14,
      1.4333048365799267e-13
    ],
    [
      1.580203914090415e-15,
      1.9485238279028066e-23,
      3.2528440254949234e-14,
      7.808972930207869e-18,
      3.394685902901977e-20,
      1.0,
      1.0193052793775466e-26,
      1.2199778272668866e-24
    ],
    [
      4.469019415700981e-16,
      1.1089233103718888e-23,
      1.6471245015473405e-30,
      1.384429573010128e-20,
      1.6219277096078037e-31,
      1.0,
      1.2025978425590276e-27,
      3.741229542388211e-26
    ],
    [
      1.7752396388459601e-06,
      1.5762383575097555e-24,
      1.142052183574362e-21,
      3.9008303287816834e-14,
      2.2579750806134306e-19,
      0.9999982118606567,
      6.087488034903925e-28,
      1.7329096577519884e-32
    ],
    [
      0.857672929763794,
      1.2078703592877105e-09,
      0.1422998160123825,
      2.4716584334782965e-08,
      4.885662718834283e-08,
      2.7246664103586227e-05,
      1.054742959503063e-14,
      1.21944500938026e-12
    ]
  ],
  "filename": "BP36_pneumoniaCrepP_R_M36F_filtered_seg2_aug_add_noise_1055dff5.wav",
  "feature_type": "mel",
  "timestamp": "20251106_115211",
  "predicted_class": "Plueral Effusion",
  "class_probabilities": {
    "Asthma": 0.1715356409549713,
    "BRON": 2.42313280551798e-10,
    "COPD": 0.028459962457418442,
    "Healthy": 4.948984777541909e-09,
    "Lung Fibrosis": 9.771325082397198e-09,
    "Plueral Effusion": 0.8000043630599976,
    "Pneumonia": 1.3357280979529006e-14,
    "RTI": 2.7255509047613424e-13
  }
}