{
  "predicted_class_idx": 7,
  "confidence": 0.47124966979026794,
  "all_probabilities": [
    0.0012842665892094374,
    0.009554597549140453,
    0.3222295641899109,
    0.04955301433801651,
    0.0034758797846734524,
    2.3755324946250767e-05,
    0.1426292210817337,
    0.47124966979026794
  ],
  "std_probabilities": [
    0.0017198047135025263,
    0.006430340930819511,
    0.311824232339859,
    0.06464394927024841,
    0.006074670236557722,
    2.537471846153494e-05,
    0.09059012681245804,
    0.3417151868343353
  ],
  "fold_predictions": [
    [
      1.2493538633862045e-05,
      0.0030163659248501062,
      0.754126787185669,
      0.0017230084631592035,
      0.0013446897501125932,
      1.1391410225769505e-05,
      0.10913589596748352,
      0.1306292861700058
    ],
    [
      0.0007378369919024408,
      0.0012965451460331678,
      0.16825458407402039,
      0.16297300159931183,
      6.37125558569096e-05,
      6.339907122310251e-05,
      0.20332324504852295,
      0.4632876217365265
    ],
    [
      0.004659539554268122,
      0.01074807159602642,
      0.04440782964229584,
      0.0812772586941719,
      0.015588182024657726,
      4.3492276745382696e-05,
      0.13197797536849976,
      0.7112976908683777
    ],
    [
      0.0008717546006664634,
      0.015391656197607517,
      0.6374120712280273,
      0.0015813764184713364,
      0.00033254281152039766,
      8.541663731875815e-08,
      0.2684755027294159,
      0.075934998691082
    ],
    [
      0.00013970759755466133,
      0.01732034794986248,
      0.006946574430912733,
      0.0002104379964293912,
      5.0270184146938846e-05,
      4.084411955318501e-07,
      0.00023349143157247454,
      0.9750987887382507
    ]
  ],
  "filename": "COPD_2.wav",
  "feature_type": "mfcc",
  "timestamp": "20251106_144200",
  "predicted_class": "RTI",
  "class_probabilities": {
    "Asthma": 0.0012842665892094374,
    "BRON": 0.009554597549140453,
    "COPD": 0.3222295641899109,
    "Healthy": 0.04955301433801651,
    "Lung Fibrosis": 0.0034758797846734524,
    "Plueral Effusion": 2.3755324946250767e-05,
    "Pneumonia": 0.1426292210817337,
    "RTI": 0.47124966979026794
  }
}