{
  "predicted_class_idx": 2,
  "confidence": 0.6596488356590271,
  "all_probabilities": [
    0.001779109239578247,
    2.231174767075572e-05,
    0.6596488356590271,
    0.030983131378889084,
    0.0012638743501156569,
    0.0007961586816236377,
    0.001157724647782743,
    0.30434882640838623
  ],
  "std_probabilities": [
    0.0034186362754553556,
    2.7721067453967407e-05,
    0.3555786907672882,
    0.05998871847987175,
    0.001593588967807591,
    0.001587502658367157,
    0.001588187413290143,
    0.3352976441383362
  ],
  "fold_predictions": [
    [
      0.00022435399296227843,
      2.956590378744295e-06,
      0.8181900978088379,
      0.0003860213328152895,
      0.0015814786311239004,
      5.785177563666366e-07,
      0.004027197603136301,
      0.1755872368812561
    ],
    [
      8.996360989499408e-09,
      1.333543764303613e-07,
      0.1132349744439125,
      0.0001316493289778009,
      3.625079261837527e-05,
      2.283322601215332e-06,
      2.3689723516184813e-09,
      0.8865947127342224
    ],
    [
      5.6097858760040253e-05,
      6.90714005031623e-05,
      0.9936915636062622,
      0.003460557898506522,
      0.00044064840767532587,
      6.762026259821141e-06,
      1.0625115010043373e-06,
      0.002274204744026065
    ],
    [
      6.765791908946994e-07,
      5.254696233691902e-09,
      0.9991692304611206,
      4.128321506868815e-06,
      1.9818889995804057e-05,
      9.243551701842989e-09,
      1.0978300224451232e-06,
      0.0008050404139794409
    ],
    [
      0.008614408783614635,
      3.9392136386595666e-05,
      0.3739583492279053,
      0.15093331038951874,
      0.0042411754839122295,
      0.003971160389482975,
      0.0017592626390978694,
      0.45648297667503357
    ]
  ],
  "filename": "158_1p4_Tc_mc_AKGC417L_filtered_seg2_copy_0008.wav",
  "feature_type": "mel",
  "timestamp": "20251106_113348",
  "predicted_class": "COPD",
  "class_probabilities": {
    "Asthma": 0.001779109239578247,
    "BRON": 2.231174767075572e-05,
    "COPD": 0.6596488356590271,
    "Healthy": 0.030983131378889084,
    "Lung Fibrosis": 0.0012638743501156569,
    "Plueral Effusion": 0.0007961586816236377,
    "Pneumonia": 0.001157724647782743,
    "RTI": 0.30434882640838623
  }
}