{
  "predicted_class_idx": 7,
  "confidence": 0.9865947961807251,
  "all_probabilities": [
    3.6982856777001416e-09,
    0.010145163163542747,
    2.1115622075740248e-05,
    0.003127703908830881,
    2.187387423968623e-11,
    1.241193513124017e-05,
    9.880527068162337e-05,
    0.9865947961807251
  ],
  "std_probabilities": [
    5.439510175619944e-09,
    0.017547456547617912,
    3.451420343481004e-05,
    0.006232379004359245,
    4.3446950898085035e-11,
    2.482387026248034e-05,
    0.00017239355656784028,
    0.01709679327905178
  ],
  "fold_predictions": [
    [
      1.4020603344988558e-08,
      0.000874346646014601,
      1.664574483584147e-05,
      1.530525111093084e-07,
      4.7838618374811126e-14,
      2.0313347358358325e-12,
      7.131068002763641e-08,
      0.9991087317466736
    ],
    [
      2.6035255548673142e-11,
      7.948314305394888e-06,
      5.163549032793924e-10,
      3.8259284337982535e-05,
      5.540929043715281e-13,
      3.9375376873970747e-14,
      5.1889212045352906e-05,
      0.9999018907546997
    ],
    [
      4.444091761257596e-09,
      0.00133064656984061,
      8.892928599379957e-05,
      0.015592430718243122,
      1.0876676642679328e-10,
      6.205967656569555e-05,
      0.0004412675625644624,
      0.9824846386909485
    ],
    [
      3.369478768265946e-14,
      0.04517177864909172,
      4.2417583583702844e-16,
      7.673541404074058e-06,
      9.589989900038451e-17,
      7.30367880703766e-15,
      7.232612801999494e-07,
      0.9548198580741882
    ],
    [
      6.651940825420921e-13,
      0.0033410927280783653,
      2.56158450007149e-09,
      2.4867488068736066e-09,
      5.8271139268459e-16,
      6.914312330151551e-13,
      7.494547560327192e-08,
      0.9966588020324707
    ]
  ],
  "filename": "210_1b1_Ar_sc_Meditron_filtered_seg2_aug_highpass_267d1477.wav",
  "feature_type": "mel",
  "timestamp": "20251106_115542",
  "predicted_class": "RTI",
  "class_probabilities": {
    "Asthma": 3.6982856777001416e-09,
    "BRON": 0.010145163163542747,
    "COPD": 2.1115622075740248e-05,
    "Healthy": 0.003127703908830881,
    "Lung Fibrosis": 2.187387423968623e-11,
    "Plueral Effusion": 1.241193513124017e-05,
    "Pneumonia": 9.880527068162337e-05,
    "RTI": 0.9865947961807251
  }
}