{
  "predicted_class_idx": 2,
  "confidence": 0.9957576990127563,
  "all_probabilities": [
    0.004241500981152058,
    1.9836354780977672e-10,
    0.9957576990127563,
    1.233363065011872e-07,
    7.235495900204114e-07,
    7.908867311057222e-11,
    1.0710406866953903e-10,
    3.7349286857724096e-11
  ],
  "std_probabilities": [
    0.008452137000858784,
    2.471776394674663e-10,
    0.008451719768345356,
    2.465315276367619e-07,
    1.446953319828026e-06,
    1.22694937543244e-10,
    1.7938607543843688e-10,
    6.791025380925575e-11
  ],
  "fold_predictions": [
    [
      7.682194222979888e-07,
      6.080260184226915e-10,
      0.9999951124191284,
      6.163992907204374e-07,
      3.617456059146207e-06,
      3.1681571255326446e-10,
      7.059493961625307e-11,
      1.7274620622842463e-10
    ],
    [
      8.301122105241338e-14,
      1.0078525618415504e-19,
      1.0,
      6.163041631971312e-20,
      9.46814597479707e-21,
      5.448654245882309e-17,
      1.1497060261671499e-17,
      5.48138927141989e-23
    ],
    [
      0.021145710721611977,
      2.013384424459641e-11,
      0.9788542985916138,
      2.889632977343126e-12,
      4.633362096773119e-11,
      4.6551456943768124e-14,
      2.464196815349373e-12,
      1.6548045621506483e-14
    ],
    [
      6.1028345953673124e-05,
      1.7009293008362486e-13,
      0.99993896484375,
      2.79098466560157e-10,
      5.412924275471909e-11,
      7.856928996297086e-11,
      4.6180417823116215e-10,
      1.0582966523519505e-13
    ],
    [
      2.4675624391012896e-11,
      3.634878509295447e-10,
      1.0,
      2.0462176061625953e-13,
      1.915084757442287e-10,
      1.1773046459159081e-14,
      6.570377380187009e-13,
      1.387785546203002e-11
    ]
  ],
  "filename": "204_2b5_Ar_mc_AKGC417L_filtered_seg2_copy_0076.wav",
  "feature_type": "mel",
  "timestamp": "20251106_113902",
  "predicted_class": "COPD",
  "class_probabilities": {
    "Asthma": 0.004241500981152058,
    "BRON": 1.9836354780977672e-10,
    "COPD": 0.9957576990127563,
    "Healthy": 1.233363065011872e-07,
    "Lung Fibrosis": 7.235495900204114e-07,
    "Plueral Effusion": 7.908867311057222e-11,
    "Pneumonia": 1.0710406866953903e-10,
    "RTI": 3.7349286857724096e-11
  }
}