{
  "predicted_class_idx": 6,
  "confidence": 0.4349513649940491,
  "all_probabilities": [
    0.07840581238269806,
    0.0005754823796451092,
    0.0006638981285504997,
    0.2210564911365509,
    0.2642451822757721,
    7.853349961806089e-05,
    0.4349513649940491,
    2.3245887859957293e-05
  ],
  "std_probabilities": [
    0.0852174162864685,
    0.0010900305351242423,
    0.0006326397997327149,
    0.19939109683036804,
    0.368184894323349,
    0.00013745225442107767,
    0.2673852741718292,
    3.4593980672070757e-05
  ],
  "fold_predictions": [
    [
      0.0022061592899262905,
      2.081087131955428e-06,
      1.2264055158084375e-06,
      0.006660734303295612,
      0.9900199174880981,
      2.6805482278291493e-08,
      0.0011095153167843819,
      3.283056457803468e-07
    ],
    [
      0.02984922006726265,
      2.525831348521024e-07,
      1.5752337958474527e-06,
      0.5518370866775513,
      0.14416001737117767,
      4.199058878384676e-09,
      0.2741517424583435,
      7.12738454922146e-08
    ],
    [
      0.004226391669362783,
      3.336387817398645e-05,
      0.0009409305639564991,
      0.13838568329811096,
      0.16000176966190338,
      6.354073889269785e-08,
      0.6963903307914734,
      2.1419962649815716e-05
    ],
    [
      0.21566008031368256,
      0.002754638437181711,
      0.001686628209426999,
      0.07003551721572876,
      0.009032977744936943,
      0.000351602939190343,
      0.7003879547119141,
      9.062171739060432e-05
    ],
    [
      0.14008717238903046,
      8.707589586265385e-05,
      0.000689130334649235,
      0.338363379240036,
      0.018011193722486496,
      4.0969975088955835e-05,
      0.5027173161506653,
      3.7881768548686523e-06
    ]
  ],
  "filename": "BP52_Lung_FibrosisCrepP_L_L76F_filtered_seg1_orig_0010.wav",
  "feature_type": "concat",
  "timestamp": "20251106_114836",
  "predicted_class": "Pneumonia",
  "class_probabilities": {
    "Asthma": 0.07840581238269806,
    "BRON": 0.0005754823796451092,
    "COPD": 0.0006638981285504997,
    "Healthy": 0.2210564911365509,
    "Lung Fibrosis": 0.2642451822757721,
    "Plueral Effusion": 7.853349961806089e-05,
    "Pneumonia": 0.4349513649940491,
    "RTI": 2.3245887859957293e-05
  }
}