{
  "predicted_class_idx": 5,
  "confidence": 1.0,
  "all_probabilities": [
    2.5939346670611485e-08,
    1.5380053679329162e-15,
    2.0490467300877425e-14,
    4.5883957966452726e-08,
    1.218252082058665e-14,
    1.0,
    1.516575730828914e-14,
    5.60656815333848e-18
  ],
  "std_probabilities": [
    4.2617806172984274e-08,
    2.5659899637091527e-15,
    4.0947165092213716e-14,
    5.5400356302470755e-08,
    1.893332767042427e-14,
    1.1920928955078125e-07,
    2.7112272726914112e-14,
    9.76487292145278e-18
  ],
  "fold_predictions": [
    [
      2.4654032287907413e-11,
      6.612398701640954e-15,
      7.30612962904173e-20,
      9.331553307845297e-09,
      8.02683572685486e-15,
      1.0,
      1.021115278515193e-18,
      2.0657410979906744e-18
    ],
    [
      1.3451364154482004e-11,
      1.5486984971475117e-17,
      6.738258268482286e-17,
      1.3807097332119156e-07,
      2.421187563793662e-15,
      0.9999998807907104,
      6.605288283565228e-15,
      2.5080006984766942e-17
    ],
    [
      1.9227252678888362e-08,
      1.0110160906230095e-15,
      9.954422030903554e-20,
      2.8261564963272257e-11,
      8.250193550485491e-16,
      1.0,
      7.216559906695559e-17,
      8.010114614052055e-20
    ],
    [
      5.420872639660956e-10,
      2.674074040504298e-25,
      3.543040392569381e-28,
      1.1098900661379862e-12,
      6.402837853581014e-18,
      1.0,
      1.6225439813381446e-19,
      5.859999986323184e-24
    ],
    [
      1.0988927812149996e-07,
      5.112408304729709e-17,
      1.0238478223871181e-13,
      8.198787071478364e-08,
      4.963315931752303e-14,
      0.9999997615814209,
      6.915015028684593e-14,
      8.069830333435907e-19
    ]
  ],
  "filename": "BP8_Plueral_EffusionI_C_BP_L_L70M_filtered_seg1_aug_pitch_shift-highpass-lowpass_dfb3759d.wav",
  "feature_type": "mel",
  "timestamp": "20251106_115910",
  "predicted_class": "Plueral Effusion",
  "class_probabilities": {
    "Asthma": 2.5939346670611485e-08,
    "BRON": 1.5380053679329162e-15,
    "COPD": 2.0490467300877425e-14,
    "Healthy": 4.5883957966452726e-08,
    "Lung Fibrosis": 1.218252082058665e-14,
    "Plueral Effusion": 1.0,
    "Pneumonia": 1.516575730828914e-14,
    "RTI": 5.60656815333848e-18
  }
}