{
  "predicted_class_idx": 5,
  "confidence": 0.9963706731796265,
  "all_probabilities": [
    0.001568255596794188,
    2.154979910073962e-07,
    8.746393120873108e-08,
    0.001473913318477571,
    0.0005868623265996575,
    0.9963706731796265,
    1.5332997094219536e-08,
    2.847700297792244e-09
  ],
  "std_probabilities": [
    0.0018563278717920184,
    2.3092263745638775e-07,
    1.6813612546684453e-07,
    0.0025001983158290386,
    0.001046128454618156,
    0.004120154771953821,
    1.5181299772848433e-08,
    4.351516924572252e-09
  ],
  "fold_predictions": [
    [
      0.0006084342603571713,
      3.564602479855239e-07,
      1.3433349543845452e-08,
      2.1383833882282488e-05,
      1.337012872681953e-05,
      0.9993564486503601,
      2.2822975509484422e-08,
      4.6366246952977974e-10
    ],
    [
      0.004922941792756319,
      6.012759854456817e-07,
      3.0243327286960664e-10,
      0.00084520602831617,
      0.0026712948456406593,
      0.9915599226951599,
      7.195857798514282e-11,
      1.4314485360933382e-11
    ],
    [
      1.40452783625733e-07,
      1.1646119624231233e-09,
      1.881377405211701e-13,
      5.712453798878414e-07,
      3.01447733441762e-09,
      0.9999992847442627,
      3.3978177801756437e-13,
      2.5197956984416593e-16
    ],
    [
      9.331465844297782e-05,
      1.9335390177843692e-08,
      6.1574916172812966e-12,
      6.831128848716617e-05,
      9.053967005456798e-06,
      0.9998292922973633,
      1.3442781998662667e-08,
      2.389477726794098e-09
    ],
    [
      0.002216446679085493,
      9.92537039223862e-08,
      4.235775179495249e-07,
      0.006434094160795212,
      0.0002405899140285328,
      0.9911084175109863,
      4.03269346804791e-08,
      1.1371046326758005e-08
    ]
  ],
  "filename": "BP6_Plueral_EffusionI_C_BP_L_R81M_filtered_seg1_aug_highpass-lowpass-pitch_shift_12493027.wav",
  "feature_type": "mel",
  "timestamp": "20251106_115743",
  "predicted_class": "Plueral Effusion",
  "class_probabilities": {
    "Asthma": 0.001568255596794188,
    "BRON": 2.154979910073962e-07,
    "COPD": 8.746393120873108e-08,
    "Healthy": 0.001473913318477571,
    "Lung Fibrosis": 0.0005868623265996575,
    "Plueral Effusion": 0.9963706731796265,
    "Pneumonia": 1.5332997094219536e-08,
    "RTI": 2.847700297792244e-09
  }
}