{
  "predicted_class_idx": 7,
  "confidence": 0.9937821626663208,
  "all_probabilities": [
    1.616108988855558e-06,
    3.356348315719515e-05,
    0.00034912064438685775,
    0.005824605468660593,
    4.722221092379186e-06,
    3.5758143894781824e-06,
    5.71912437408173e-07,
    0.9937821626663208
  ],
  "std_probabilities": [
    2.4096616471069865e-06,
    5.2446237532421947e-05,
    0.000665284285787493,
    0.010405653156340122,
    8.775105015956797e-06,
    7.123035175027326e-06,
    9.687240662969998e-07,
    0.011141874827444553
  ],
  "fold_predictions": [
    [
      1.157350880021113e-06,
      2.993218004121445e-06,
      2.261875670228619e-05,
      0.0001934309402713552,
      1.504871391944107e-07,
      6.626904358597585e-09,
      3.079473174238956e-07,
      0.9997792840003967
    ],
    [
      2.074057314782607e-10,
      2.677620159374783e-06,
      3.0519757387992286e-07,
      0.00013767574273515493,
      8.412450291928053e-09,
      5.862928476041418e-10,
      1.1581762215939762e-09,
      0.9998593330383301
    ],
    [
      6.3601314650441054e-06,
      0.00013705463788937777,
      0.0016793006798252463,
      0.026608863845467567,
      2.225570278824307e-05,
      1.7821837900555693e-05,
      2.495954049663851e-06,
      0.9715257287025452
    ],
    [
      1.4733368303154748e-08,
      9.125623705585895e-07,
      2.240293106581248e-08,
      0.0005683997878804803,
      1.2163668827724905e-07,
      3.31689564703197e-10,
      3.569630979693983e-10,
      0.9994304776191711
    ],
    [
      5.481223865899665e-07,
      2.4179371393984184e-05,
      4.33563363912981e-05,
      0.0016146560665220022,
      1.0748686918304884e-06,
      4.96917067493996e-08,
      5.4145896655199977e-08,
      0.9983161687850952
    ]
  ],
  "filename": "197_1b1_Al_sc_Meditron_filtered_seg1_aug_highpass_08d98c9f.wav",
  "feature_type": "mel",
  "timestamp": "20251106_115537",
  "predicted_class": "RTI",
  "class_probabilities": {
    "Asthma": 1.616108988855558e-06,
    "BRON": 3.356348315719515e-05,
    "COPD": 0.00034912064438685775,
    "Healthy": 0.005824605468660593,
    "Lung Fibrosis": 4.722221092379186e-06,
    "Plueral Effusion": 3.5758143894781824e-06,
    "Pneumonia": 5.71912437408173e-07,
    "RTI": 0.9937821626663208
  }
}