{
  "predicted_class_idx": 2,
  "confidence": 0.9803957939147949,
  "all_probabilities": [
    3.829739580396563e-05,
    0.018539467826485634,
    0.9803957939147949,
    0.00015915947733446956,
    0.00022520931088365614,
    3.086945241648209e-07,
    0.0005236384458839893,
    0.0001181161351269111
  ],
  "std_probabilities": [
    7.128252036636695e-05,
    0.03455229476094246,
    0.034921158105134964,
    0.00028992994339205325,
    0.0004331528034526855,
    5.628593271467253e-07,
    0.0009267941350117326,
    0.00016768045315984637
  ],
  "fold_predictions": [
    [
      1.453385500838067e-08,
      0.0006343996501527727,
      0.9993652701377869,
      1.340999773447038e-07,
      1.4746560916822915e-10,
      5.403265183369366e-13,
      3.474606913300704e-08,
      1.7815990815961413e-07
    ],
    [
      0.00018077473214361817,
      0.08762525767087936,
      0.9106775522232056,
      5.606819468084723e-05,
      0.0010910967830568552,
      1.0500546920866327e-07,
      0.00023453969333786517,
      0.0001346385688520968
    ],
    [
      4.067189820489148e-06,
      0.0025001175235956907,
      0.9939153790473938,
      0.0007374344277195632,
      3.479547012830153e-05,
      1.4315874068415724e-06,
      0.0023686669301241636,
      0.00043808348709717393
    ],
    [
      4.320837732052496e-08,
      0.000210844082175754,
      0.9997768998146057,
      1.1978490874753334e-06,
      1.1537687250040563e-08,
      8.988430832967964e-11,
      1.054270614986308e-05,
      4.801182171831897e-07
    ],
    [
      6.587315510842018e-06,
      0.0017267189687117934,
      0.9982439279556274,
      9.628117823012872e-07,
      1.426181768238166e-07,
      6.789251383310102e-09,
      4.40799612988485e-06,
      1.7200360161950812e-05
    ]
  ],
  "filename": "COPD_1.wav",
  "feature_type": "mfcc",
  "timestamp": "20251106_143445",
  "predicted_class": "COPD",
  "class_probabilities": {
    "Asthma": 3.829739580396563e-05,
    "BRON": 0.018539467826485634,
    "COPD": 0.9803957939147949,
    "Healthy": 0.00015915947733446956,
    "Lung Fibrosis": 0.00022520931088365614,
    "Plueral Effusion": 3.086945241648209e-07,
    "Pneumonia": 0.0005236384458839893,
    "RTI": 0.0001181161351269111
  }
}