{
  "predicted_class_idx": 2,
  "confidence": 0.9599251747131348,
  "all_probabilities": [
    3.5221890470893413e-07,
    0.036743469536304474,
    0.9599251747131348,
    1.0579716445136e-06,
    0.0033297515474259853,
    1.0298530916941218e-09,
    2.7386677370344614e-09,
    2.116102422178301e-07
  ],
  "std_probabilities": [
    6.852388310107926e-07,
    0.07348555326461792,
    0.0737251341342926,
    1.2244211120560067e-06,
    0.005111821461468935,
    1.3985703706254071e-09,
    4.030663802723211e-09,
    3.8795124623902666e-07
  ],
  "fold_predictions": [
    [
      2.5998363414902505e-14,
      1.755870329134268e-07,
      0.9999998807907104,
      3.3496814211275705e-09,
      6.483801828771618e-10,
      5.347815289560853e-13,
      5.2761754145786084e-20,
      4.822644020241462e-11
    ],
    [
      2.6416234533144234e-08,
      1.6821586541482247e-06,
      0.999996542930603,
      1.6321915836670087e-06,
      1.0740951239540664e-07,
      9.611098375494898e-12,
      9.389464900033673e-11,
      6.054676759958966e-08
    ],
    [
      1.173489128092342e-08,
      1.4871161246876596e-10,
      0.9868021607398987,
      1.7095385870802282e-11,
      0.013197776861488819,
      5.458221982029832e-12,
      1.897139926030451e-15,
      4.283355892198415e-09
    ],
    [
      3.82300940904301e-10,
      9.239798259841336e-07,
      0.999997615814209,
      4.5756243594041734e-07,
      2.2250441489291006e-09,
      3.542950821611157e-09,
      1.0422670726484284e-08,
      9.862520755632431e-07
    ],
    [
      1.7225610235982458e-06,
      0.18371456861495972,
      0.8128296136856079,
      3.196737452526577e-06,
      0.0034508707467466593,
      1.5907105632706475e-09,
      3.17677173455877e-09,
      6.920758632844581e-09
    ]
  ],
  "filename": "178_1b6_Pl_mc_AKGC417L_filtered_seg2_copy_0120.wav",
  "feature_type": "concat",
  "timestamp": "20251106_113453",
  "predicted_class": "COPD",
  "class_probabilities": {
    "Asthma": 3.5221890470893413e-07,
    "BRON": 0.036743469536304474,
    "COPD": 0.9599251747131348,
    "Healthy": 1.0579716445136e-06,
    "Lung Fibrosis": 0.0033297515474259853,
    "Plueral Effusion": 1.0298530916941218e-09,
    "Pneumonia": 2.7386677370344614e-09,
    "RTI": 2.116102422178301e-07
  }
}