{
  "predicted_class_idx": 6,
  "confidence": 0.7761579751968384,
  "all_probabilities": [
    0.028284773230552673,
    0.051775455474853516,
    0.09004852920770645,
    0.01884397864341736,
    0.0021890290081501007,
    0.0017089657485485077,
    0.7761579751968384,
    0.030991291627287865
  ],
  "std_probabilities": [
    0.04060661047697067,
    0.06441890448331833,
    0.08919008076190948,
    0.015439843758940697,
    0.002069942420348525,
    0.0023756613954901695,
    0.11473605036735535,
    0.034012943506240845
  ],
  "fold_predictions": [
    [
      0.10880126059055328,
      8.440280362265185e-05,
      0.01983840949833393,
      0.040779225528240204,
      0.0014906416181474924,
      0.0003122190828435123,
      0.7685242295265198,
      0.06016954407095909
    ],
    [
      0.016176017001271248,
      0.002779466798529029,
      0.2184712290763855,
      0.03095179796218872,
      0.000544414040632546,
      0.00023628126655239612,
      0.7201026082038879,
      0.010738197714090347
    ],
    [
      0.00018857042596209794,
      1.9528974007698707e-05,
      0.00022989907301962376,
      6.119983299868181e-05,
      9.65083700066316e-07,
      1.0557660971244331e-05,
      0.9994760155677795,
      1.316971884079976e-05
    ],
    [
      0.005574535112828016,
      0.15424863994121552,
      0.035902850329875946,
      0.01810436137020588,
      0.0031940259505063295,
      0.0016710363561287522,
      0.6985435485839844,
      0.08276107162237167
    ],
    [
      0.01068347692489624,
      0.10174522548913956,
      0.17580024898052216,
      0.004323314409703016,
      0.005715097766369581,
      0.0063147349283099174,
      0.6941434144973755,
      0.0012744683772325516
    ]
  ],
  "filename": "122_2b3_Ar_mc_LittC2SE_filtered_seg1_aug_highpass_fa7dcb46.wav",
  "feature_type": "concat",
  "timestamp": "20251106_115028",
  "predicted_class": "Pneumonia",
  "class_probabilities": {
    "Asthma": 0.028284773230552673,
    "BRON": 0.051775455474853516,
    "COPD": 0.09004852920770645,
    "Healthy": 0.01884397864341736,
    "Lung Fibrosis": 0.0021890290081501007,
    "Plueral Effusion": 0.0017089657485485077,
    "Pneumonia": 0.7761579751968384,
    "RTI": 0.030991291627287865
  }
}