{
  "predicted_class_idx": 1,
  "confidence": 0.9957669377326965,
  "all_probabilities": [
    1.5912897879388765e-06,
    0.9957669377326965,
    0.001895272871479392,
    4.2077910620719194e-05,
    3.69044670378571e-08,
    2.2208852534788548e-09,
    3.5420987387624336e-06,
    0.002290575997903943
  ],
  "std_probabilities": [
    3.0807939310761867e-06,
    0.004938347265124321,
    0.0032243223395198584,
    7.715632818872109e-05,
    3.3961136125526536e-08,
    3.0051057198221542e-09,
    3.467395799816586e-06,
    0.0033117106650024652
  ],
  "fold_predictions": [
    [
      7.75152238929877e-06,
      0.9885425567626953,
      0.008331005461513996,
      0.0001962594542419538,
      6.191785217879442e-08,
      2.2888784201313683e-09,
      8.937991879065521e-06,
      0.0029134275391697884
    ],
    [
      2.2440062308337616e-10,
      0.9999983310699463,
      6.696098466818512e-07,
      1.5213666770819145e-08,
      1.3406813094592185e-13,
      1.5294876476446007e-11,
      1.4922957314311702e-09,
      9.610462257114705e-07
    ],
    [
      1.745270594710746e-07,
      0.9993972778320312,
      0.0005877568037249148,
      8.228937986132223e-06,
      3.6477302955972846e-08,
      7.995839546026673e-09,
      5.931623491051141e-06,
      6.221378612281114e-07
    ],
    [
      3.006610427291889e-08,
      0.991063117980957,
      0.0004114652401767671,
      5.720752142224228e-06,
      8.609342216914229e-08,
      8.014349184293224e-10,
      5.156045190801706e-08,
      0.008519532158970833
    ],
    [
      1.0827393842616218e-10,
      0.9998332262039185,
      0.00014546833699569106,
      1.6521106260825036e-07,
      3.362202530277081e-11,
      2.9779948038793913e-12,
      2.7878252240043366e-06,
      1.8337004803470336e-05
    ]
  ],
  "filename": "BRON_8.wav",
  "feature_type": "mel",
  "timestamp": "20251113_103801",
  "predicted_class": "BRON",
  "class_probabilities": {
    "ASMA": 1.5912897879388765e-06,
    "BRON": 0.9957669377326965,
    "COPD": 0.001895272871479392,
    "Healthy": 4.2077910620719194e-05,
    "Lung Fibrosis": 3.69044670378571e-08,
    "Plueral Effusion": 2.2208852534788548e-09,
    "Pneumonia": 3.5420987387624336e-06,
    "RTI": 0.002290575997903943
  }
}