{
  "predicted_class_idx": 3,
  "confidence": 0.5510685443878174,
  "all_probabilities": [
    0.22013027966022491,
    0.039811618626117706,
    6.129495886852965e-05,
    0.5510685443878174,
    5.26215007994324e-05,
    0.18778033554553986,
    0.0007614794303663075,
    0.0003338093520142138
  ],
  "std_probabilities": [
    0.2848108112812042,
    0.05728745833039284,
    0.00010858105815714225,
    0.34131014347076416,
    4.651413473766297e-05,
    0.36350780725479126,
    0.0009643447701819241,
    0.0006187947001308203
  ],
  "fold_predictions": [
    [
      0.11672819405794144,
      0.14875121414661407,
      0.00027800389216281474,
      0.7298708558082581,
      5.934979344601743e-05,
      0.0003578239993657917,
      0.002384383464232087,
      0.001570161315612495
    ],
    [
      0.00017209918587468565,
      0.046918533742427826,
      4.7368635591737984e-07,
      0.9526926279067993,
      8.435567724518478e-05,
      2.783753370749764e-05,
      2.684078208403662e-05,
      7.732707308605313e-05
    ],
    [
      0.0010019895853474736,
      0.0022255745716392994,
      3.6837555228430574e-09,
      0.08215292543172836,
      6.407385910733865e-08,
      0.9146192669868469,
      1.6612325737241918e-08,
      6.984758016415071e-08
    ],
    [
      0.7664638161659241,
      0.0008861917303875089,
      8.687238732818514e-06,
      0.20975081622600555,
      9.157653266811394e-07,
      0.021508686244487762,
      0.0013645717408508062,
      1.6259844414889812e-05
    ],
    [
      0.2162853181362152,
      0.0002765839162748307,
      1.9306284229969606e-05,
      0.7808755040168762,
      0.00011842219100799412,
      0.0023880808148533106,
      3.158459367114119e-05,
      5.228715508565074e-06
    ]
  ],
  "filename": "BP72_NNP_R_U24F_filtered_seg2_orig_0100.wav",
  "feature_type": "mel",
  "timestamp": "20251106_114336",
  "predicted_class": "Healthy",
  "class_probabilities": {
    "Asthma": 0.22013027966022491,
    "BRON": 0.039811618626117706,
    "COPD": 6.129495886852965e-05,
    "Healthy": 0.5510685443878174,
    "Lung Fibrosis": 5.26215007994324e-05,
    "Plueral Effusion": 0.18778033554553986,
    "Pneumonia": 0.0007614794303663075,
    "RTI": 0.0003338093520142138
  }
}