{
  "predicted_class_idx": 7,
  "confidence": 0.799501359462738,
  "all_probabilities": [
    0.028913820162415504,
    0.07239677011966705,
    0.0039510237984359264,
    0.008973523043096066,
    0.002149726962670684,
    0.0014994244556874037,
    0.08261437714099884,
    0.799501359462738
  ],
  "std_probabilities": [
    0.051835138350725174,
    0.133285254240036,
    0.005510857794433832,
    0.011862320825457573,
    0.0036056481767445803,
    0.0027557259891182184,
    0.16132782399654388,
    0.31596288084983826
  ],
  "fold_predictions": [
    [
      2.3577094907523133e-05,
      2.1424156670946104e-07,
      1.3505094784704852e-06,
      3.5045723052462563e-06,
      8.267881639767438e-06,
      2.68311539652899e-10,
      1.49107481917099e-08,
      0.9999631643295288
    ],
    [
      4.7187359086819924e-07,
      0.00019482163770589978,
      7.90431076893583e-05,
      0.00015515981067437679,
      1.536470506380283e-07,
      6.333356949994595e-09,
      0.0005442603724077344,
      0.9990261793136597
    ],
    [
      1.0970864423143212e-05,
      0.00015558153972961009,
      2.0012762433907483e-06,
      4.5137814595364034e-05,
      0.000244463182752952,
      5.41238080131734e-07,
      0.00013664786820299923,
      0.9994046688079834
    ],
    [
      0.01239466480910778,
      0.33836326003074646,
      0.01410171389579773,
      0.02970549277961254,
      0.009308042004704475,
      0.006997301243245602,
      0.4052250385284424,
      0.1839044988155365
    ],
    [
      0.1321394145488739,
      0.02326996624469757,
      0.005571010522544384,
      0.01495832297950983,
      0.0011877082288265228,
      0.0004992737667635083,
      0.007165916264057159,
      0.8152084946632385
    ]
  ],
  "filename": "188_1b1_Ar_sc_Meditron_filtered_seg1_aug_time_shift-highpass_39a7e13a.wav",
  "feature_type": "concat",
  "timestamp": "20251106_115449",
  "predicted_class": "RTI",
  "class_probabilities": {
    "Asthma": 0.028913820162415504,
    "BRON": 0.07239677011966705,
    "COPD": 0.0039510237984359264,
    "Healthy": 0.008973523043096066,
    "Lung Fibrosis": 0.002149726962670684,
    "Plueral Effusion": 0.0014994244556874037,
    "Pneumonia": 0.08261437714099884,
    "RTI": 0.799501359462738
  }
}