{
  "predicted_class_idx": 3,
  "confidence": 0.8505628705024719,
  "all_probabilities": [
    0.04819587618112564,
    0.008125166408717632,
    0.0026285876519978046,
    0.8505628705024719,
    0.05328453332185745,
    0.0056202285923063755,
    0.02621946856379509,
    0.005363361444324255
  ],
  "std_probabilities": [
    0.0846034586429596,
    0.01622842065989971,
    0.004908200353384018,
    0.27660948038101196,
    0.10618999600410461,
    0.009525567293167114,
    0.0511484369635582,
    0.006044911220669746
  ],
  "fold_predictions": [
    [
      3.744272908079438e-05,
      3.1722560578373304e-08,
      1.641114124595333e-07,
      0.999906063079834,
      1.9499311747495085e-05,
      2.3071656869433355e-06,
      5.593158221017802e-07,
      3.395655221538618e-05
    ],
    [
      0.00037190099828876555,
      1.0526260666665621e-05,
      0.0005601764423772693,
      0.9857263565063477,
      0.0004611279582604766,
      0.00019060970225837082,
      0.001568440580740571,
      0.011111000552773476
    ],
    [
      4.8510140914004296e-05,
      9.883819984679576e-06,
      1.2970884881724487e-06,
      0.9980288147926331,
      0.00024067143385764211,
      0.00016921936185099185,
      0.00019005151989404112,
      0.001311476225964725
    ],
    [
      0.21637918055057526,
      0.04058200493454933,
      0.012436427175998688,
      0.2977196276187897,
      0.265664279460907,
      0.024519052356481552,
      0.12851044535636902,
      0.014189016073942184
    ],
    [
      0.024142345413565636,
      2.3386677639791742e-05,
      0.00014487291628029197,
      0.971433162689209,
      3.706135248648934e-05,
      0.0032199553679674864,
      0.0008278454188257456,
      0.0001713578385533765
    ]
  ],
  "filename": "224_1b2_Al_sc_Meditron_filtered_seg2_orig_0067.wav",
  "feature_type": "concat",
  "timestamp": "20251106_114255",
  "predicted_class": "Healthy",
  "class_probabilities": {
    "Asthma": 0.04819587618112564,
    "BRON": 0.008125166408717632,
    "COPD": 0.0026285876519978046,
    "Healthy": 0.8505628705024719,
    "Lung Fibrosis": 0.05328453332185745,
    "Plueral Effusion": 0.0056202285923063755,
    "Pneumonia": 0.02621946856379509,
    "RTI": 0.005363361444324255
  }
}