{
  "predicted_class_idx": 5,
  "confidence": 0.8183652758598328,
  "all_probabilities": [
    0.1815270334482193,
    7.257010097017069e-12,
    9.704540389066096e-06,
    9.795118967304006e-05,
    4.469444903065778e-08,
    0.8183652758598328,
    1.2279534574530118e-16,
    8.525814602922122e-12
  ],
  "std_probabilities": [
    0.3630540668964386,
    1.4513659371551135e-11,
    1.9409080778132193e-05,
    0.00019590237934608012,
    8.938889806131556e-08,
    0.3632694482803345,
    2.450823129035722e-16,
    1.7051577164139964e-11
  ],
  "fold_predictions": [
    [
      3.594696762476701e-10,
      7.155925450213054e-16,
      8.658897535447532e-17,
      8.374103277128397e-13,
      8.632175114207246e-19,
      1.0,
      1.017367116364562e-18,
      1.0276813182764501e-16
    ],
    [
      2.1097845828233278e-15,
      5.075719204968287e-18,
      6.509469396152495e-20,
      5.050156121197066e-15,
      1.266902629714888e-17,
      1.0,
      5.092058865343987e-29,
      1.2598629935665729e-22
    ],
    [
      2.0306382411309147e-17,
      5.38916638288976e-23,
      4.869411057038354e-31,
      8.119705808855251e-18,
      7.120522940769833e-32,
      1.0,
      1.5700209795593912e-28,
      1.9212745211981193e-22
    ],
    [
      1.3199435988653363e-09,
      5.657582222347998e-25,
      4.4427348875636846e-26,
      4.294102400048683e-12,
      3.23752856585332e-19,
      1.0,
      6.482969834615478e-30,
      2.7027048766052577e-34
    ],
    [
      0.9076351523399353,
      3.628432970748108e-11,
      4.8522702854825184e-05,
      0.0004897559410892427,
      2.2347224160057522e-07,
      0.09182634949684143,
      6.129593627475147e-16,
      4.262896979856379e-11
    ]
  ],
  "filename": "BP26_Lung_FibrosisCrepP90F_filtered_seg1_aug_time_stretch-add_noise-pitch_shift_438bb41b.wav",
  "feature_type": "mel",
  "timestamp": "20251106_114729",
  "predicted_class": "Plueral Effusion",
  "class_probabilities": {
    "Asthma": 0.1815270334482193,
    "BRON": 7.257010097017069e-12,
    "COPD": 9.704540389066096e-06,
    "Healthy": 9.795118967304006e-05,
    "Lung Fibrosis": 4.469444903065778e-08,
    "Plueral Effusion": 0.8183652758598328,
    "Pneumonia": 1.2279534574530118e-16,
    "RTI": 8.525814602922122e-12
  }
}