{
  "predicted_class_idx": 4,
  "confidence": 0.6670135855674744,
  "all_probabilities": [
    0.0627087876200676,
    0.009061567485332489,
    0.0008714522118680179,
    0.1881142258644104,
    0.6670135855674744,
    0.006186035927385092,
    0.05999205261468887,
    0.00605229614302516
  ],
  "std_probabilities": [
    0.07933865487575531,
    0.013979174196720123,
    0.0011991615174338222,
    0.16945317387580872,
    0.18771135807037354,
    0.006158581934869289,
    0.06795699894428253,
    0.01145678386092186
  ],
  "fold_predictions": [
    [
      0.005300653632730246,
      0.0016943966038525105,
      0.00018290533625986427,
      0.2301102727651596,
      0.7456347942352295,
      3.003491110575851e-05,
      0.01699787937104702,
      4.9016180128091946e-05
    ],
    [
      0.06196178123354912,
      0.005068114958703518,
      0.0008830318110994995,
      0.15762953460216522,
      0.7052565217018127,
      0.006090159527957439,
      0.061973556876182556,
      0.001137307146564126
    ],
    [
      0.03009987249970436,
      0.0012322558322921395,
      8.008880831766874e-05,
      0.4899117350578308,
      0.46710205078125,
      0.00814008992165327,
      0.0033151693642139435,
      0.00011880860256496817
    ],
    [
      0.21531596779823303,
      0.0368422269821167,
      0.003188567003235221,
      0.050379712134599686,
      0.4584164321422577,
      0.016662046313285828,
      0.19024460017681122,
      0.028950491920113564
    ],
    [
      0.0008656798745505512,
      0.00047084223479032516,
      2.266811679874081e-05,
      0.012539836578071117,
      0.9586581587791443,
      7.849372195778415e-06,
      0.027429047971963882,
      5.857709311385406e-06
    ]
  ],
  "filename": "BP52_Lung_FibrosisCrepP_L_L76F_filtered_seg1_aug_time_stretch-time_shift-highpass_5d18e3ef.wav",
  "feature_type": "concat",
  "timestamp": "20251106_114823",
  "predicted_class": "Lung Fibrosis",
  "class_probabilities": {
    "Asthma": 0.0627087876200676,
    "BRON": 0.009061567485332489,
    "COPD": 0.0008714522118680179,
    "Healthy": 0.1881142258644104,
    "Lung Fibrosis": 0.6670135855674744,
    "Plueral Effusion": 0.006186035927385092,
    "Pneumonia": 0.05999205261468887,
    "RTI": 0.00605229614302516
  }
}