{
  "predicted_class_idx": 4,
  "confidence": 0.8442896008491516,
  "all_probabilities": [
    0.0036076907999813557,
    0.018423717468976974,
    0.06535302847623825,
    0.06598488986492157,
    0.8442896008491516,
    0.0003803246363531798,
    0.00167161226272583,
    0.00028918980387970805
  ],
  "std_probabilities": [
    0.005034709814935923,
    0.032728031277656555,
    0.08567086607217789,
    0.12702427804470062,
    0.1491643637418747,
    0.0003530820249579847,
    0.003337642876431346,
    0.0002910830662585795
  ],
  "fold_predictions": [
    [
      0.01346266083419323,
      0.008562272414565086,
      0.00014197239943314344,
      0.3199627697467804,
      0.6561003923416138,
      0.000969554006587714,
      9.35618572839303e-06,
      0.0007909886189736426
    ],
    [
      0.00267905555665493,
      1.1931457599700934e-08,
      0.10026349127292633,
      1.3163376024749596e-06,
      0.8969686627388,
      8.685363718541339e-05,
      4.95678648348985e-07,
      1.3252106612071657e-07
    ],
    [
      0.0018429263727739453,
      0.08354324847459793,
      0.21896366775035858,
      0.008149896748363972,
      0.6782881617546082,
      0.0005672675906680524,
      0.00834689475595951,
      0.00029792069108225405
    ],
    [
      1.5599955077050254e-05,
      4.914593731975003e-10,
      3.6464840036387614e-08,
      1.1300310021056248e-08,
      0.9999842643737793,
      1.0323612542606497e-07,
      8.988567667955749e-10,
      2.8009576880094755e-09
    ],
    [
      3.820942947641015e-05,
      1.3054171176918317e-05,
      0.007395995315164328,
      0.0018104936461895704,
      0.9901061654090881,
      0.0002778447524178773,
      1.3144333479431225e-06,
      0.0003569045220501721
    ]
  ],
  "filename": "215_1b3_Tc_sc_Meditron_filtered_seg3_aug_change_volume-lowpass_2866bbdd.wav",
  "feature_type": "mel",
  "timestamp": "20251106_112944",
  "predicted_class": "Lung Fibrosis",
  "class_probabilities": {
    "Asthma": 0.0036076907999813557,
    "BRON": 0.018423717468976974,
    "COPD": 0.06535302847623825,
    "Healthy": 0.06598488986492157,
    "Lung Fibrosis": 0.8442896008491516,
    "Plueral Effusion": 0.0003803246363531798,
    "Pneumonia": 0.00167161226272583,
    "RTI": 0.00028918980387970805
  }
}