{
  "predicted_class_idx": 4,
  "confidence": 0.44388407468795776,
  "all_probabilities": [
    0.05535898730158806,
    0.007000288926064968,
    0.0007831534603610635,
    0.34171387553215027,
    0.44388407468795776,
    0.011146614328026772,
    0.13546252250671387,
    0.004650489427149296
  ],
  "std_probabilities": [
    0.06106105074286461,
    0.006867275107651949,
    0.0010601794347167015,
    0.34949570894241333,
    0.3169829547405243,
    0.011157326400279999,
    0.09197723120450974,
    0.007382308132946491
  ],
  "fold_predictions": [
    [
      0.015706444159150124,
      0.0016625365242362022,
      0.0005063498392701149,
      0.6697103381156921,
      0.15808185935020447,
      0.00026348052779212594,
      0.15393994748592377,
      0.00012911441444884986
    ],
    [
      0.0434718020260334,
      0.015026463195681572,
      0.00035243036109022796,
      0.07252125442028046,
      0.6502851247787476,
      0.006709126755595207,
      0.2081398218870163,
      0.0034939954057335854
    ],
    [
      0.035003624856472015,
      0.0023185061290860176,
      0.0001792254624888301,
      0.8533958196640015,
      0.075702965259552,
      0.026664480566978455,
      0.006299546919763088,
      0.0004357037541922182
    ],
    [
      0.17476262152194977,
      0.01570996083319187,
      0.0028764260932803154,
      0.11189895123243332,
      0.4008564054965973,
      0.022081399336457253,
      0.25262534618377686,
      0.019188880920410156
    ],
    [
      0.007850435562431812,
      0.0002839820517692715,
      1.3353096619539429e-06,
      0.0010430780239403248,
      0.934493899345398,
      1.4583116353605874e-05,
      0.05630794167518616,
      4.754280780616682e-06
    ]
  ],
  "filename": "BP105_Lung_FibrosisCrepA_U_R44M_filtered_seg2_aug_highpass_45fe7761.wav",
  "feature_type": "concat",
  "timestamp": "20251106_114856",
  "predicted_class": "Lung Fibrosis",
  "class_probabilities": {
    "Asthma": 0.05535898730158806,
    "BRON": 0.007000288926064968,
    "COPD": 0.0007831534603610635,
    "Healthy": 0.34171387553215027,
    "Lung Fibrosis": 0.44388407468795776,
    "Plueral Effusion": 0.011146614328026772,
    "Pneumonia": 0.13546252250671387,
    "RTI": 0.004650489427149296
  }
}