{
  "predicted_class_idx": 6,
  "confidence": 0.9965810775756836,
  "all_probabilities": [
    1.8196118389823823e-06,
    1.2113903721910901e-05,
    0.0023472621105611324,
    0.0010037713218480349,
    1.1325441917620083e-08,
    2.3158756690122573e-08,
    0.9965810775756836,
    5.38842286914587e-05
  ],
  "std_probabilities": [
    2.7647888600768056e-06,
    1.3962009688839316e-05,
    0.0023102913983166218,
    0.0012373781064525247,
    9.834588254875598e-09,
    3.743044629800352e-08,
    0.0032960947137326,
    6.881134322611615e-05
  ],
  "fold_predictions": [
    [
      2.011814714819593e-08,
      8.455739219925817e-08,
      1.6185185813810676e-05,
      4.29646661359584e-06,
      5.425757176880097e-09,
      2.2120982129392175e-11,
      0.9999750852584839,
      4.2896658669633325e-06
    ],
    [
      2.507748888547212e-07,
      1.233830516866874e-05,
      0.0017158130649477243,
      0.0019357658457010984,
      4.996084435049397e-09,
      8.317906363686234e-09,
      0.9961633682250977,
      0.00017245217168238014
    ],
    [
      7.220507995953085e-06,
      9.977167792385444e-06,
      0.004011227283626795,
      8.723916107555851e-05,
      2.4351896499297254e-08,
      9.655082955362104e-09,
      0.9957923889160156,
      9.183576912619174e-05
    ],
    [
      1.6066319385998895e-09,
      3.5744840420903756e-09,
      6.03315384068992e-05,
      1.8250525499752257e-06,
      1.4851812271329812e-12,
      2.0574146553098416e-10,
      0.9999377727508545,
      7.611829744291754e-08
    ],
    [
      1.6050516933319159e-06,
      3.8165915611898527e-05,
      0.0059327539056539536,
      0.0029897296335548162,
      2.1851983333931457e-08,
      9.759293106981204e-08,
      0.9910368919372559,
      7.674244102418015e-07
    ]
  ],
  "filename": "135_2b2_Al_mc_LittC2SE_filtered_seg1_orig_0026.wav",
  "feature_type": "mel",
  "timestamp": "20251106_115044",
  "predicted_class": "Pneumonia",
  "class_probabilities": {
    "Asthma": 1.8196118389823823e-06,
    "BRON": 1.2113903721910901e-05,
    "COPD": 0.0023472621105611324,
    "Healthy": 0.0010037713218480349,
    "Lung Fibrosis": 1.1325441917620083e-08,
    "Plueral Effusion": 2.3158756690122573e-08,
    "Pneumonia": 0.9965810775756836,
    "RTI": 5.38842286914587e-05
  }
}