{
  "predicted_class_idx": 6,
  "confidence": 0.9997959136962891,
  "all_probabilities": [
    1.8462753814674215e-07,
    5.2910861995769665e-05,
    3.7515936128329486e-05,
    1.608358979865443e-05,
    8.623877612023989e-09,
    3.500768008812827e-10,
    0.9997959136962891,
    9.742377733346075e-05
  ],
  "std_probabilities": [
    3.185935213423363e-07,
    0.00010502253280719742,
    3.438729982008226e-05,
    2.561634755693376e-05,
    1.1407199629331899e-08,
    4.1589562349564346e-10,
    0.0002765896206256002,
    0.00017170107457786798
  ],
  "fold_predictions": [
    [
      9.353687602242644e-08,
      6.409097750292858e-07,
      9.037319978233427e-05,
      4.247463948559016e-06,
      2.9417474678439248e-08,
      6.72158106951315e-10,
      0.99985671043396,
      4.7966052079573274e-05
    ],
    [
      8.179883366210561e-07,
      0.00026295549469068646,
      3.899627336068079e-05,
      3.1316983495344175e-06,
      1.247493841560754e-08,
      1.0107596981612232e-09,
      0.9992552399635315,
      0.0004388194065541029
    ],
    [
      9.411655454982792e-09,
      4.771223984789685e-07,
      6.77907848967152e-07,
      5.747540853917599e-06,
      1.2104938162948997e-09,
      2.4278506722402726e-13,
      0.9999929666519165,
      1.2795123893738491e-07
    ],
    [
      1.7082429915049602e-09,
      4.806647666555364e-07,
      5.710512414225377e-05,
      6.718259828630835e-05,
      1.4821345539761666e-11,
      6.462297363896141e-11,
      0.9998749494552612,
      2.053356666920081e-07
    ],
    [
      4.925431729141394e-10,
      1.1126842502928724e-10,
      4.271952036560833e-07,
      1.0864899024909391e-07,
      1.6588450448343228e-12,
      2.60045782650431e-12,
      0.9999994039535522,
      1.5176830625573956e-10
    ]
  ],
  "filename": "135_2b1_Pl_mc_LittC2SE_filtered_seg1_aug_change_volume-time_shift-lowpass_61abea33.wav",
  "feature_type": "mel",
  "timestamp": "20251106_115036",
  "predicted_class": "Pneumonia",
  "class_probabilities": {
    "Asthma": 1.8462753814674215e-07,
    "BRON": 5.2910861995769665e-05,
    "COPD": 3.7515936128329486e-05,
    "Healthy": 1.608358979865443e-05,
    "Lung Fibrosis": 8.623877612023989e-09,
    "Plueral Effusion": 3.500768008812827e-10,
    "Pneumonia": 0.9997959136962891,
    "RTI": 9.742377733346075e-05
  }
}