{
  "predicted_class_idx": 2,
  "confidence": 0.9630209803581238,
  "all_probabilities": [
    0.0015865368768572807,
    0.009934326633810997,
    0.9630209803581238,
    0.01693042367696762,
    0.005053299013525248,
    3.192369331372902e-05,
    1.9969553250120953e-05,
    0.0034225620329380035
  ],
  "std_probabilities": [
    0.0030856935773044825,
    0.019745243713259697,
    0.04991967976093292,
    0.0329248271882534,
    0.008114052936434746,
    4.88014193251729e-05,
    2.0271480025257915e-05,
    0.006125106010586023
  ],
  "fold_predictions": [
    [
      0.007757213898003101,
      0.00024572989786975086,
      0.8722952008247375,
      0.08276405185461044,
      0.021159062162041664,
      0.00012636263272725046,
      1.552659523440525e-05,
      0.015636855736374855
    ],
    [
      1.582294203217316e-06,
      8.339005701241131e-12,
      0.9999974966049194,
      1.2154388606688826e-09,
      3.20451970514668e-10,
      1.5027283861712704e-09,
      9.307897244070773e-07,
      1.2476616094436732e-11
    ],
    [
      0.00012970747775398195,
      0.04942435398697853,
      0.9453669786453247,
      0.0018787565641105175,
      0.0029031478334218264,
      3.217147968825884e-05,
      5.498574682860635e-05,
      0.0002099565463140607
    ],
    [
      4.264036761014722e-05,
      1.219228010995721e-06,
      0.9992551207542419,
      2.061854047497036e-06,
      0.0006693988689221442,
      9.520660171347117e-08,
      2.7982645406154916e-05,
      1.5048996147015714e-06
    ],
    [
      1.5405150861624861e-06,
      3.303546236566035e-07,
      0.9981901049613953,
      7.2517473199695814e-06,
      0.0005348839913494885,
      9.87648832051491e-07,
      4.220008520405827e-07,
      0.0012644925154745579
    ]
  ],
  "filename": "215_1b3_Tc_sc_Meditron_filtered_seg2_orig_0068.wav",
  "feature_type": "mel",
  "timestamp": "20251106_112931",
  "predicted_class": "COPD",
  "class_probabilities": {
    "Asthma": 0.0015865368768572807,
    "BRON": 0.009934326633810997,
    "COPD": 0.9630209803581238,
    "Healthy": 0.01693042367696762,
    "Lung Fibrosis": 0.005053299013525248,
    "Plueral Effusion": 3.192369331372902e-05,
    "Pneumonia": 1.9969553250120953e-05,
    "RTI": 0.0034225620329380035
  }
}