{
  "predicted_class_idx": 6,
  "confidence": 0.5793110132217407,
  "all_probabilities": [
    0.17410801351070404,
    0.0020863134413957596,
    0.000534079154022038,
    0.1921597421169281,
    0.05118653178215027,
    0.000501039030496031,
    0.5793110132217407,
    0.00011324391380185261
  ],
  "std_probabilities": [
    0.1267593801021576,
    0.0036909030750393867,
    0.0004629288159776479,
    0.1715541034936905,
    0.04801677167415619,
    0.0007986531127244234,
    0.21425487101078033,
    0.00015178509056568146
  ],
  "fold_predictions": [
    [
      0.3166826367378235,
      0.0005858992226421833,
      0.0002717160386964679,
      0.13164770603179932,
      0.12494537234306335,
      3.5295288398629054e-05,
      0.4257652759552002,
      6.60577934468165e-05
    ],
    [
      0.06179921701550484,
      4.1633851651567966e-05,
      9.227602276951075e-05,
      0.5091259479522705,
      0.08800279349088669,
      3.4411286264912633e-07,
      0.34092628955841064,
      1.152883305621799e-05
    ],
    [
      0.020898327231407166,
      0.00011539311526576057,
      0.0003075471904594451,
      0.015237617306411266,
      0.0036704223603010178,
      1.0217969474979327e-06,
      0.9597002267837524,
      6.948163354536518e-05
    ],
    [
      0.3260456621646881,
      0.009458653628826141,
      0.0014013453619554639,
      0.08696945756673813,
      0.03524947911500931,
      0.0020698378793895245,
      0.5383933186531067,
      0.00041224079905077815
    ],
    [
      0.1451142281293869,
      0.0002299868647241965,
      0.0005975110689178109,
      0.21781794726848602,
      0.004064580425620079,
      0.00039869590546004474,
      0.631770133972168,
      6.910501269885572e-06
    ]
  ],
  "filename": "BP8_Plueral_EffusionI_C_BP_L_L70M_filtered_seg3_aug_time_shift_7e866f61plueral.wav",
  "feature_type": "concat",
  "timestamp": "20251106_115921",
  "predicted_class": "Pneumonia",
  "class_probabilities": {
    "Asthma": 0.17410801351070404,
    "BRON": 0.0020863134413957596,
    "COPD": 0.000534079154022038,
    "Healthy": 0.1921597421169281,
    "Lung Fibrosis": 0.05118653178215027,
    "Plueral Effusion": 0.000501039030496031,
    "Pneumonia": 0.5793110132217407,
    "RTI": 0.00011324391380185261
  }
}