{
  "predicted_class_idx": 1,
  "confidence": 0.7992427945137024,
  "all_probabilities": [
    0.005145682953298092,
    0.7992427945137024,
    0.0024956297129392624,
    0.009122712537646294,
    0.002008749870583415,
    0.001409559277817607,
    0.13542038202285767,
    0.04515456408262253
  ],
  "std_probabilities": [
    0.009992257691919804,
    0.3375021517276764,
    0.002007870003581047,
    0.012620762921869755,
    0.003967650234699249,
    0.0028129825368523598,
    0.25122109055519104,
    0.06562774628400803
  ],
  "fold_predictions": [
    [
      1.0651176125975326e-05,
      0.97247314453125,
      0.00042466141167096794,
      3.7835395687579876e-06,
      7.228135814330017e-07,
      5.102858136041277e-10,
      6.644449058512691e-06,
      0.027080321684479713
    ],
    [
      9.492674871580675e-05,
      0.9040007591247559,
      0.0022311105858534575,
      0.03216920793056488,
      3.005470171046909e-05,
      3.1725401186122326e-06,
      0.038377489894628525,
      0.02309335581958294
    ],
    [
      0.0003107752709183842,
      0.9942272901535034,
      0.004109934438019991,
      3.890001494255557e-07,
      2.0651190425269306e-05,
      6.301850589807145e-06,
      0.0003601396456360817,
      0.0009645749814808369
    ],
    [
      0.025129210203886032,
      0.1276213675737381,
      0.005399132147431374,
      0.013329200446605682,
      0.009943990968167782,
      0.007035522721707821,
      0.6370077133178711,
      0.1745339334011078
    ],
    [
      0.00018285049009136856,
      0.9978911280632019,
      0.00031330951605923474,
      0.0001109851582441479,
      4.8329835408367217e-05,
      2.7988437523163157e-06,
      0.0013499236665666103,
      0.00010063162335427478
    ]
  ],
  "filename": "201_1b1_Al_sc_Meditron_filtered_seg3_aug_highpass_0baddcaf.wav",
  "feature_type": "concat",
  "timestamp": "20251106_112800",
  "predicted_class": "BRON",
  "class_probabilities": {
    "Asthma": 0.005145682953298092,
    "BRON": 0.7992427945137024,
    "COPD": 0.0024956297129392624,
    "Healthy": 0.009122712537646294,
    "Lung Fibrosis": 0.002008749870583415,
    "Plueral Effusion": 0.001409559277817607,
    "Pneumonia": 0.13542038202285767,
    "RTI": 0.04515456408262253
  }
}