{
  "predicted_class_idx": 5,
  "confidence": 0.54533451795578,
  "all_probabilities": [
    0.41411250829696655,
    0.0075273229740560055,
    2.5571273454261245e-07,
    0.030726443976163864,
    0.0021561747416853905,
    0.54533451795578,
    0.00014261718024499714,
    1.5157128530063346e-07
  ],
  "std_probabilities": [
    0.35982534289360046,
    0.0105287479236722,
    2.4352826244466996e-07,
    0.025265170261263847,
    0.004103272687643766,
    0.37921321392059326,
    0.0002577099949121475,
    2.3225996415021655e-07
  ],
  "fold_predictions": [
    [
      0.013006025925278664,
      0.010775739327073097,
      6.67084918859473e-07,
      0.012682871893048286,
      0.010356750339269638,
      0.952519953250885,
      0.0006574549479410052,
      5.996614618197782e-07
    ],
    [
      0.5379456877708435,
      0.026859989389777184,
      1.591248803833878e-07,
      0.0565970204770565,
      0.0004088665300514549,
      0.3781616985797882,
      2.635052805999294e-05,
      1.581101685133035e-07
    ],
    [
      0.0008753664442338049,
      6.841144681857259e-07,
      1.3496600538565051e-11,
      6.99683539551188e-07,
      1.683124334350694e-10,
      0.9991232752799988,
      4.689818533520906e-10,
      3.081274384947319e-12
    ],
    [
      0.5833235383033752,
      1.6896858356929556e-09,
      6.67239703489031e-08,
      0.019921164959669113,
      1.0209598721999669e-09,
      0.39675474166870117,
      4.909364292871032e-07,
      5.324143903528977e-12
    ],
    [
      0.9354118704795837,
      2.001522858563476e-07,
      3.8561640280931897e-07,
      0.06443046778440475,
      1.5255867765517905e-05,
      0.00011309322144370526,
      2.8789019779651426e-05,
      7.636696830459755e-11
    ]
  ],
  "filename": "BP47_asthmaE_WP_L_M60M_filtered_seg1_orig_0040.wav",
  "feature_type": "mel",
  "timestamp": "20251106_112338",
  "predicted_class": "Plueral Effusion",
  "class_probabilities": {
    "Asthma": 0.41411250829696655,
    "BRON": 0.0075273229740560055,
    "COPD": 2.5571273454261245e-07,
    "Healthy": 0.030726443976163864,
    "Lung Fibrosis": 0.0021561747416853905,
    "Plueral Effusion": 0.54533451795578,
    "Pneumonia": 0.00014261718024499714,
    "RTI": 1.5157128530063346e-07
  }
}