{
  "predicted_class_idx": 4,
  "confidence": 0.6808375120162964,
  "all_probabilities": [
    0.026346778497099876,
    0.0009531356627121568,
    2.2139804059406742e-05,
    0.035885803401470184,
    0.6808375120162964,
    0.23005148768424988,
    0.025710031390190125,
    0.00019313464872539043
  ],
  "std_probabilities": [
    0.02352740801870823,
    0.001150508993305266,
    3.550411929609254e-05,
    0.055520638823509216,
    0.3564644455909729,
    0.37887465953826904,
    0.04271254688501358,
    0.0002505759766791016
  ],
  "fold_predictions": [
    [
      0.04053637757897377,
      0.0019125223625451326,
      9.177428000839427e-05,
      0.021947937086224556,
      0.7902510166168213,
      0.03451734408736229,
      0.11012407392263412,
      0.0006188930128701031
    ],
    [
      1.2298572983127087e-05,
      9.74568392848596e-05,
      2.701435741769842e-09,
      0.001010104431770742,
      0.9985916018486023,
      1.3844059139955789e-05,
      0.00027188833337277174,
      2.8523859327833634e-06
    ],
    [
      0.016878146678209305,
      1.440228516003117e-05,
      2.7793060297653938e-08,
      0.0012028695782646537,
      0.0005157231353223324,
      0.98138427734375,
      4.496470864978619e-06,
      3.259263436916626e-08
    ],
    [
      0.009318141266703606,
      0.0027373763732612133,
      7.135124633350642e-07,
      0.1458740383386612,
      0.6901237964630127,
      0.13432036340236664,
      0.017282921820878983,
      0.0003426490002311766
    ],
    [
      0.06498892605304718,
      3.920400104107102e-06,
      1.818074451875873e-05,
      0.0093940868973732,
      0.9247052669525146,
      2.157968992833048e-05,
      0.0008667747606523335,
      1.2462518270695e-06
    ]
  ],
  "filename": "BP105_Lung_FibrosisCrepA_U_R44M_filtered_seg3_aug_lowpass-pitch_shift_5237d94b.wav",
  "feature_type": "mel",
  "timestamp": "20251106_114929",
  "predicted_class": "Lung Fibrosis",
  "class_probabilities": {
    "Asthma": 0.026346778497099876,
    "BRON": 0.0009531356627121568,
    "COPD": 2.2139804059406742e-05,
    "Healthy": 0.035885803401470184,
    "Lung Fibrosis": 0.6808375120162964,
    "Plueral Effusion": 0.23005148768424988,
    "Pneumonia": 0.025710031390190125,
    "RTI": 0.00019313464872539043
  }
}