{
  "predicted_class_idx": 1,
  "confidence": 0.9977751970291138,
  "all_probabilities": [
    4.628097940440057e-06,
    0.9977751970291138,
    1.1773770580703058e-07,
    0.0015176876913756132,
    0.0001738187565933913,
    1.4703587112308014e-06,
    1.884711650745885e-06,
    0.0005252672708593309
  ],
  "std_probabilities": [
    7.36279889679281e-06,
    0.0028672716580331326,
    2.3441450025529775e-07,
    0.0030331125017255545,
    0.00033353938488289714,
    2.8329836823104415e-06,
    3.0923274607630447e-06,
    0.000961790035944432
  ],
  "fold_predictions": [
    [
      1.9000264728674665e-05,
      0.9989990592002869,
      5.865641128366406e-07,
      1.3265068332657393e-07,
      0.0008405314292758703,
      7.133925009839004e-06,
      7.965363693074323e-06,
      0.00012554631393868476
    ],
    [
      1.5411449894031648e-11,
      0.9975519776344299,
      8.8082922899968e-11,
      1.2322784641582984e-06,
      3.265818449005309e-10,
      2.1414034279132466e-07,
      6.93103005544593e-11,
      0.002446637488901615
    ],
    [
      4.140104465477634e-06,
      0.992327868938446,
      2.033383017518986e-09,
      0.007583911996334791,
      2.85367696051253e-05,
      3.724594410670079e-09,
      1.458123733755201e-06,
      5.415115811047144e-05
    ],
    [
      1.0716196680027323e-10,
      0.9999967813491821,
      2.897164062473645e-12,
      3.161354015901452e-06,
      2.5249475399391486e-08,
      3.428224501153543e-12,
      1.9864216608406204e-12,
      1.5954429999354147e-09
    ],
    [
      1.6667267674701562e-20,
      1.0,
      1.3687746952414217e-21,
      3.286733474901389e-14,
      2.4521893847093135e-13,
      4.465205663911577e-22,
      4.763693178325688e-16,
      6.272421699469706e-15
    ]
  ],
  "filename": "215_1b3_Tc_sc_Meditron_filtered_seg3_aug_change_volume-lowpass_2866bbdd.wav",
  "feature_type": "mfcc",
  "timestamp": "20251106_112942",
  "predicted_class": "BRON",
  "class_probabilities": {
    "Asthma": 4.628097940440057e-06,
    "BRON": 0.9977751970291138,
    "COPD": 1.1773770580703058e-07,
    "Healthy": 0.0015176876913756132,
    "Lung Fibrosis": 0.0001738187565933913,
    "Plueral Effusion": 1.4703587112308014e-06,
    "Pneumonia": 1.884711650745885e-06,
    "RTI": 0.0005252672708593309
  }
}