{
  "predicted_class_idx": 4,
  "confidence": 0.6955410242080688,
  "all_probabilities": [
    0.22211091220378876,
    0.009207167662680149,
    1.781888954610622e-06,
    0.07068924605846405,
    0.6955410242080688,
    1.055834218277596e-05,
    0.002190022962167859,
    0.00024925946490839124
  ],
  "std_probabilities": [
    0.21360956132411957,
    0.007680112961679697,
    2.2294759673968656e-06,
    0.07044395059347153,
    0.24180667102336884,
    1.6529374988749623e-05,
    0.0026123810093849897,
    0.0002804512332659215
  ],
  "fold_predictions": [
    [
      0.007533308584243059,
      0.0012011203216388822,
      1.7417860931345786e-07,
      0.017905142158269882,
      0.9732235670089722,
      2.5235742384666082e-08,
      0.00010693794320104644,
      2.968727312691044e-05
    ],
    [
      0.2084522247314453,
      0.007832069881260395,
      5.261432534098276e-07,
      0.08727798610925674,
      0.6960508823394775,
      4.199983436592447e-07,
      0.0003761214902624488,
      9.758220585354138e-06
    ],
    [
      0.01806114986538887,
      0.005274640861898661,
      1.1511997399793472e-06,
      0.02587764523923397,
      0.9480555653572083,
      4.3268217268632725e-05,
      0.0023023667745292187,
      0.00038413205766119063
    ],
    [
      0.28521278500556946,
      0.007963328622281551,
      6.192501587065635e-06,
      0.20191554725170135,
      0.5031802654266357,
      6.771956122975098e-06,
      0.0009743859991431236,
      0.0007407137309201062
    ],
    [
      0.5912951231002808,
      0.023764677345752716,
      8.654212138026196e-07,
      0.02046991139650345,
      0.3571947515010834,
      2.3063048502081074e-06,
      0.007190302014350891,
      8.20059358375147e-05
    ]
  ],
  "filename": "BP92_NNP_L_L_43M_filtered_seg1_orig_0136.wav",
  "feature_type": "mfcc",
  "timestamp": "20251106_114458",
  "predicted_class": "Lung Fibrosis",
  "class_probabilities": {
    "Asthma": 0.22211091220378876,
    "BRON": 0.009207167662680149,
    "COPD": 1.781888954610622e-06,
    "Healthy": 0.07068924605846405,
    "Lung Fibrosis": 0.6955410242080688,
    "Plueral Effusion": 1.055834218277596e-05,
    "Pneumonia": 0.002190022962167859,
    "RTI": 0.00024925946490839124
  }
}