{
  "predicted_class_idx": 3,
  "confidence": 0.39549654722213745,
  "all_probabilities": [
    0.10558023303747177,
    0.0017348472028970718,
    0.00027957771089859307,
    0.39549654722213745,
    0.1596209853887558,
    0.00020840959041379392,
    0.3370066285133362,
    7.28062295820564e-05
  ],
  "std_probabilities": [
    0.11601051688194275,
    0.003358989953994751,
    0.00042578380089253187,
    0.3462248742580414,
    0.28263208270072937,
    0.00038467167178168893,
    0.3634014129638672,
    0.00013506597315426916
  ],
  "fold_predictions": [
    [
      0.04354485869407654,
      7.184204878285527e-05,
      6.866715011710767e-06,
      0.21472950279712677,
      0.7238825559616089,
      4.963742412655847e-06,
      0.017751101404428482,
      8.312244972330518e-06
    ],
    [
      0.059845007956027985,
      1.483484652453626e-06,
      3.257613570895046e-06,
      0.7800570726394653,
      0.017150355502963066,
      2.0110950060825417e-07,
      0.14294259250164032,
      8.824736852375281e-08
    ],
    [
      0.00036468636244535446,
      1.1280085345788393e-06,
      1.4440801123782876e-06,
      0.015968605875968933,
      6.639598723268136e-05,
      1.898412094192281e-08,
      0.983597457408905,
      3.068150817853166e-07
    ],
    [
      0.3295472264289856,
      0.008451953530311584,
      0.0011032064212486148,
      0.12328600883483887,
      0.049406226724386215,
      0.0009763982379809022,
      0.4868861436843872,
      0.0003427696065045893
    ],
    [
      0.09459938853979111,
      0.00014782910875510424,
      0.0002831137098837644,
      0.8434415459632874,
      0.007599440403282642,
      6.046590715413913e-05,
      0.053855739533901215,
      1.2554224667837843e-05
    ]
  ],
  "filename": "BP76_NNA_L_U31M_filtered_seg2_orig_0111.wav",
  "feature_type": "concat",
  "timestamp": "20251106_114353",
  "predicted_class": "Healthy",
  "class_probabilities": {
    "Asthma": 0.10558023303747177,
    "BRON": 0.0017348472028970718,
    "COPD": 0.00027957771089859307,
    "Healthy": 0.39549654722213745,
    "Lung Fibrosis": 0.1596209853887558,
    "Plueral Effusion": 0.00020840959041379392,
    "Pneumonia": 0.3370066285133362,
    "RTI": 7.28062295820564e-05
  }
}