{
  "predicted_class_idx": 3,
  "confidence": 0.6219820976257324,
  "all_probabilities": [
    0.00048139263526536524,
    0.0014071185141801834,
    0.005543484818190336,
    0.6219820976257324,
    5.202474767429521e-06,
    1.5823312423890457e-05,
    0.0011466729920357466,
    0.3694181442260742
  ],
  "std_probabilities": [
    0.0009343128767795861,
    0.0023212807718664408,
    0.008884214796125889,
    0.44176679849624634,
    6.211196250660578e-06,
    3.05966823361814e-05,
    0.002162763848900795,
    0.43967148661613464
  ],
  "fold_predictions": [
    [
      4.892953256785404e-06,
      1.5410093965328997e-06,
      2.9738414013991132e-05,
      0.006173906847834587,
      1.0246736792396405e-07,
      6.160710275260328e-10,
      1.74048318513087e-06,
      0.993787944316864
    ],
    [
      4.6947505325078964e-05,
      0.0009333399939350784,
      0.023006586357951164,
      0.1631743162870407,
      1.1763423572119791e-05,
      2.0153768218733603e-06,
      0.00019993480236735195,
      0.8126251101493835
    ],
    [
      0.0023497126530855894,
      0.005996640305966139,
      0.004346823785454035,
      0.9531387090682983,
      1.3773020327789709e-05,
      7.699739217059687e-05,
      0.005469777621328831,
      0.028607476502656937
    ],
    [
      1.1671600077534094e-06,
      9.825627955706295e-08,
      2.0730889445985667e-05,
      0.9895457625389099,
      8.643089577375918e-10,
      3.810045681729157e-11,
      2.035846591752488e-06,
      0.01043014321476221
    ],
    [
      4.242834165779641e-06,
      0.00010397264850325882,
      0.00031354473321698606,
      0.9978777170181274,
      3.725997999026731e-07,
      1.0313386411553438e-07,
      5.9876390878343955e-05,
      0.0016401228494942188
    ]
  ],
  "filename": "184_1b1_Ar_sc_Meditron_filtered_seg1_orig_0046.wav",
  "feature_type": "mel",
  "timestamp": "20251106_114230",
  "predicted_class": "Healthy",
  "class_probabilities": {
    "Asthma": 0.00048139263526536524,
    "BRON": 0.0014071185141801834,
    "COPD": 0.005543484818190336,
    "Healthy": 0.6219820976257324,
    "Lung Fibrosis": 5.202474767429521e-06,
    "Plueral Effusion": 1.5823312423890457e-05,
    "Pneumonia": 0.0011466729920357466,
    "RTI": 0.3694181442260742
  }
}