{
  "predicted_class_idx": 5,
  "confidence": 0.9950154423713684,
  "all_probabilities": [
    0.004549148492515087,
    5.308341927915544e-15,
    8.163004167727195e-06,
    0.00042724632658064365,
    3.858718145011153e-08,
    0.9950154423713684,
    5.1774959986753e-20,
    1.4068077147546924e-14
  ],
  "std_probabilities": [
    0.009098295122385025,
    1.0616389935398391e-14,
    1.632600833545439e-05,
    0.0008544926531612873,
    7.717436290022306e-08,
    0.009969186037778854,
    1.0300122780874485e-19,
    2.8135830728507998e-14
  ],
  "fold_predictions": [
    [
      2.8946229094217735e-11,
      5.882388943654873e-19,
      4.138701001187099e-18,
      1.1929244755643637e-13,
      4.812447946541151e-21,
      1.0,
      1.099153498408111e-21,
      6.470529351828678e-19
    ],
    [
      2.037415722861648e-21,
      3.0273143355069707e-33,
      2.3458783216484113e-25,
      1.960161261748808e-23,
      2.898486232593177e-25,
      1.0,
      0.0,
      3.7672378871686984e-33
    ],
    [
      5.1042956843431855e-20,
      7.20012370364537e-30,
      3.773743567795441e-38,
      7.284522090185938e-23,
      0.0,
      1.0,
      1.526276375116051e-33,
      1.8914449650267672e-29
    ],
    [
      3.224954081559872e-09,
      1.2856288051553485e-29,
      3.708459478457773e-28,
      6.104407777873799e-12,
      3.494569092778749e-21,
      1.0,
      4.2259816289103e-34,
      2.1768222964225685e-38
    ],
    [
      0.022745737805962563,
      2.6541121798712326e-14,
      4.081501901964657e-05,
      0.0021362316329032183,
      1.929359001451303e-07,
      0.9750770330429077,
      2.5777566430778956e-19,
      7.03397436867606e-14
    ]
  ],
  "filename": "BP105_Lung_FibrosisCrepA_U_R44M_filtered_seg1_aug_pitch_shift-change_volume-add_noise_7ae5ee7a.wav",
  "feature_type": "mel",
  "timestamp": "20251106_120302",
  "predicted_class": "Plueral Effusion",
  "class_probabilities": {
    "Asthma": 0.004549148492515087,
    "BRON": 5.308341927915544e-15,
    "COPD": 8.163004167727195e-06,
    "Healthy": 0.00042724632658064365,
    "Lung Fibrosis": 3.858718145011153e-08,
    "Plueral Effusion": 0.9950154423713684,
    "Pneumonia": 5.1774959986753e-20,
    "RTI": 1.4068077147546924e-14
  }
}