{
  "predicted_class_idx": 0,
  "confidence": 0.44914013147354126,
  "all_probabilities": [
    0.44914013147354126,
    0.00758235901594162,
    6.517389465443557e-06,
    0.11710713803768158,
    0.399167001247406,
    2.6612173087414703e-07,
    0.0268317312002182,
    0.00016489492554683238
  ],
  "std_probabilities": [
    0.3499588668346405,
    0.012672637589275837,
    7.956483386806212e-06,
    0.15257801115512848,
    0.3454350233078003,
    4.28564220555927e-07,
    0.05257510393857956,
    0.00020140940614510328
  ],
  "fold_predictions": [
    [
      0.005917678587138653,
      3.5382252008275827e-06,
      2.4277022614427324e-09,
      0.0012169589754194021,
      0.9928542971611023,
      3.1766052462078864e-12,
      6.286291863943916e-06,
      1.255261167898425e-06
    ],
    [
      0.7224768400192261,
      0.004005326423794031,
      1.197457208945707e-07,
      0.11509668827056885,
      0.15828128159046173,
      1.2538639460046852e-08,
      0.00013860160834155977,
      1.1360812095517758e-06
    ],
    [
      0.22519847750663757,
      0.032758649438619614,
      1.5193618310149759e-05,
      0.05193484574556351,
      0.5577335953712463,
      1.1083195659011835e-06,
      0.13197632133960724,
      0.00038180925184860826
    ],
    [
      0.31932973861694336,
      0.0011258383747190237,
      1.7264112102566287e-05,
      0.4110792577266693,
      0.26645466685295105,
      2.0954921353677491e-07,
      0.0015537695726379752,
      0.00043931574327871203
    ],
    [
      0.972777783870697,
      1.8443382941768505e-05,
      7.0425341114344064e-09,
      0.006207963451743126,
      0.020511088892817497,
      1.9814232199433235e-10,
      0.00048368005082011223,
      9.582478242009529e-07
    ]
  ],
  "filename": "BP91_asthmaE_WP_R_U43F_filtered_seg1_aug_change_volume_2eb9f059.wav",
  "feature_type": "mfcc",
  "timestamp": "20251106_112504",
  "predicted_class": "Asthma",
  "class_probabilities": {
    "Asthma": 0.44914013147354126,
    "BRON": 0.00758235901594162,
    "COPD": 6.517389465443557e-06,
    "Healthy": 0.11710713803768158,
    "Lung Fibrosis": 0.399167001247406,
    "Plueral Effusion": 2.6612173087414703e-07,
    "Pneumonia": 0.0268317312002182,
    "RTI": 0.00016489492554683238
  }
}