{
  "predicted_class_idx": 3,
  "confidence": 0.8955458402633667,
  "all_probabilities": [
    0.0705379918217659,
    0.0006265559350140393,
    0.010398686863481998,
    0.8955458402633667,
    0.009502507746219635,
    8.813581371214241e-05,
    0.01280185580253601,
    0.0004983693361282349
  ],
  "std_probabilities": [
    0.056115616112947464,
    0.000746656849514693,
    0.00936546828597784,
    0.04761833697557449,
    0.010125705972313881,
    0.00010814309644047171,
    0.012319092638790607,
    0.000532865000423044
  ],
  "fold_predictions": [
    [
      0.026785725727677345,
      0.002098554978147149,
      0.023459363728761673,
      0.930160403251648,
      0.0017440065275877714,
      0.00016386981587857008,
      0.015418666414916515,
      0.00016931701975408942
    ],
    [
      0.009804301895201206,
      5.029556268709712e-05,
      0.006871763616800308,
      0.9445558190345764,
      0.001943131792359054,
      6.422316801035777e-06,
      0.03524357080459595,
      0.0015246988041326404
    ],
    [
      0.12899982929229736,
      0.00038691467489115894,
      0.019429806619882584,
      0.8396763205528259,
      0.009046614170074463,
      0.0002653427072800696,
      0.0017827276606112719,
      0.00041246713954024017
    ],
    [
      0.04032845422625542,
      0.0003878528659697622,
      0.00020761969790328294,
      0.9276620149612427,
      0.029023338109254837,
      2.19169896809035e-06,
      0.002017294056713581,
      0.0003713284677360207
    ],
    [
      0.146771639585495,
      0.0002091616188408807,
      0.0020248808432370424,
      0.8356748819351196,
      0.005755448713898659,
      2.852560101018753e-06,
      0.009547020308673382,
      1.403530222887639e-05
    ]
  ],
  "filename": "BP96_NNP_R_L_66F_filtered_seg2_orig_0144.wav",
  "feature_type": "mfcc",
  "timestamp": "20251106_114504",
  "predicted_class": "Healthy",
  "class_probabilities": {
    "Asthma": 0.0705379918217659,
    "BRON": 0.0006265559350140393,
    "COPD": 0.010398686863481998,
    "Healthy": 0.8955458402633667,
    "Lung Fibrosis": 0.009502507746219635,
    "Plueral Effusion": 8.813581371214241e-05,
    "Pneumonia": 0.01280185580253601,
    "RTI": 0.0004983693361282349
  }
}