{
  "predicted_class_idx": 3,
  "confidence": 0.40906357765197754,
  "all_probabilities": [
    0.03161170706152916,
    0.12967443466186523,
    6.737443527526921e-06,
    0.40906357765197754,
    0.02652432583272457,
    0.22606591880321503,
    0.174634650349617,
    0.00241860537789762
  ],
  "std_probabilities": [
    0.0443635918200016,
    0.2076595425605774,
    5.385751592257293e-06,
    0.28762173652648926,
    0.035964515060186386,
    0.3785077929496765,
    0.21688595414161682,
    0.0020738583989441395
  ],
  "fold_predictions": [
    [
      0.022872108966112137,
      0.024978850036859512,
      1.2297765351831913e-05,
      0.5699090957641602,
      0.03826108202338219,
      0.06677224487066269,
      0.27215299010276794,
      0.005041360389441252
    ],
    [
      0.003956087864935398,
      0.5408017039299011,
      7.644394486305828e-07,
      0.33074846863746643,
      0.09229560941457748,
      0.00398267712444067,
      0.025181299075484276,
      0.0030333695467561483
    ],
    [
      0.0029452876187860966,
      0.0013020276091992855,
      3.257030911640868e-08,
      0.015350834466516972,
      9.367207098875951e-07,
      0.9803998470306396,
      1.0887414418903063e-06,
      1.2861351095239115e-08
    ],
    [
      0.009091854095458984,
      0.08122560381889343,
      8.277243978227489e-06,
      0.2661587595939636,
      0.0014851792948320508,
      0.07881234586238861,
      0.5592010021209717,
      0.004016971215605736
    ],
    [
      0.11919320374727249,
      6.399428093573079e-05,
      1.2315197636780795e-05,
      0.8631508946418762,
      0.0005788228590972722,
      0.0003625311946962029,
      0.016636867076158524,
      1.3129659919286496e-06
    ]
  ],
  "filename": "BP76_NNA_L_U31M_filtered_seg2_orig_0111.wav",
  "feature_type": "mel",
  "timestamp": "20251106_114357",
  "predicted_class": "Healthy",
  "class_probabilities": {
    "Asthma": 0.03161170706152916,
    "BRON": 0.12967443466186523,
    "COPD": 6.737443527526921e-06,
    "Healthy": 0.40906357765197754,
    "Lung Fibrosis": 0.02652432583272457,
    "Plueral Effusion": 0.22606591880321503,
    "Pneumonia": 0.174634650349617,
    "RTI": 0.00241860537789762
  }
}