{
  "predicted_class_idx": 7,
  "confidence": 0.5521074533462524,
  "all_probabilities": [
    7.936766633065417e-05,
    0.015212642028927803,
    0.015728967264294624,
    0.4167817533016205,
    2.621493422338972e-06,
    4.599688452344708e-07,
    8.683300256961957e-05,
    0.5521074533462524
  ],
  "std_probabilities": [
    0.00011357402399880812,
    0.018181726336479187,
    0.011503951624035835,
    0.3605166971683502,
    4.556509793474106e-06,
    3.750915880118555e-07,
    0.00010501706128707156,
    0.35622161626815796
  ],
  "fold_predictions": [
    [
      1.045754470396787e-05,
      0.001526306034065783,
      0.001582403085194528,
      0.001718068146146834,
      2.4550304900117226e-08,
      6.728467782934899e-10,
      3.809027703027823e-06,
      0.9951589703559875
    ],
    [
      4.788567366631469e-06,
      0.046508315950632095,
      0.028346039354801178,
      0.12815643846988678,
      1.1724535397661384e-05,
      9.055860346052214e-07,
      1.8811668269336224e-05,
      0.796953022480011
    ],
    [
      0.00030399675597436726,
      0.0010322625748813152,
      0.030209239572286606,
      0.8174896836280823,
      2.201466742235425e-07,
      8.727604381419951e-07,
      0.0002884591813199222,
      0.15067529678344727
    ],
    [
      5.35384715476539e-05,
      0.025312962010502815,
      0.007150116376578808,
      0.26183032989501953,
      6.341524567687884e-07,
      1.1225964868799565e-07,
      9.061751188710332e-05,
      0.7055616974830627
    ],
    [
      2.4056982510956004e-05,
      0.0016833613626658916,
      0.011357040144503117,
      0.8747143149375916,
      5.040816404289217e-07,
      4.085651426066761e-07,
      3.246761843911372e-05,
      0.11218798905611038
    ]
  ],
  "filename": "Healthy_1.wav",
  "feature_type": "mel",
  "timestamp": "20251106_144610",
  "predicted_class": "RTI",
  "class_probabilities": {
    "Asthma": 7.936766633065417e-05,
    "BRON": 0.015212642028927803,
    "COPD": 0.015728967264294624,
    "Healthy": 0.4167817533016205,
    "Lung Fibrosis": 2.621493422338972e-06,
    "Plueral Effusion": 4.599688452344708e-07,
    "Pneumonia": 8.683300256961957e-05,
    "RTI": 0.5521074533462524
  }
}