{
  "predicted_class_idx": 5,
  "confidence": 0.6630935668945312,
  "all_probabilities": [
    0.3369063436985016,
    1.0235378516965099e-11,
    1.251793548817659e-07,
    3.754012031786935e-11,
    1.0836592907736975e-11,
    0.6630935668945312,
    3.96469288605969e-14,
    8.320909684273793e-16
  ],
  "std_probabilities": [
    0.3908257484436035,
    1.9282389920882714e-11,
    1.7471435853622097e-07,
    6.47065942493974e-11,
    2.1662933599730927e-11,
    0.39082586765289307,
    7.904887546405712e-14,
    1.663936085541818e-15
  ],
  "fold_predictions": [
    [
      0.5669206976890564,
      2.422326662171459e-12,
      1.2994245707654423e-13,
      7.859655113519605e-18,
      3.287888616083207e-16,
      0.4330793023109436,
      4.246930818002252e-16,
      4.159963033631897e-15
    ],
    [
      0.020405955612659454,
      6.29983202974999e-17,
      1.8046898730972316e-07,
      1.6586186590838992e-10,
      5.416245923983709e-11,
      0.9795938730239868,
      1.9774436808058654e-13,
      6.590952300654258e-22
    ],
    [
      5.2807801694143564e-05,
      4.875448655905501e-11,
      5.040804453942905e-15,
      2.1699097380034615e-11,
      8.370280058395694e-16,
      0.999947190284729,
      3.127158952734681e-17,
      4.90750385899708e-19
    ],
    [
      0.09715273976325989,
      1.4458116735873617e-19,
      3.2095935779681534e-20,
      7.811384595797846e-14,
      1.881600312519683e-17,
      0.9028472900390625,
      1.1675154807906363e-23,
      3.2763740255021653e-25
    ],
    [
      0.9999995231628418,
      1.5889904647849697e-17,
      4.4542770183397806e-07,
      6.150399064824494e-14,
      1.9319932142275974e-14,
      1.7297562493467922e-08,
      3.431339072005541e-17,
      3.076265898346047e-25
    ]
  ],
  "filename": "BP78_AsthmaE_WP_R_M20M_filtered_seg1_aug_highpass_6a018948.wav",
  "feature_type": "mel",
  "timestamp": "20251106_112454",
  "predicted_class": "Plueral Effusion",
  "class_probabilities": {
    "Asthma": 0.3369063436985016,
    "BRON": 1.0235378516965099e-11,
    "COPD": 1.251793548817659e-07,
    "Healthy": 3.754012031786935e-11,
    "Lung Fibrosis": 1.0836592907736975e-11,
    "Plueral Effusion": 0.6630935668945312,
    "Pneumonia": 3.96469288605969e-14,
    "RTI": 8.320909684273793e-16
  }
}