{
  "predicted_class_idx": 1,
  "confidence": 0.48439687490463257,
  "all_probabilities": [
    0.38218972086906433,
    0.48439687490463257,
    0.0001254576345672831,
    0.011355055496096611,
    3.343840944580734e-05,
    0.12079256772994995,
    0.001099328976124525,
    7.534889846283477e-06
  ],
  "std_probabilities": [
    0.32651203870773315,
    0.42184704542160034,
    0.00020942762785125524,
    0.02023266814649105,
    5.755525126005523e-05,
    0.2403273582458496,
    0.001390919554978609,
    1.3863865206076298e-05
  ],
  "fold_predictions": [
    [
      0.006599405314773321,
      0.9927011728286743,
      0.0005393216270022094,
      3.68367946066428e-05,
      7.166544691017407e-08,
      9.049953746398387e-07,
      0.00012115108984289691,
      1.115613031288376e-06
    ],
    [
      0.11147165298461914,
      0.8868152499198914,
      3.5529008073353907e-06,
      0.001540942001156509,
      1.2749299457937013e-05,
      3.903648757841438e-05,
      8.154327952070162e-05,
      3.524985004332848e-05
    ],
    [
      0.39492344856262207,
      0.0015500567387789488,
      8.25542123550349e-09,
      0.0020782065112143755,
      5.106043232672164e-08,
      0.6014460325241089,
      2.1796840883325785e-06,
      2.454459413492316e-10
    ],
    [
      0.45625951886177063,
      0.5395137071609497,
      4.120736107893208e-08,
      0.0013211204204708338,
      6.153731192171108e-06,
      0.0011726797092705965,
      0.0017257884610444307,
      1.010665187095583e-06
    ],
    [
      0.9416946172714233,
      0.0014042290858924389,
      8.436418283963576e-05,
      0.05179816856980324,
      0.00014816629118286073,
      0.0013041805941611528,
      0.0035659822169691324,
      2.98078816740599e-07
    ]
  ],
  "filename": "BRON_18.wav",
  "feature_type": "mel",
  "timestamp": "20251106_144536",
  "predicted_class": "BRON",
  "class_probabilities": {
    "Asthma": 0.38218972086906433,
    "BRON": 0.48439687490463257,
    "COPD": 0.0001254576345672831,
    "Healthy": 0.011355055496096611,
    "Lung Fibrosis": 3.343840944580734e-05,
    "Plueral Effusion": 0.12079256772994995,
    "Pneumonia": 0.001099328976124525,
    "RTI": 7.534889846283477e-06
  }
}