{
  "predicted_class_idx": 5,
  "confidence": 0.41636937856674194,
  "all_probabilities": [
    0.21847255527973175,
    0.14147567749023438,
    8.468945452477783e-05,
    0.09757734090089798,
    0.0799446776509285,
    0.41636937856674194,
    0.04570518434047699,
    0.00037046262877993286
  ],
  "std_probabilities": [
    0.2542612850666046,
    0.20841537415981293,
    0.0001316833950113505,
    0.10795664042234421,
    0.08885414153337479,
    0.4626776874065399,
    0.055785682052373886,
    0.0005407630233094096
  ],
  "fold_predictions": [
    [
      0.38724201917648315,
      0.17004166543483734,
      0.0003416026884224266,
      0.1246078684926033,
      0.08037038147449493,
      0.10526230186223984,
      0.13073331117630005,
      0.0014007958816364408
    ],
    [
      0.053555119782686234,
      0.5369799137115479,
      5.371500719775213e-06,
      0.05473722890019417,
      0.24744589626789093,
      0.012487680651247501,
      0.09435773640871048,
      0.0004310534568503499
    ],
    [
      0.0014726637164130807,
      2.931921699200757e-06,
      6.543660058255796e-11,
      0.000147091195685789,
      7.139995545912825e-07,
      0.9983766078948975,
      2.5304478512566675e-08,
      1.5753386442551864e-11
    ],
    [
      0.010596014559268951,
      0.0002140808937838301,
      3.45525990042006e-08,
      0.013124637305736542,
      0.011902064085006714,
      0.9639375805854797,
      0.00020866052363999188,
      1.696254730632063e-05
    ],
    [
      0.639496922492981,
      0.00013979409413877875,
      7.643847493454814e-05,
      0.2952698767185211,
      0.06000431254506111,
      0.0017829756252467632,
      0.0032261896412819624,
      3.5013558772334363e-06
    ]
  ],
  "filename": "BP52_Lung_FibrosisCrepP_L_L76F_filtered_seg1_orig_0010.wav",
  "feature_type": "mel",
  "timestamp": "20251106_114837",
  "predicted_class": "Plueral Effusion",
  "class_probabilities": {
    "Asthma": 0.21847255527973175,
    "BRON": 0.14147567749023438,
    "COPD": 8.468945452477783e-05,
    "Healthy": 0.09757734090089798,
    "Lung Fibrosis": 0.0799446776509285,
    "Plueral Effusion": 0.41636937856674194,
    "Pneumonia": 0.04570518434047699,
    "RTI": 0.00037046262877993286
  }
}