{
  "predicted_class_idx": 5,
  "confidence": 0.9984941482543945,
  "all_probabilities": [
    1.6285481251543388e-05,
    2.0182142179692164e-05,
    9.840819131801126e-11,
    0.0014694735873490572,
    9.534256939502939e-09,
    0.9984941482543945,
    1.8799775625133464e-10,
    1.9998346728611338e-11
  ],
  "std_probabilities": [
    3.182733780704439e-05,
    4.034525409224443e-05,
    1.9672866113928933e-10,
    0.0028826692141592503,
    1.1570686631046101e-08,
    0.0029157001990824938,
    3.6629702049317814e-10,
    2.4724198383063722e-11
  ],
  "fold_predictions": [
    [
      3.967885220390599e-07,
      3.0082205171311216e-08,
      1.6246324015365028e-14,
      5.861320096300915e-05,
      2.636380558307394e-10,
      0.9999409914016724,
      7.382404583478053e-12,
      9.314748408359441e-13
    ],
    [
      1.0825140179804293e-06,
      0.0001008726394502446,
      1.5911337731319003e-13,
      0.007234594319015741,
      2.393008635692695e-08,
      0.9926635026931763,
      1.2055802536825588e-11,
      5.84456094632202e-11
    ],
    [
      5.730510288515234e-09,
      1.3758472139357991e-09,
      1.2705278480110751e-16,
      3.940630222132313e-07,
      1.84577521283424e-15,
      0.9999996423721313,
      9.68571841383336e-15,
      1.2604525170996361e-13
    ],
    [
      7.066648599618475e-09,
      7.525722666573698e-13,
      2.187783118771595e-18,
      1.5983852463818948e-08,
      2.4593724443305962e-15,
      1.0,
      6.504298239329992e-15,
      6.077552800007292e-18
    ],
    [
      7.99353001639247e-05,
      6.619105707983408e-09,
      4.918654927799082e-10,
      5.375078762881458e-05,
      2.3477557675732896e-08,
      0.999866247177124,
      9.205343709517422e-10,
      4.0488602054411515e-11
    ]
  ],
  "filename": "BP4_Heart_Failure__Lung_Fibrosis_I_CP_L_R72F_filtered_seg2_aug_lowpass-time_stretch_6b89d550.wav",
  "feature_type": "mel",
  "timestamp": "20251106_114654",
  "predicted_class": "Plueral Effusion",
  "class_probabilities": {
    "Asthma": 1.6285481251543388e-05,
    "BRON": 2.0182142179692164e-05,
    "COPD": 9.840819131801126e-11,
    "Healthy": 0.0014694735873490572,
    "Lung Fibrosis": 9.534256939502939e-09,
    "Plueral Effusion": 0.9984941482543945,
    "Pneumonia": 1.8799775625133464e-10,
    "RTI": 1.9998346728611338e-11
  }
}