{
  "predicted_class_idx": 4,
  "confidence": 0.586915135383606,
  "all_probabilities": [
    0.0809728130698204,
    0.003576787654310465,
    0.00033391310716979206,
    0.19300290942192078,
    0.586915135383606,
    0.0003440305881667882,
    0.1345943659543991,
    0.00026007325504906476
  ],
  "std_probabilities": [
    0.09822255373001099,
    0.006672764662653208,
    0.000565827009268105,
    0.25900936126708984,
    0.4172527492046356,
    0.0006720773526467383,
    0.21405698359012604,
    0.00044680802966468036
  ],
  "fold_predictions": [
    [
      0.004613308236002922,
      1.0286600627296139e-05,
      2.2581796201848192e-06,
      0.00540992571040988,
      0.9886553287506104,
      1.71486902900142e-07,
      0.0012821712298318744,
      2.6578200049698353e-05
    ],
    [
      0.012571612372994423,
      2.0389574274304323e-05,
      7.349947736656759e-06,
      0.14173565804958344,
      0.8334642052650452,
      7.170674365397645e-08,
      0.012194321490824223,
      6.3853804022073746e-06
    ],
    [
      0.0012692760210484266,
      6.82596510159783e-05,
      6.970440153963864e-05,
      0.007634828798472881,
      0.9523648023605347,
      4.80549772419181e-07,
      0.0384996198117733,
      9.306528227170929e-05
    ],
    [
      0.24881114065647125,
      0.016906166449189186,
      0.0014618050772696733,
      0.11078429222106934,
      0.058469463139772415,
      0.0016879676841199398,
      0.5607275366783142,
      0.0011517193634063005
    ],
    [
      0.13759870827198029,
      0.0008788355626165867,
      0.00012844805314671248,
      0.6994498372077942,
      0.10162200033664703,
      3.1461437174584717e-05,
      0.060268186032772064,
      2.2617983631789684e-05
    ]
  ],
  "filename": "BP105_Lung_FibrosisCrepA_U_R44M_filtered_seg3_aug_time_shift-change_volume-time_stretch_e212012c.wav",
  "feature_type": "concat",
  "timestamp": "20251106_114940",
  "predicted_class": "Lung Fibrosis",
  "class_probabilities": {
    "Asthma": 0.0809728130698204,
    "BRON": 0.003576787654310465,
    "COPD": 0.00033391310716979206,
    "Healthy": 0.19300290942192078,
    "Lung Fibrosis": 0.586915135383606,
    "Plueral Effusion": 0.0003440305881667882,
    "Pneumonia": 0.1345943659543991,
    "RTI": 0.00026007325504906476
  }
}