{
  "predicted_class_idx": 7,
  "confidence": 0.8551670908927917,
  "all_probabilities": [
    0.00021714545437134802,
    0.00017681889585219324,
    0.07734168320894241,
    0.0665552169084549,
    0.00011319181794533506,
    9.059392323251814e-05,
    0.0003383020812179893,
    0.8551670908927917
  ],
  "std_probabilities": [
    0.00034722842974588275,
    0.0003459781873971224,
    0.14984844624996185,
    0.12746214866638184,
    0.000217703272937797,
    0.00018049341451842338,
    0.0005433272453956306,
    0.27892589569091797
  ],
  "fold_predictions": [
    [
      7.560027626141164e-08,
      7.459632911377412e-08,
      9.194764425046742e-05,
      2.3881277229520492e-05,
      1.4829366534740984e-07,
      7.635680976392223e-10,
      3.830035399943199e-09,
      0.9998838901519775
    ],
    [
      6.9675993863427266e-09,
      2.1862231136537957e-08,
      0.0005522572319023311,
      0.00044075201731175184,
      3.3759222333173966e-06,
      1.2928734471895353e-11,
      2.5581874396607418e-08,
      0.9990035891532898
    ],
    [
      8.480851931835787e-08,
      3.4450735597602034e-08,
      0.00047273465315811336,
      6.539281457662582e-05,
      4.8432056587444094e-08,
      5.616849763079301e-10,
      9.517012067306041e-09,
      0.9994617104530334
    ],
    [
      0.0008958936086855829,
      0.0008686744258739054,
      0.3769702911376953,
      0.32134392857551575,
      0.0005484803696162999,
      0.000451579166110605,
      0.0014014901826158166,
      0.2975196838378906
    ],
    [
      0.00018966622883453965,
      1.528918801341206e-05,
      0.008621175773441792,
      0.010902122594416142,
      1.3906050298828632e-05,
      1.3891238950236584e-06,
      0.0002899814280681312,
      0.9799664616584778
    ]
  ],
  "filename": "165_1b1_Pr_sc_Meditron_filtered_seg1_orig_0026.wav",
  "feature_type": "concat",
  "timestamp": "20251106_115435",
  "predicted_class": "RTI",
  "class_probabilities": {
    "Asthma": 0.00021714545437134802,
    "BRON": 0.00017681889585219324,
    "COPD": 0.07734168320894241,
    "Healthy": 0.0665552169084549,
    "Lung Fibrosis": 0.00011319181794533506,
    "Plueral Effusion": 9.059392323251814e-05,
    "Pneumonia": 0.0003383020812179893,
    "RTI": 0.8551670908927917
  }
}