{
  "predicted_class_idx": 5,
  "confidence": 0.799796462059021,
  "all_probabilities": [
    0.00020198069978505373,
    2.9239177745665756e-10,
    0.20000150799751282,
    4.4339955707073386e-08,
    2.1784303527727644e-10,
    0.799796462059021,
    8.491430891766072e-10,
    1.3957962563537762e-09
  ],
  "std_probabilities": [
    0.0004037128819618374,
    3.5887942617662816e-10,
    0.3999990224838257,
    8.860020983547656e-08,
    3.474772136691229e-10,
    0.3998984396457672,
    1.6981639427982032e-09,
    2.753033356839296e-09
  ],
  "fold_predictions": [
    [
      0.0010094064055010676,
      6.937299068532354e-10,
      7.178267424023943e-06,
      2.2154033274546236e-07,
      8.96591301202676e-10,
      0.9989832043647766,
      4.245470641706106e-09,
      6.901536231396221e-09
    ],
    [
      6.149690437060821e-15,
      2.0924915150297976e-25,
      7.618991162416933e-07,
      6.534700623499201e-14,
      3.290642362236076e-27,
      0.9999992847442627,
      5.648542369412231e-25,
      8.814375215053975e-21
    ],
    [
      1.2614362977559456e-21,
      5.383625640366013e-28,
      1.0919023011663492e-37,
      8.986884554741605e-23,
      1.8285982267393872e-38,
      1.0,
      1.1991950719997496e-33,
      4.5500385871000276e-32
    ],
    [
      3.0134458484099014e-08,
      1.2601646697539475e-24,
      1.3304339368090512e-19,
      1.5840161127211871e-10,
      1.6015989927464776e-19,
      1.0,
      1.6489179034374296e-28,
      2.4215190679905228e-31
    ],
    [
      4.6689146415701543e-07,
      7.682289804300524e-10,
      0.9999995231628418,
      9.607455889876215e-13,
      1.9262387518370616e-10,
      3.4285787642134025e-13,
      2.448103839872845e-13,
      7.744533486730987e-11
    ]
  ],
  "filename": "ASMA_2.wav",
  "feature_type": "mel",
  "timestamp": "20251113_103710",
  "predicted_class": "Plueral Effusion",
  "class_probabilities": {
    "ASMA": 0.00020198069978505373,
    "BRON": 2.9239177745665756e-10,
    "COPD": 0.20000150799751282,
    "Healthy": 4.4339955707073386e-08,
    "Lung Fibrosis": 2.1784303527727644e-10,
    "Plueral Effusion": 0.799796462059021,
    "Pneumonia": 8.491430891766072e-10,
    "RTI": 1.3957962563537762e-09
  }
}