{
  "predicted_class_idx": 0,
  "confidence": 0.8169852495193481,
  "all_probabilities": [
    0.8169852495193481,
    0.00020993738144170493,
    1.5256338770086586e-07,
    1.2482811939662497e-07,
    3.0798486250205315e-07,
    0.18280410766601562,
    1.4228844236185978e-07,
    6.401755792140307e-10
  ],
  "std_probabilities": [
    0.353842556476593,
    0.0003371924685779959,
    2.994664214384102e-07,
    2.4816233690216905e-07,
    6.15788508184778e-07,
    0.35394880175590515,
    1.905794704271102e-07,
    1.2467642473978913e-09
  ],
  "fold_predictions": [
    [
      0.9982946515083313,
      0.0008697768789716065,
      7.514316280321509e-07,
      9.700108771770743e-11,
      2.7278304615130367e-10,
      0.0008342992514371872,
      4.779269602295244e-07,
      3.133152848278087e-09
    ],
    [
      0.980678379535675,
      0.00017986226885113865,
      1.136262017809031e-08,
      6.211500362951483e-07,
      1.539561935715028e-06,
      0.019139321520924568,
      2.3327761766722688e-07,
      6.76853434411484e-11
    ],
    [
      0.10943472385406494,
      4.75824180057316e-08,
      1.3723987224434353e-11,
      2.315586389300961e-09,
      7.561825471347206e-11,
      0.8905652165412903,
      2.375721008807119e-10,
      3.950415976327129e-14
    ],
    [
      0.9965188503265381,
      6.972063204546686e-11,
      1.3643979609317958e-13,
      1.0323655819099997e-10,
      5.856227232748507e-14,
      0.003481177380308509,
      5.197104817897605e-14,
      1.588081393291774e-17
    ],
    [
      0.9999995231628418,
      1.4345604104583007e-15,
      8.947284753368923e-12,
      4.747278681271894e-10,
      1.382980882591589e-11,
      5.341087216947926e-07,
      3.573305049748253e-14,
      2.4696756025961313e-22
    ]
  ],
  "filename": "ASMA_5.wav",
  "feature_type": "mel",
  "timestamp": "20251113_103700",
  "predicted_class": "ASMA",
  "class_probabilities": {
    "ASMA": 0.8169852495193481,
    "BRON": 0.00020993738144170493,
    "COPD": 1.5256338770086586e-07,
    "Healthy": 1.2482811939662497e-07,
    "Lung Fibrosis": 3.0798486250205315e-07,
    "Plueral Effusion": 0.18280410766601562,
    "Pneumonia": 1.4228844236185978e-07,
    "RTI": 6.401755792140307e-10
  }
}