{
  "predicted_class_idx": 1,
  "confidence": 0.9999725222587585,
  "all_probabilities": [
    1.6262698409263976e-05,
    0.9999725222587585,
    1.588769720228811e-07,
    2.600448169687297e-06,
    6.876038800840423e-12,
    7.273386870565446e-08,
    5.8923596668591927e-08,
    8.294257895613555e-06
  ],
  "std_probabilities": [
    3.247724816901609e-05,
    4.803170668310486e-05,
    3.080151032008871e-07,
    3.402401489438489e-06,
    1.0533619115848936e-11,
    1.3347595029244985e-07,
    1.0409352313445197e-07,
    1.2249847713974304e-05
  ],
  "fold_predictions": [
    [
      8.12171638244763e-05,
      0.9998766183853149,
      7.748162147436233e-07,
      8.64329922478646e-06,
      2.7594058982227665e-11,
      3.393872134438425e-07,
      1.726705889382174e-08,
      3.244696927140467e-05
    ],
    [
      8.395385719950355e-09,
      0.9999936819076538,
      6.009815978202937e-10,
      2.2796719179041247e-07,
      1.3767268575159974e-12,
      7.624162412511737e-10,
      5.268444014383533e-11,
      6.096975539549021e-06
    ],
    [
      1.0999722022120295e-08,
      0.9999940395355225,
      6.394648699448169e-10,
      4.115153842576547e-06,
      5.276468064557838e-12,
      1.7650240380362447e-08,
      2.666964178388298e-07,
      1.5106933233255404e-06
    ],
    [
      7.684660374707164e-08,
      0.9999998807907104,
      1.495484447389117e-08,
      1.5669613162572205e-08,
      1.2846879593117477e-13,
      5.869406738412408e-09,
      1.2688023375007074e-11,
      2.359434314591624e-10
    ],
    [
      7.900406717720188e-11,
      0.9999985694885254,
      3.3732905357908294e-09,
      1.50914891694498e-10,
      4.4695264707990314e-15,
      8.930625471992651e-14,
      1.0589157994900233e-08,
      1.4164130561766797e-06
    ]
  ],
  "filename": "206_1b1_Lr_sc_Meditron_filtered_seg1_orig_0060.wav",
  "feature_type": "mel",
  "timestamp": "20251106_112857",
  "predicted_class": "BRON",
  "class_probabilities": {
    "Asthma": 1.6262698409263976e-05,
    "BRON": 0.9999725222587585,
    "COPD": 1.588769720228811e-07,
    "Healthy": 2.600448169687297e-06,
    "Lung Fibrosis": 6.876038800840423e-12,
    "Plueral Effusion": 7.273386870565446e-08,
    "Pneumonia": 5.8923596668591927e-08,
    "RTI": 8.294257895613555e-06
  }
}