{
  "predicted_class_idx": 5,
  "confidence": 0.800000011920929,
  "all_probabilities": [
    0.0012766815489158034,
    6.1847983331975165e-12,
    0.1987232267856598,
    5.5894993494787215e-12,
    1.0110487380643463e-07,
    0.800000011920929,
    4.5949505832961363e-17,
    1.0103206384568311e-13
  ],
  "std_probabilities": [
    0.0025533612351864576,
    1.234452904480543e-11,
    0.3974464535713196,
    1.068641442697471e-11,
    2.0220974761286925e-07,
    0.4000000059604645,
    7.311168192947944e-17,
    2.0202683113663272e-13
  ],
  "fold_predictions": [
    [
      3.788049429687135e-09,
      5.01645200259946e-14,
      2.4234435936970264e-14,
      9.991873864759193e-13,
      2.7313862822886822e-17,
      1.0,
      4.1078742131449015e-17,
      7.459085291829166e-17
    ],
    [
      1.049019153827232e-22,
      7.044479976116269e-29,
      2.6312415107603573e-17,
      2.465779765684043e-22,
      6.826605058556331e-27,
      1.0,
      3.447706536957607e-37,
      2.799896358489137e-31
    ],
    [
      6.283388812789538e-23,
      4.675996533107728e-30,
      0.0,
      1.8049924400209708e-24,
      0.0,
      1.0,
      1.2647747754123674e-37,
      6.633990530941891e-33
    ],
    [
      1.5894401138132064e-13,
      1.6223947172125849e-35,
      2.759302231929651e-35,
      5.979326352731062e-21,
      4.6078109845882805e-28,
      1.0,
      0.0,
      0.0
    ],
    [
      0.0063834041357040405,
      3.087382779987102e-11,
      0.9936161041259766,
      2.6948309903018774e-11,
      5.055243832430278e-07,
      7.918514177696068e-10,
      1.886687804159129e-16,
      5.05085719342685e-13
    ]
  ],
  "filename": "BP38_AsthmaE_WP_R_M38M_filtered_seg2_aug_add_noise-change_volume_b6bd0319.wav",
  "feature_type": "mel",
  "timestamp": "20251106_112255",
  "predicted_class": "Plueral Effusion",
  "class_probabilities": {
    "Asthma": 0.0012766815489158034,
    "BRON": 6.1847983331975165e-12,
    "COPD": 0.1987232267856598,
    "Healthy": 5.5894993494787215e-12,
    "Lung Fibrosis": 1.0110487380643463e-07,
    "Plueral Effusion": 0.800000011920929,
    "Pneumonia": 4.5949505832961363e-17,
    "RTI": 1.0103206384568311e-13
  }
}