{
  "predicted_class_idx": 3,
  "confidence": 0.39152294397354126,
  "all_probabilities": [
    0.16326847672462463,
    0.008889035321772099,
    0.0020658038556575775,
    0.39152294397354126,
    0.03666059672832489,
    0.07138897478580475,
    0.3256537914276123,
    0.0005504025029949844
  ],
  "std_probabilities": [
    0.128888338804245,
    0.004824348259717226,
    0.0009316857322119176,
    0.16568684577941895,
    0.018793055787682533,
    0.09537245333194733,
    0.12201797217130661,
    0.0004966507549397647
  ],
  "fold_predictions": [
    [
      0.03172264248132706,
      0.006196069065481424,
      0.0016616206848993897,
      0.5450819730758667,
      0.019918959587812424,
      0.26088711619377136,
      0.13397066295146942,
      0.0005608994397334754
    ],
    [
      0.08100797235965729,
      0.0012894676765426993,
      0.0009918640134856105,
      0.49941810965538025,
      0.032749615609645844,
      0.003685984294861555,
      0.3806571364402771,
      0.0001999027153942734
    ],
    [
      0.10177578777074814,
      0.01551366038620472,
      0.0028596152551472187,
      0.3311207890510559,
      0.049134306609630585,
      0.025526875630021095,
      0.4725758135318756,
      0.001493158284574747
    ],
    [
      0.39396044611930847,
      0.010109084658324718,
      0.0013689211336895823,
      0.09328558295965195,
      0.0660608783364296,
      0.03355927765369415,
      0.40126559138298035,
      0.00039028050377964973
    ],
    [
      0.2078755497932434,
      0.01133689284324646,
      0.0034469985403120518,
      0.4887081980705261,
      0.015439228154718876,
      0.03328561410307884,
      0.23979973793029785,
      0.00010777166608022526
    ]
  ],
  "filename": "BP6_Plueral_EffusionI_C_BP_L_R81M_filtered_seg3_aug_pitch_shift_82ec5dd3.wav",
  "feature_type": "concat",
  "timestamp": "20251106_115829",
  "predicted_class": "Healthy",
  "class_probabilities": {
    "Asthma": 0.16326847672462463,
    "BRON": 0.008889035321772099,
    "COPD": 0.0020658038556575775,
    "Healthy": 0.39152294397354126,
    "Lung Fibrosis": 0.03666059672832489,
    "Plueral Effusion": 0.07138897478580475,
    "Pneumonia": 0.3256537914276123,
    "RTI": 0.0005504025029949844
  }
}