{
  "predicted_class_idx": 6,
  "confidence": 0.3948659300804138,
  "all_probabilities": [
    0.13223588466644287,
    7.092488090165716e-07,
    0.3395291268825531,
    0.12032067775726318,
    0.013040187768638134,
    4.895930032944307e-06,
    0.3948659300804138,
    2.63514311882318e-06
  ],
  "std_probabilities": [
    0.17989814281463623,
    1.0586711596261011e-06,
    0.36938610672950745,
    0.1472311168909073,
    0.025704625993967056,
    9.641727046982851e-06,
    0.323195219039917,
    4.77233197671012e-06
  ],
  "fold_predictions": [
    [
      0.4646877348423004,
      7.352563784479571e-07,
      0.5039329528808594,
      0.03111444041132927,
      5.9694910305552185e-05,
      2.4178227249649353e-05,
      0.0001802372426027432,
      3.4809556126447205e-08
    ],
    [
      0.011069909669458866,
      1.5563315081124074e-09,
      0.0594831220805645,
      0.18160772323608398,
      0.0001637740497244522,
      2.796549836148188e-07,
      0.7476630210876465,
      1.2161528502474539e-05
    ],
    [
      0.0015633293660357594,
      2.7523283279151656e-06,
      0.9901562929153442,
      8.206029451685026e-05,
      0.000518184679094702,
      2.6239163619656836e-10,
      0.007677435874938965,
      1.882903788441581e-08
    ],
    [
      0.0016886719968169928,
      7.446414596046225e-10,
      7.843683124519885e-05,
      0.38313013315200806,
      1.1068979802075773e-05,
      1.579467578949334e-08,
      0.6150909066200256,
      8.193638336706499e-07
    ],
    [
      0.18216978013515472,
      5.635844146922864e-08,
      0.1439947485923767,
      0.005668972618877888,
      0.06444821506738663,
      5.712093908982752e-09,
      0.603718101978302,
      1.4118320734723966e-07
    ]
  ],
  "filename": "BP6_Plueral_EffusionI_C_BP_L_R81M_filtered_seg1_aug_highpass-lowpass-pitch_shift_12493027.wav",
  "feature_type": "mfcc",
  "timestamp": "20251106_115742",
  "predicted_class": "Pneumonia",
  "class_probabilities": {
    "Asthma": 0.13223588466644287,
    "BRON": 7.092488090165716e-07,
    "COPD": 0.3395291268825531,
    "Healthy": 0.12032067775726318,
    "Lung Fibrosis": 0.013040187768638134,
    "Plueral Effusion": 4.895930032944307e-06,
    "Pneumonia": 0.3948659300804138,
    "RTI": 2.63514311882318e-06
  }
}