{
  "predicted_class_idx": 2,
  "confidence": 0.8004865646362305,
  "all_probabilities": [
    3.024823308805935e-05,
    0.003465116024017334,
    0.8004865646362305,
    0.00013873344869352877,
    1.3716178273170954e-06,
    7.692432291150908e-07,
    0.193612203001976,
    0.0022650680039077997
  ],
  "std_probabilities": [
    3.6488370824372396e-05,
    0.004136848263442516,
    0.33662769198417664,
    0.00025459067546762526,
    1.8972651787407813e-06,
    1.4552741731677088e-06,
    0.3304232358932495,
    0.004435783252120018
  ],
  "fold_predictions": [
    [
      9.924051119014621e-05,
      0.006827182602137327,
      0.13282637298107147,
      0.0006472775712609291,
      2.0143857000221033e-06,
      2.781517416394763e-08,
      0.8484623432159424,
      0.011135625652968884
    ],
    [
      1.718749263091013e-05,
      0.0003167699615005404,
      0.99965500831604,
      4.796384928340558e-06,
      1.8125168033122918e-09,
      1.3794900155517098e-07,
      3.2257285056402907e-06,
      2.9841135074093472e-06
    ],
    [
      1.8808418644766789e-06,
      3.753173223230988e-05,
      0.8840857744216919,
      5.618676368612796e-06,
      9.837060943596043e-09,
      1.738206689694266e-09,
      0.11586228758096695,
      6.955251592444256e-06
    ],
    [
      5.760380172858959e-09,
      0.00020177198166493326,
      0.9997492432594299,
      1.8004759905210221e-09,
      1.9086794644795901e-10,
      6.731417090399816e-10,
      4.621450716513209e-05,
      2.8240867777640233e-06
    ],
    [
      3.2926556741585955e-05,
      0.009942324832081795,
      0.9861162304878235,
      3.5972876503365114e-05,
      4.831863407162018e-06,
      3.6780406844627578e-06,
      0.0036869526375085115,
      0.0001769512746250257
    ]
  ],
  "filename": "192_2b1_Ar_mc_LittC2SE_filtered_seg2_copy_0034.wav",
  "feature_type": "mel",
  "timestamp": "20251106_113512",
  "predicted_class": "COPD",
  "class_probabilities": {
    "Asthma": 3.024823308805935e-05,
    "BRON": 0.003465116024017334,
    "COPD": 0.8004865646362305,
    "Healthy": 0.00013873344869352877,
    "Lung Fibrosis": 1.3716178273170954e-06,
    "Plueral Effusion": 7.692432291150908e-07,
    "Pneumonia": 0.193612203001976,
    "RTI": 0.0022650680039077997
  }
}