{
  "predicted_class_idx": 2,
  "confidence": 0.6703284382820129,
  "all_probabilities": [
    0.0001649230980547145,
    4.503835498326225e-06,
    0.6703284382820129,
    0.09310407936573029,
    4.1978151443800016e-07,
    2.2841836866405174e-08,
    0.23609919846057892,
    0.0002983564627356827
  ],
  "std_probabilities": [
    0.0003161100612487644,
    6.89063244863064e-06,
    0.3122912645339966,
    0.18597541749477386,
    7.204689609352499e-07,
    1.9180902199877892e-08,
    0.301628977060318,
    0.0005859551019966602
  ],
  "fold_predictions": [
    [
      0.0007969325524754822,
      4.32128035754431e-06,
      0.44871455430984497,
      0.4650548994541168,
      1.8552868823462632e-06,
      2.30317311888939e-08,
      0.08395720273256302,
      0.0014701533364132047
    ],
    [
      2.2360545699484646e-05,
      2.518403263707114e-08,
      0.7077761292457581,
      0.0002052049239864573,
      2.5798161384926743e-09,
      3.629614653277713e-08,
      0.29197508096694946,
      2.1191426640143618e-05
    ],
    [
      4.93400057166582e-06,
      1.9241366544520133e-07,
      0.19892315566539764,
      0.0002561132423579693,
      1.7256947160149139e-07,
      3.3549087952167156e-09,
      0.8008151650428772,
      2.1564500229942496e-07
    ],
    [
      3.868456133204745e-08,
      8.8744293691434e-08,
      0.9995614886283875,
      7.42900908790034e-07,
      7.734871632081308e-10,
      6.467598123727214e-10,
      0.0004374803393147886,
      1.5113629103780113e-07
    ],
    [
      3.497298735055665e-07,
      1.7891556126414798e-05,
      0.9966669678688049,
      3.4408442388667027e-06,
      6.769769100856138e-08,
      5.087964183303484e-08,
      0.003311054315418005,
      7.087123066185086e-08
    ]
  ],
  "filename": "186_3b3_Pl_mc_AKGC417L_filtered_seg2_copy_0105.wav",
  "feature_type": "mel",
  "timestamp": "20251106_113502",
  "predicted_class": "COPD",
  "class_probabilities": {
    "Asthma": 0.0001649230980547145,
    "BRON": 4.503835498326225e-06,
    "COPD": 0.6703284382820129,
    "Healthy": 0.09310407936573029,
    "Lung Fibrosis": 4.1978151443800016e-07,
    "Plueral Effusion": 2.2841836866405174e-08,
    "Pneumonia": 0.23609919846057892,
    "RTI": 0.0002983564627356827
  }
}