{
  "predicted_class_idx": 6,
  "confidence": 0.5952871441841125,
  "all_probabilities": [
    0.03670889511704445,
    0.002059925813227892,
    0.0006711904425173998,
    0.35164397954940796,
    0.013384978286921978,
    6.881559966132045e-05,
    0.5952871441841125,
    0.000175087436218746
  ],
  "std_probabilities": [
    0.05637677386403084,
    0.0036186373326927423,
    0.0008778430055826902,
    0.24670246243476868,
    0.015411770902574062,
    0.00013418702292256057,
    0.22155019640922546,
    0.0003170236595906317
  ],
  "fold_predictions": [
    [
      0.002082040999084711,
      0.0009002055157907307,
      6.591434794245288e-05,
      0.773999035358429,
      0.0020531241316348314,
      6.248818863241468e-06,
      0.22088205814361572,
      1.139905634772731e-05
    ],
    [
      0.00230398285202682,
      8.827003512124065e-06,
      1.9290248019387946e-05,
      0.2661297917366028,
      0.03473186865448952,
      1.1997374826933083e-07,
      0.6967837810516357,
      2.2287838874035515e-05
    ],
    [
      0.0001560782257001847,
      2.639539388837875e-06,
      0.0001783356856321916,
      0.13011662662029266,
      6.566962838405743e-05,
      1.0634898472972054e-07,
      0.8694489002227783,
      3.161669155815616e-05
    ],
    [
      0.14694169163703918,
      0.009266276843845844,
      0.00234854593873024,
      0.11665830761194229,
      0.029539695009589195,
      0.00033714898745529354,
      0.694099485874176,
      0.0008088077302090824
    ],
    [
      0.032060686498880386,
      0.00012168004468549043,
      0.000743865966796875,
      0.4713161587715149,
      0.0005345356184989214,
      4.5388793523670756e-07,
      0.495221346616745,
      1.3258725175546715e-06
    ]
  ],
  "filename": "BP83_NNA_R_U18F_filtered_seg3_orig_0120.wav",
  "feature_type": "concat",
  "timestamp": "20251106_114406",
  "predicted_class": "Pneumonia",
  "class_probabilities": {
    "Asthma": 0.03670889511704445,
    "BRON": 0.002059925813227892,
    "COPD": 0.0006711904425173998,
    "Healthy": 0.35164397954940796,
    "Lung Fibrosis": 0.013384978286921978,
    "Plueral Effusion": 6.881559966132045e-05,
    "Pneumonia": 0.5952871441841125,
    "RTI": 0.000175087436218746
  }
}