{
  "predicted_class_idx": 0,
  "confidence": 0.8755618333816528,
  "all_probabilities": [
    0.8755618333816528,
    1.7853018619007344e-07,
    8.371806075047061e-07,
    0.0013544138055294752,
    0.014217917807400227,
    0.10886222124099731,
    2.483087200744194e-06,
    1.5162949296154693e-07
  ],
  "std_probabilities": [
    0.24302123486995697,
    3.561162316145783e-07,
    1.6045081565607688e-06,
    0.0027001544367522,
    0.02825048752129078,
    0.21207191050052643,
    4.460554464458255e-06,
    3.031975097655959e-07
  ],
  "fold_predictions": [
    [
      0.9998212456703186,
      5.716903946767493e-12,
      1.7978489530445785e-10,
      8.221031494448638e-11,
      5.0635135266929865e-05,
      0.00012812382192350924,
      8.770669523983088e-09,
      1.6052945431277443e-11
    ],
    [
      0.9994321465492249,
      8.912248716796967e-10,
      8.252618144410917e-09,
      1.4727107554790564e-05,
      8.799452189123258e-06,
      0.0005441181710921228,
      8.321378430764526e-08,
      2.205489263440441e-11
    ],
    [
      0.3895855247974396,
      8.907621236176055e-07,
      1.3285632860515761e-07,
      0.006754711735993624,
      0.0707184299826622,
      0.5329281687736511,
      1.1375698704796378e-05,
      7.58024498281884e-07
    ],
    [
      0.9892916083335876,
      1.1228112623690167e-12,
      4.644515241153391e-12,
      4.4419385858418536e-07,
      7.470526384167897e-07,
      0.010707222856581211,
      2.1375703984638506e-10,
      3.9691630516168475e-13
    ],
    [
      0.999678373336792,
      9.907068498904437e-10,
      4.044609795528231e-06,
      2.186117171731894e-06,
      0.0003109814424533397,
      3.5055061289313016e-06,
      9.475392630520219e-07,
      8.449266980514736e-11
    ]
  ],
  "filename": "BP47_asthmaE_WP_L_M60M_filtered_seg2_aug_pitch_shift-highpass_8938c878.wav",
  "feature_type": "mel",
  "timestamp": "20251106_112345",
  "predicted_class": "Asthma",
  "class_probabilities": {
    "Asthma": 0.8755618333816528,
    "BRON": 1.7853018619007344e-07,
    "COPD": 8.371806075047061e-07,
    "Healthy": 0.0013544138055294752,
    "Lung Fibrosis": 0.014217917807400227,
    "Plueral Effusion": 0.10886222124099731,
    "Pneumonia": 2.483087200744194e-06,
    "RTI": 1.5162949296154693e-07
  }
}