{
  "predicted_class_idx": 2,
  "confidence": 0.9989818334579468,
  "all_probabilities": [
    7.789914775457873e-07,
    9.551657967676874e-06,
    0.9989818334579468,
    0.0009004512685351074,
    4.907698780698411e-07,
    3.10575774165045e-06,
    3.4139512194997224e-07,
    0.00010340470907976851
  ],
  "std_probabilities": [
    1.3772325928584905e-06,
    1.805994179449044e-05,
    0.0020152651704847813,
    0.0017967894673347473,
    8.514424507666263e-07,
    6.211432719283039e-06,
    6.568513981619617e-07,
    0.00019164766126777977
  ],
  "fold_predictions": [
    [
      3.3781194019866234e-07,
      6.558946807899702e-08,
      0.9999995231628418,
      1.0378538206623489e-07,
      3.672389337072701e-10,
      2.7999863712324657e-12,
      3.0734290668021913e-09,
      8.861698930218154e-09
    ],
    [
      2.998135906207011e-10,
      5.363315480622077e-08,
      1.0,
      4.442985535035859e-09,
      2.1893249745660176e-13,
      6.322523060653396e-11,
      5.2938917138867225e-11,
      7.93258347897563e-10
    ],
    [
      3.5217381082475185e-06,
      4.564220944303088e-05,
      0.9949514865875244,
      0.004494024906307459,
      2.1804873995279195e-06,
      1.5528623407590203e-05,
      1.654575612519693e-06,
      0.0004859440086875111
    ],
    [
      3.5079231963663915e-08,
      5.873108932519244e-08,
      0.9999604225158691,
      8.11543213785626e-06,
      2.7298600002723106e-07,
      9.699814562669218e-11,
      4.8907576655210505e-08,
      3.1068506359588355e-05
    ],
    [
      2.806265983479328e-11,
      1.938125024025794e-06,
      0.9999980926513672,
      7.725365236410653e-09,
      8.567300514850107e-12,
      2.928775711535936e-12,
      3.659580971593357e-10,
      1.3883507676837326e-09
    ]
  ],
  "filename": "213_1p3_Pl_mc_AKGC417L_filtered_seg2_copy_0142.wav",
  "feature_type": "mel",
  "timestamp": "20251106_113923",
  "predicted_class": "COPD",
  "class_probabilities": {
    "Asthma": 7.789914775457873e-07,
    "BRON": 9.551657967676874e-06,
    "COPD": 0.9989818334579468,
    "Healthy": 0.0009004512685351074,
    "Lung Fibrosis": 4.907698780698411e-07,
    "Plueral Effusion": 3.10575774165045e-06,
    "Pneumonia": 3.4139512194997224e-07,
    "RTI": 0.00010340470907976851
  }
}