{
  "predicted_class_idx": 0,
  "confidence": 0.9942037463188171,
  "all_probabilities": [
    0.9942037463188171,
    0.00085183244664222,
    0.0010803337208926678,
    5.414604675024748e-05,
    0.00025444565108045936,
    2.2557269829803772e-08,
    0.003548450767993927,
    7.035574526526034e-06
  ],
  "std_probabilities": [
    0.004718544892966747,
    0.0013005620567128062,
    0.002022745320573449,
    7.317062409128994e-05,
    0.0004466656828299165,
    3.041186857899447e-08,
    0.0028574944008141756,
    8.78199080034392e-06
  ],
  "fold_predictions": [
    [
      0.9979592561721802,
      3.6265410017222166e-06,
      5.2535866416292265e-05,
      2.894851149903843e-06,
      1.568711559229996e-05,
      1.4032874688651997e-11,
      0.001966045005246997,
      7.643886412722622e-09
    ],
    [
      0.9958263039588928,
      0.0007491956930607557,
      0.00019794114632532,
      3.905696212314069e-05,
      0.0011441069655120373,
      3.1735176264646725e-08,
      0.0020359442569315434,
      7.414540050376672e-06
    ],
    [
      0.988644003868103,
      0.0033928225748240948,
      2.7641173801384866e-05,
      3.1543859222438186e-05,
      2.724573278101161e-06,
      2.584748859391084e-09,
      0.007897197268903255,
      4.05570517614251e-06
    ],
    [
      0.988652765750885,
      0.00011334915325278416,
      0.005123513750731945,
      0.0001972304016817361,
      0.00010968065907945856,
      7.845226690506024e-08,
      0.005779596511274576,
      2.3699982193647884e-05
    ],
    [
      0.9999363422393799,
      1.6850653139499627e-07,
      3.659323866145314e-08,
      4.171479606185358e-09,
      2.893830419736787e-08,
      1.2565537260873783e-13,
      6.347149610519409e-05,
      1.0586350589550375e-13
    ]
  ],
  "filename": "BP38_AsthmaE_WP_R_M38M_filtered_seg2_aug_pitch_shift-time_shift_e6d8b5f6.wav",
  "feature_type": "mfcc",
  "timestamp": "20251106_111845",
  "predicted_class": "Asthma",
  "class_probabilities": {
    "Asthma": 0.9942037463188171,
    "BRON": 0.00085183244664222,
    "COPD": 0.0010803337208926678,
    "Healthy": 5.414604675024748e-05,
    "Lung Fibrosis": 0.00025444565108045936,
    "Plueral Effusion": 2.2557269829803772e-08,
    "Pneumonia": 0.003548450767993927,
    "RTI": 7.035574526526034e-06
  }
}