{
  "predicted_class_idx": 7,
  "confidence": 0.7554798722267151,
  "all_probabilities": [
    0.003470025258138776,
    0.0014527847524732351,
    0.042767636477947235,
    0.18040364980697632,
    0.002299326239153743,
    0.0009911375818774104,
    0.013135562650859356,
    0.7554798722267151
  ],
  "std_probabilities": [
    0.006716656498610973,
    0.0018969543743878603,
    0.07049734890460968,
    0.30168598890304565,
    0.00459682522341609,
    0.0019814232364296913,
    0.015101287513971329,
    0.32256609201431274
  ],
  "fold_predictions": [
    [
      2.030457471846603e-05,
      0.0005351517465896904,
      0.0005404133116826415,
      1.7994638255913742e-05,
      2.85431815427728e-06,
      6.86863046439612e-08,
      6.727133040840272e-06,
      0.9988765120506287
    ],
    [
      3.5261348330095643e-06,
      0.00025982168153859675,
      0.005252310074865818,
      0.09603344649076462,
      7.572867275484896e-07,
      1.5430197564114678e-08,
      0.035610590130090714,
      0.8628394603729248
    ],
    [
      1.4553944716055867e-08,
      2.032670636253897e-05,
      0.0016741181025281549,
      1.1308122338959947e-05,
      6.787083117743009e-10,
      8.508907120563514e-12,
      3.024801117135212e-06,
      0.9982911944389343
    ],
    [
      0.016899410635232925,
      0.005147644318640232,
      0.023594554513692856,
      0.7796705961227417,
      0.011492976918816566,
      0.0049539837054908276,
      0.026926623657345772,
      0.13131414353847504
    ],
    [
      0.0004268704797141254,
      0.001300979289226234,
      0.1827767789363861,
      0.02628489024937153,
      4.195232605752608e-08,
      1.6198405319300946e-06,
      0.0031308436300605536,
      0.7860779166221619
    ]
  ],
  "filename": "115_1b1_Ar_sc_Meditron_filtered_seg1_aug_time_shift_f6207498.wav",
  "feature_type": "concat",
  "timestamp": "20251106_115352",
  "predicted_class": "RTI",
  "class_probabilities": {
    "Asthma": 0.003470025258138776,
    "BRON": 0.0014527847524732351,
    "COPD": 0.042767636477947235,
    "Healthy": 0.18040364980697632,
    "Lung Fibrosis": 0.002299326239153743,
    "Plueral Effusion": 0.0009911375818774104,
    "Pneumonia": 0.013135562650859356,
    "RTI": 0.7554798722267151
  }
}