{
  "predicted_class_idx": 1,
  "confidence": 0.9849101901054382,
  "all_probabilities": [
    1.5732241081423126e-05,
    0.9849101901054382,
    0.0003035369736608118,
    0.0021498084533959627,
    7.6513402746059e-05,
    6.699376626784215e-07,
    0.0053598927333951,
    0.007183699402958155
  ],
  "std_probabilities": [
    2.8694275897578336e-05,
    0.01715497300028801,
    0.0004334521945565939,
    0.002900358522310853,
    0.00013651198241859674,
    6.866014814477239e-07,
    0.005995410960167646,
    0.008559074252843857
  ],
  "fold_predictions": [
    [
      5.946640158072114e-07,
      0.9993733763694763,
      0.00021002120047342032,
      1.6457035599160008e-05,
      1.2021058637401438e-06,
      5.432839884633722e-07,
      0.0003338116512168199,
      6.405609019566327e-05
    ],
    [
      8.005729768001402e-08,
      0.9973384737968445,
      5.1853414333891124e-05,
      0.00014570163330063224,
      9.622115015872623e-08,
      8.094136916270145e-08,
      0.001974670682102442,
      0.0004890007548965514
    ],
    [
      7.300257129827514e-05,
      0.96578049659729,
      9.262449748348445e-05,
      0.007457316853106022,
      0.00034837608109228313,
      1.9054403992413427e-06,
      0.009103947319090366,
      0.017142245545983315
    ],
    [
      4.958656518283533e-06,
      0.962164580821991,
      0.001159606734290719,
      0.0030877096578478813,
      3.289039887022227e-05,
      8.177855193025607e-07,
      0.01537772174924612,
      0.01817178912460804
    ],
    [
      2.5256413849206183e-08,
      0.9998939037322998,
      3.5790535548585467e-06,
      4.185768193565309e-05,
      2.2154718060107825e-09,
      2.2369359697904656e-09,
      9.311883331974968e-06,
      5.1404000259935856e-05
    ]
  ],
  "filename": "169_1b1_Lr_sc_Meditron_filtered_seg2_aug_change_volume-time_stretch_8854c318.wav",
  "feature_type": "mfcc",
  "timestamp": "20251106_112748",
  "predicted_class": "BRON",
  "class_probabilities": {
    "Asthma": 1.5732241081423126e-05,
    "BRON": 0.9849101901054382,
    "COPD": 0.0003035369736608118,
    "Healthy": 0.0021498084533959627,
    "Lung Fibrosis": 7.6513402746059e-05,
    "Plueral Effusion": 6.699376626784215e-07,
    "Pneumonia": 0.0053598927333951,
    "RTI": 0.007183699402958155
  }
}