{
  "predicted_class_idx": 0,
  "confidence": 0.6018255949020386,
  "all_probabilities": [
    0.6018255949020386,
    0.010296489112079144,
    1.1406917110434733e-05,
    0.01854904554784298,
    0.0037728194147348404,
    0.3645564913749695,
    0.0009847854962572455,
    3.380253019713564e-06
  ],
  "std_probabilities": [
    0.40088698267936707,
    0.012695951387286186,
    2.20219480979722e-05,
    0.03369389846920967,
    0.006929793860763311,
    0.38495635986328125,
    0.0016813483089208603,
    6.180196578497998e-06
  ],
  "fold_predictions": [
    [
      0.8308514952659607,
      0.023369915783405304,
      5.544806845136918e-05,
      0.002908887807279825,
      0.0012569200480356812,
      0.1372229903936386,
      0.004333213437348604,
      1.1936120927202865e-06
    ],
    [
      0.24916388094425201,
      0.028104647994041443,
      6.451158469644724e-07,
      0.08589774370193481,
      0.01759832724928856,
      0.6187763810157776,
      0.00044265433098189533,
      1.570604945300147e-05
    ],
    [
      0.0003723671834450215,
      2.9179179961147383e-08,
      1.0285636058149361e-11,
      2.4004211240935547e-07,
      2.9451452387974086e-10,
      0.9996273517608643,
      6.442414934859642e-10,
      5.3320481710472656e-12
    ],
    [
      0.9319237470626831,
      7.658935828658286e-06,
      2.808544650179101e-07,
      0.0009468448697589338,
      2.2522392839618988e-07,
      0.0670432448387146,
      7.806543726474047e-05,
      1.5672161346458324e-09
    ],
    [
      0.9968166947364807,
      1.9402001782964362e-07,
      6.605358748856816e-07,
      0.0029915194027125835,
      8.624074325780384e-06,
      0.00011236897989874706,
      6.999381730565801e-05,
      3.031007736464808e-11
    ]
  ],
  "filename": "BP8_Plueral_EffusionI_C_BP_L_L70M_filtered_seg3_aug_time_shift_7e866f61plueral.wav",
  "feature_type": "mel",
  "timestamp": "20251106_115919",
  "predicted_class": "Asthma",
  "class_probabilities": {
    "Asthma": 0.6018255949020386,
    "BRON": 0.010296489112079144,
    "COPD": 1.1406917110434733e-05,
    "Healthy": 0.01854904554784298,
    "Lung Fibrosis": 0.0037728194147348404,
    "Plueral Effusion": 0.3645564913749695,
    "Pneumonia": 0.0009847854962572455,
    "RTI": 3.380253019713564e-06
  }
}