{
  "predicted_class_idx": 6,
  "confidence": 0.9351699948310852,
  "all_probabilities": [
    1.6968139959772088e-07,
    0.00014499665121547878,
    0.06467600166797638,
    1.1131911747952472e-07,
    5.768524715676904e-07,
    3.0472993017838235e-09,
    0.9351699948310852,
    8.178189091267996e-06
  ],
  "std_probabilities": [
    3.103949381966231e-07,
    0.00018168716633226722,
    0.07518400996923447,
    1.2129427773288626e-07,
    1.1530323718034197e-06,
    4.28236290872519e-09,
    0.07531900703907013,
    1.1010559319402091e-05
  ],
  "fold_predictions": [
    [
      6.324056278650403e-10,
      1.0590988495096099e-06,
      0.000591666845139116,
      4.167292999568417e-08,
      1.7681897612753517e-10,
      3.7763836502335835e-09,
      0.9994029998779297,
      4.244248884788249e-06
    ],
    [
      5.243405709620674e-08,
      0.00027081399457529187,
      0.024244055151939392,
      2.246905523861642e-07,
      1.0684912954417314e-09,
      2.516319652645649e-10,
      0.9754800796508789,
      4.79348773296806e-06
    ],
    [
      7.892385269769875e-07,
      0.0004435660957824439,
      0.1941424161195755,
      2.8861259693258035e-07,
      2.8829172151745297e-06,
      1.1126194188193494e-08,
      0.80538010597229,
      2.9935099519207142e-05
    ],
    [
      3.8082065278999266e-11,
      6.787387292206404e-07,
      5.03838373333565e-06,
      1.1480453254719691e-09,
      4.33826932710879e-12,
      2.2558292581999206e-13,
      0.9999942779541016,
      5.488409016152218e-08
    ],
    [
      6.063950230839055e-09,
      8.86531597643625e-06,
      0.10439682006835938,
      4.714596490984491e-10,
      9.557516583713621e-11,
      8.206003238031556e-11,
      0.895592451095581,
      1.8632239289217978e-06
    ]
  ],
  "filename": "192_2b1_Ar_mc_LittC2SE_filtered_seg2_copy_0034.wav",
  "feature_type": "mfcc",
  "timestamp": "20251106_113511",
  "predicted_class": "Pneumonia",
  "class_probabilities": {
    "Asthma": 1.6968139959772088e-07,
    "BRON": 0.00014499665121547878,
    "COPD": 0.06467600166797638,
    "Healthy": 1.1131911747952472e-07,
    "Lung Fibrosis": 5.768524715676904e-07,
    "Plueral Effusion": 3.0472993017838235e-09,
    "Pneumonia": 0.9351699948310852,
    "RTI": 8.178189091267996e-06
  }
}