{
  "predicted_class_idx": 0,
  "confidence": 0.5489996075630188,
  "all_probabilities": [
    0.5489996075630188,
    0.005639776587486267,
    0.2919057011604309,
    0.010658838786184788,
    1.1313429240544792e-05,
    0.0005883005796931684,
    0.14219215512275696,
    4.308462393964874e-06
  ],
  "std_probabilities": [
    0.38943052291870117,
    0.004537226166576147,
    0.3529946506023407,
    0.019741056486964226,
    2.2218686353880912e-05,
    0.0011667293729260564,
    0.2842869758605957,
    6.6241218519280665e-06
  ],
  "fold_predictions": [
    [
      0.8011698722839355,
      6.834089435869828e-05,
      0.19876106083393097,
      8.233448056671477e-08,
      1.6608547070973145e-07,
      1.0622832036233376e-07,
      8.70487859572222e-09,
      3.8283778280856495e-07
    ],
    [
      0.013596632517874241,
      0.0012003289302811027,
      0.9820480346679688,
      0.0031384530011564493,
      6.124903393356362e-07,
      6.60745172353927e-07,
      1.1679597264446784e-05,
      3.5071054753643693e-06
    ],
    [
      0.7936400771141052,
      0.008921969681978226,
      0.1973331719636917,
      4.728169411549743e-09,
      4.711804731105662e-12,
      8.146248546836432e-06,
      9.64609207585454e-05,
      1.8902896670169866e-07
    ],
    [
      0.15149787068367004,
      0.0059404573403298855,
      0.0787334218621254,
      0.05006738379597664,
      5.5748667364241555e-05,
      0.0029217444825917482,
      0.710766077041626,
      1.731196607579477e-05
    ],
    [
      0.9850934743881226,
      0.012067786417901516,
      0.0026526860892772675,
      8.827103738440201e-05,
      3.989920571711991e-08,
      1.0845244105439633e-05,
      8.661120955366641e-05,
      1.5137281650368095e-07
    ]
  ],
  "filename": "206_1b1_Pl_sc_Meditron_filtered_seg1_aug_add_noise_b508f234.wav",
  "feature_type": "concat",
  "timestamp": "20251106_112905",
  "predicted_class": "Asthma",
  "class_probabilities": {
    "Asthma": 0.5489996075630188,
    "BRON": 0.005639776587486267,
    "COPD": 0.2919057011604309,
    "Healthy": 0.010658838786184788,
    "Lung Fibrosis": 1.1313429240544792e-05,
    "Plueral Effusion": 0.0005883005796931684,
    "Pneumonia": 0.14219215512275696,
    "RTI": 4.308462393964874e-06
  }
}