{
  "predicted_class_idx": 6,
  "confidence": 0.5231407880783081,
  "all_probabilities": [
    0.2190137356519699,
    0.0017188861966133118,
    0.01908300817012787,
    0.2095559537410736,
    0.002989075379446149,
    0.02401098608970642,
    0.5231407880783081,
    0.0004875758313573897
  ],
  "std_probabilities": [
    0.16776950657367706,
    0.0026980028487741947,
    0.03190874308347702,
    0.1327389031648636,
    0.0021578187588602304,
    0.016806360334157944,
    0.1903795450925827,
    0.0008963391301222146
  ],
  "fold_predictions": [
    [
      0.028513604775071144,
      7.227149762911722e-05,
      0.0010697523830458522,
      0.31287774443626404,
      0.00120157515630126,
      0.000767801480833441,
      0.655493438243866,
      3.8318053157127e-06
    ],
    [
      0.04148383438587189,
      1.1980112503806595e-05,
      0.0004941557417623699,
      0.10252522677183151,
      0.0007634387584403157,
      0.047002993524074554,
      0.8076924085617065,
      2.588072129583452e-05
    ],
    [
      0.23975017666816711,
      0.007075523026287556,
      0.08258237689733505,
      0.4015369117259979,
      0.002026851288974285,
      0.009132949635386467,
      0.2556156516075134,
      0.0022796140983700752
    ],
    [
      0.47072935104370117,
      0.0009063223260454834,
      0.001965876668691635,
      0.03996382653713226,
      0.006433131638914347,
      0.03352339193224907,
      0.44642341136932373,
      5.473667988553643e-05
    ],
    [
      0.3145917057991028,
      0.0005283337668515742,
      0.009302882477641106,
      0.19087611138820648,
      0.004520379938185215,
      0.029627801850438118,
      0.45047885179519653,
      7.381593604804948e-05
    ]
  ],
  "filename": "BP72_NNP_R_U24F_filtered_seg3_orig_0101.wav",
  "feature_type": "concat",
  "timestamp": "20251106_114347",
  "predicted_class": "Pneumonia",
  "class_probabilities": {
    "Asthma": 0.2190137356519699,
    "BRON": 0.0017188861966133118,
    "COPD": 0.01908300817012787,
    "Healthy": 0.2095559537410736,
    "Lung Fibrosis": 0.002989075379446149,
    "Plueral Effusion": 0.02401098608970642,
    "Pneumonia": 0.5231407880783081,
    "RTI": 0.0004875758313573897
  }
}