{
  "predicted_class_idx": 2,
  "confidence": 0.9211091995239258,
  "all_probabilities": [
    3.294466750958236e-06,
    0.00010088928684126586,
    0.9211091995239258,
    1.840524419094436e-05,
    0.07857782393693924,
    1.295093397857272e-06,
    8.354334113391815e-09,
    0.0001891050487756729
  ],
  "std_probabilities": [
    6.033728823240381e-06,
    0.00020152873184997588,
    0.15593348443508148,
    2.4810940885799937e-05,
    0.15608517825603485,
    1.0661040050763404e-06,
    1.1661859034006739e-08,
    0.00030889417394064367
  ],
  "fold_predictions": [
    [
      1.5351208276115358e-05,
      1.4897273103997577e-07,
      0.9999264478683472,
      3.734141500899568e-06,
      4.7394489229191095e-05,
      1.8980008462676778e-06,
      2.0509542675295478e-10,
      5.043343662691768e-06
    ],
    [
      4.7330496499853325e-07,
      4.6253598173784383e-10,
      0.6092532277107239,
      1.4834111716766074e-08,
      0.39074400067329407,
      2.2281708424998214e-06,
      4.017015019230907e-12,
      7.420883907371945e-10
    ],
    [
      6.428896313082078e-07,
      0.0005039466777816415,
      0.9965355396270752,
      6.491298699984327e-05,
      0.002095480915158987,
      2.345647999391076e-06,
      2.987654923458649e-08,
      0.000797099550254643
    ],
    [
      4.9160071569076536e-09,
      3.408208328892215e-07,
      0.9998308420181274,
      2.3324608264374547e-05,
      2.2226956843951484e-06,
      2.083757388859908e-09,
      1.167556629155797e-08,
      0.00014313802239485085
    ],
    [
      1.3969048140438645e-11,
      9.554300461900311e-09,
      0.9999997615814209,
      3.9651883554370215e-08,
      1.1908176666963755e-08,
      1.5637895423026293e-09,
      1.0441023913509984e-11,
      2.435606631934206e-07
    ]
  ],
  "filename": "178_1b6_Pl_mc_AKGC417L_filtered_seg2_copy_0120.wav",
  "feature_type": "mel",
  "timestamp": "20251106_113451",
  "predicted_class": "COPD",
  "class_probabilities": {
    "Asthma": 3.294466750958236e-06,
    "BRON": 0.00010088928684126586,
    "COPD": 0.9211091995239258,
    "Healthy": 1.840524419094436e-05,
    "Lung Fibrosis": 0.07857782393693924,
    "Plueral Effusion": 1.295093397857272e-06,
    "Pneumonia": 8.354334113391815e-09,
    "RTI": 0.0001891050487756729
  }
}