{
  "predicted_class_idx": 4,
  "confidence": 0.688045084476471,
  "all_probabilities": [
    0.06029907986521721,
    0.012537335976958275,
    0.0003563929349184036,
    0.1948666125535965,
    0.688045084476471,
    0.00014179830031935126,
    0.04316188767552376,
    0.0005918758688494563
  ],
  "std_probabilities": [
    0.06574525684118271,
    0.009347360581159592,
    0.00040705857099965215,
    0.1301201730966568,
    0.14688149094581604,
    0.0001884588273242116,
    0.046843379735946655,
    0.00034690118627622724
  ],
  "fold_predictions": [
    [
      0.0025970551650971174,
      0.005851614288985729,
      1.0375377996751922e-06,
      0.02656906470656395,
      0.9635759592056274,
      3.1203633170662215e-06,
      0.0013342250604182482,
      6.791082705603912e-05
    ],
    [
      0.06719467788934708,
      0.005336865317076445,
      0.0001918010093504563,
      0.3574675917625427,
      0.5440605282783508,
      1.9611858078860678e-05,
      0.0253415759652853,
      0.0003874324029311538
    ],
    [
      0.019121654331684113,
      0.02026992291212082,
      0.000133098365040496,
      0.21170663833618164,
      0.6935781836509705,
      9.545416105538607e-05,
      0.05428682640194893,
      0.0008082645945250988
    ],
    [
      0.027840305119752884,
      0.00417749397456646,
      0.00031025157659314573,
      0.3108421266078949,
      0.6494723558425903,
      0.000512296799570322,
      0.005765524227172136,
      0.001079682493582368
    ],
    [
      0.18474170565605164,
      0.027050785720348358,
      0.0011457762448117137,
      0.067747563123703,
      0.5895383358001709,
      7.850827387301251e-05,
      0.12908127903938293,
      0.0006160889752209187
    ]
  ],
  "filename": "BP4_Heart_Failure__Lung_Fibrosis_I_CP_L_R72F_filtered_seg2_aug_change_volume_146c9718.wav",
  "feature_type": "mfcc",
  "timestamp": "20251106_114607",
  "predicted_class": "Lung Fibrosis",
  "class_probabilities": {
    "Asthma": 0.06029907986521721,
    "BRON": 0.012537335976958275,
    "COPD": 0.0003563929349184036,
    "Healthy": 0.1948666125535965,
    "Lung Fibrosis": 0.688045084476471,
    "Plueral Effusion": 0.00014179830031935126,
    "Pneumonia": 0.04316188767552376,
    "RTI": 0.0005918758688494563
  }
}