{
  "predicted_class_idx": 5,
  "confidence": 0.9923900365829468,
  "all_probabilities": [
    0.0076096393167972565,
    1.3467968915735593e-15,
    7.378957178616474e-08,
    2.1417902473785944e-07,
    8.622078745412765e-12,
    0.9923900365829468,
    2.731775928301165e-20,
    5.795848749622662e-17
  ],
  "std_probabilities": [
    0.015219278633594513,
    2.6935861598505932e-15,
    1.4757914357232949e-07,
    4.283579926323e-07,
    1.724415749082553e-11,
    0.01521987933665514,
    5.4626018913676e-20,
    1.159163132479632e-16
  ],
  "fold_predictions": [
    [
      4.615463827101207e-13,
      1.5235348564125513e-20,
      1.6869977007978204e-20,
      1.467613330126058e-13,
      7.337931760001745e-23,
      1.0,
      1.9008105226836e-23,
      1.336582606985673e-21
    ],
    [
      2.7259835532581694e-25,
      0.0,
      1.1848675223705536e-32,
      1.4140675685137642e-29,
      9.423336504371452e-33,
      1.0,
      0.0,
      0.0
    ],
    [
      4.5806136759891245e-27,
      1.2302694262345874e-38,
      0.0,
      8.52713006041294e-31,
      0.0,
      1.0,
      0.0,
      0.0
    ],
    [
      6.419208697580614e-15,
      0.0,
      0.0,
      1.0385326099817855e-20,
      8.879162406619795e-32,
      1.0,
      0.0,
      0.0
    ],
    [
      0.03804819658398628,
      6.733969105395627e-15,
      3.6894786603625107e-07,
      1.0708949957916047e-06,
      4.311039372706382e-11,
      0.9619503021240234,
      1.3656978095449232e-19,
      2.897911206095979e-16
    ]
  ],
  "filename": "BP9_AsthmaE_WP_R_L_59M_filtered_seg2_orig_0073.wav",
  "feature_type": "mel",
  "timestamp": "20251106_120419",
  "predicted_class": "Plueral Effusion",
  "class_probabilities": {
    "Asthma": 0.0076096393167972565,
    "BRON": 1.3467968915735593e-15,
    "COPD": 7.378957178616474e-08,
    "Healthy": 2.1417902473785944e-07,
    "Lung Fibrosis": 8.622078745412765e-12,
    "Plueral Effusion": 0.9923900365829468,
    "Pneumonia": 2.731775928301165e-20,
    "RTI": 5.795848749622662e-17
  }
}