{
  "predicted_class_idx": 2,
  "confidence": 0.9999971389770508,
  "all_probabilities": [
    5.5051421199436845e-09,
    1.2127090940339258e-06,
    0.9999971389770508,
    5.185568241472538e-08,
    4.466994274476832e-10,
    1.813479783008276e-10,
    1.4981343383624335e-06,
    1.0261944538569878e-07
  ],
  "std_probabilities": [
    7.224197240418562e-09,
    1.7518106005809386e-06,
    4.915703357255552e-06,
    1.0258047211664234e-07,
    7.481916752816176e-10,
    3.582156238302048e-10,
    2.9269911010487704e-06,
    2.0507670228653296e-07
  ],
  "fold_predictions": [
    [
      9.125784572461271e-10,
      3.788590774433942e-09,
      0.9999998807907104,
      1.4885688168209121e-12,
      5.627024945309292e-15,
      2.9718259374634376e-14,
      8.780829574561722e-08,
      2.942879772337148e-13
    ],
    [
      3.110093129213287e-12,
      2.8250394645129573e-12,
      1.0,
      1.3182609301040649e-12,
      3.7040022335095915e-15,
      2.0806249723426473e-18,
      8.023628961760509e-13,
      2.5497458623082413e-14
    ],
    [
      1.8902245102481174e-08,
      4.5464414455409496e-08,
      0.9999998807907104,
      1.9889179192489337e-09,
      3.0622876456831705e-10,
      8.93967972565024e-12,
      4.861708902126338e-08,
      3.1031160974137606e-10
    ],
    [
      7.364264753562111e-09,
      4.525300937530119e-06,
      0.9999873638153076,
      2.5701126560306875e-07,
      1.924284509513541e-09,
      8.977459331482862e-10,
      7.351757631113287e-06,
      5.127727717990638e-07
    ],
    [
      3.4351069211346896e-10,
      1.4889889143887558e-06,
      0.9999985694885254,
      2.754169670105e-10,
      2.9744106483375887e-12,
      2.460036433457949e-14,
      2.48808662561828e-09,
      1.3836628891261693e-11
    ]
  ],
  "filename": "141_1b2_Lr_mc_LittC2SE_filtered_seg2_copy_0081.wav",
  "feature_type": "concat",
  "timestamp": "20251106_113332",
  "predicted_class": "COPD",
  "class_probabilities": {
    "Asthma": 5.5051421199436845e-09,
    "BRON": 1.2127090940339258e-06,
    "COPD": 0.9999971389770508,
    "Healthy": 5.185568241472538e-08,
    "Lung Fibrosis": 4.466994274476832e-10,
    "Plueral Effusion": 1.813479783008276e-10,
    "Pneumonia": 1.4981343383624335e-06,
    "RTI": 1.0261944538569878e-07
  }
}