{
  "predicted_class_idx": 3,
  "confidence": 0.7554248571395874,
  "all_probabilities": [
    0.15301156044006348,
    0.0012152387062087655,
    0.011640489101409912,
    0.7554248571395874,
    0.0037843931932002306,
    0.0076184356585145,
    0.06103020906448364,
    0.00627483706921339
  ],
  "std_probabilities": [
    0.11167488992214203,
    0.0023120595142245293,
    0.014528339728713036,
    0.1515350043773651,
    0.0071451966650784016,
    0.009062901139259338,
    0.08598872274160385,
    0.007488943170756102
  ],
  "fold_predictions": [
    [
      0.15643778443336487,
      1.9568481945952954e-08,
      0.0013195916544646025,
      0.841768205165863,
      5.091266939416528e-05,
      3.9062837458914146e-05,
      0.00010953772289212793,
      0.00027487979969009757
    ],
    [
      0.00022088567493483424,
      4.160118027840554e-09,
      0.00035038363421335816,
      0.9991206526756287,
      3.834828385151923e-05,
      8.760771947891044e-07,
      0.0002415312483208254,
      2.7280126232653856e-05
    ],
    [
      0.16248703002929688,
      1.0461358215252403e-06,
      0.009454557672142982,
      0.6011281609535217,
      0.0005750908749178052,
      0.0007154466584324837,
      0.2254333347082138,
      0.0002053131756838411
    ],
    [
      0.10228002071380615,
      0.0058356462977826595,
      0.03987067937850952,
      0.7335886359214783,
      0.01806950941681862,
      0.017373738810420036,
      0.0681784600019455,
      0.014803352765738964
    ],
    [
      0.34363213181495667,
      0.00023947715817485005,
      0.007207232993096113,
      0.601518452167511,
      0.00018810479377862066,
      0.01996305212378502,
      0.011188182979822159,
      0.01606336049735546
    ]
  ],
  "filename": "208_1b1_Ll_sc_Meditron_filtered_seg2_orig_0057.wav",
  "feature_type": "concat",
  "timestamp": "20251106_114239",
  "predicted_class": "Healthy",
  "class_probabilities": {
    "Asthma": 0.15301156044006348,
    "BRON": 0.0012152387062087655,
    "COPD": 0.011640489101409912,
    "Healthy": 0.7554248571395874,
    "Lung Fibrosis": 0.0037843931932002306,
    "Plueral Effusion": 0.0076184356585145,
    "Pneumonia": 0.06103020906448364,
    "RTI": 0.00627483706921339
  }
}