{
  "predicted_class_idx": 1,
  "confidence": 0.6400988101959229,
  "all_probabilities": [
    2.148351313735475e-06,
    0.6400988101959229,
    0.3587058484554291,
    0.00036717060720548034,
    5.266773314360762e-06,
    2.191456360378652e-06,
    0.00011341584468027577,
    0.0007051703287288547
  ],
  "std_probabilities": [
    3.510946044116281e-06,
    0.3018048107624054,
    0.3001585602760315,
    0.0005728484829887748,
    1.0450351510371547e-05,
    4.37684730059118e-06,
    0.0002216794528067112,
    0.0010556122288107872
  ],
  "fold_predictions": [
    [
      8.131699473779008e-07,
      0.7975606322288513,
      0.20232072472572327,
      2.2828633206017912e-08,
      3.108548440877712e-08,
      1.4768305467427467e-09,
      2.294582372996956e-06,
      0.00011547010944923386
    ],
    [
      1.4128840319926894e-08,
      0.80618816614151,
      0.19366635382175446,
      0.00011661226744763553,
      1.9440852483398885e-08,
      1.3474705795601949e-09,
      5.847800252922752e-07,
      2.8241140171303414e-05
    ],
    [
      7.200539471341472e-07,
      0.44323208928108215,
      0.5559325218200684,
      0.00021494679094757885,
      8.235419102220476e-08,
      9.302714154557634e-09,
      6.703789040329866e-06,
      0.0006129048415459692
    ],
    [
      9.139355825027451e-06,
      0.1546962559223175,
      0.840429961681366,
      0.0015016793040558696,
      2.6167430405621417e-05,
      1.0945148460450582e-05,
      0.00055675272597,
      0.002769138664007187
    ],
    [
      5.5048516856004426e-08,
      0.998816967010498,
      0.001179646933451295,
      2.5917368020600406e-06,
      3.3555753731207005e-08,
      6.127240208264606e-12,
      7.433931727973686e-07,
      9.657705390964111e-08
    ]
  ],
  "filename": "201_1b1_Al_sc_Meditron_filtered_seg3_orig_0042.wav",
  "feature_type": "concat",
  "timestamp": "20251106_112812",
  "predicted_class": "BRON",
  "class_probabilities": {
    "Asthma": 2.148351313735475e-06,
    "BRON": 0.6400988101959229,
    "COPD": 0.3587058484554291,
    "Healthy": 0.00036717060720548034,
    "Lung Fibrosis": 5.266773314360762e-06,
    "Plueral Effusion": 2.191456360378652e-06,
    "Pneumonia": 0.00011341584468027577,
    "RTI": 0.0007051703287288547
  }
}