{
  "predicted_class_idx": 0,
  "confidence": 0.9528708457946777,
  "all_probabilities": [
    0.9528708457946777,
    0.0008047176524996758,
    1.5404548321384937e-06,
    0.00042277397005818784,
    0.04579665884375572,
    1.2392723514054182e-09,
    3.125948569504544e-05,
    7.224136061267927e-05
  ],
  "std_probabilities": [
    0.08768093585968018,
    0.0006280697998590767,
    2.5464642021688633e-06,
    0.0006226200493983924,
    0.08734497427940369,
    1.9748087609627873e-09,
    2.967116051877383e-05,
    0.0001399802858941257
  ],
  "fold_predictions": [
    [
      0.7775857448577881,
      0.00027884464361704886,
      4.801373734153458e-07,
      0.0016361126909032464,
      0.22042237222194672,
      6.497543388744864e-12,
      6.974694406380877e-05,
      6.7188516368332785e-06
    ],
    [
      0.9986490607261658,
      0.0009745914721861482,
      3.1456379723238115e-09,
      2.3974944269866683e-06,
      0.0003739747917279601,
      4.026934601747412e-12,
      1.2687897399388248e-09,
      2.0613941664748836e-09
    ],
    [
      0.9923457503318787,
      0.0009055025293491781,
      6.025674110787804e-07,
      8.906397852115333e-05,
      0.006634737364947796,
      1.014528017151406e-09,
      2.222977673227433e-05,
      2.250948455184698e-06
    ],
    [
      0.9958775043487549,
      0.0018334999913349748,
      6.610123818973079e-06,
      0.0003836113610304892,
      0.0014840037329122424,
      5.113280465707248e-09,
      6.26586697762832e-05,
      0.00035215940442867577
    ],
    [
      0.9998961687088013,
      3.114928404102102e-05,
      6.299700316958479e-09,
      2.6842462830245495e-06,
      6.820461567258462e-05,
      5.802864092019355e-11,
      1.6607777979515959e-06,
      7.55176117195333e-08
    ]
  ],
  "filename": "BP64_asthmaE_WP_L_U60M_filtered_seg1_aug_change_volume-lowpass_23028150.wav",
  "feature_type": "mfcc",
  "timestamp": "20251106_120028",
  "predicted_class": "Asthma",
  "class_probabilities": {
    "Asthma": 0.9528708457946777,
    "BRON": 0.0008047176524996758,
    "COPD": 1.5404548321384937e-06,
    "Healthy": 0.00042277397005818784,
    "Lung Fibrosis": 0.04579665884375572,
    "Plueral Effusion": 1.2392723514054182e-09,
    "Pneumonia": 3.125948569504544e-05,
    "RTI": 7.224136061267927e-05
  }
}