{
  "predicted_class_idx": 2,
  "confidence": 0.9999988675117493,
  "all_probabilities": [
    1.4475509146905097e-07,
    6.691608405162697e-07,
    0.9999988675117493,
    4.781277240795134e-08,
    1.111514862373042e-07,
    1.8261423623266992e-11,
    6.310254718755459e-08,
    1.4494361266770284e-07
  ],
  "std_probabilities": [
    2.846197446615406e-07,
    1.24924770261714e-06,
    2.150563432223862e-06,
    9.41807769549996e-08,
    2.1949534811938065e-07,
    3.0903380549007764e-11,
    9.641045295438744e-08,
    2.892201962367835e-07
  ],
  "fold_predictions": [
    [
      7.139885838114424e-07,
      3.165274847560795e-06,
      0.9999945163726807,
      2.3616109956492437e-07,
      5.501335635926807e-07,
      7.985333227988889e-11,
      1.063667820488945e-09,
      7.233838346110133e-07
    ],
    [
      4.303472689315413e-09,
      1.261730737250888e-12,
      1.0,
      2.740827313371663e-13,
      3.235777328047286e-14,
      4.2953702118590786e-13,
      3.82355605510476e-11,
      3.3809860835488925e-13
    ],
    [
      2.973414625628834e-09,
      1.4826855476712808e-07,
      0.9999996423721313,
      2.8880127178609882e-09,
      1.2525773751548286e-09,
      7.652362250809563e-12,
      2.4962821498775156e-07,
      5.290309301742013e-10
    ],
    [
      2.2355564066600664e-09,
      1.4460696529106087e-10,
      0.9999998807907104,
      1.1518735618110121e-11,
      3.950911153793868e-09,
      8.173987203242972e-13,
      6.378211736546291e-08,
      5.917525358611897e-10
    ],
    [
      2.7449698070114437e-10,
      3.2114943593342105e-08,
      1.0,
      2.9963147848283134e-12,
      4.202722336810183e-10,
      2.554480064975717e-12,
      1.00049912798994e-09,
      2.1312178410948235e-10
    ]
  ],
  "filename": "163_8b3_Al_mc_AKGC417L_filtered_seg1_copy_0023.wav",
  "feature_type": "mel",
  "timestamp": "20251106_113425",
  "predicted_class": "COPD",
  "class_probabilities": {
    "Asthma": 1.4475509146905097e-07,
    "BRON": 6.691608405162697e-07,
    "COPD": 0.9999988675117493,
    "Healthy": 4.781277240795134e-08,
    "Lung Fibrosis": 1.111514862373042e-07,
    "Plueral Effusion": 1.8261423623266992e-11,
    "Pneumonia": 6.310254718755459e-08,
    "RTI": 1.4494361266770284e-07
  }
}