{
  "predicted_class_idx": 0,
  "confidence": 0.9924315214157104,
  "all_probabilities": [
    0.9924315214157104,
    0.0009985293727368116,
    4.875334525422659e-06,
    0.0021582581102848053,
    0.004247087053954601,
    7.527620304870197e-09,
    0.00013268798647914082,
    2.7063730158261023e-05
  ],
  "std_probabilities": [
    0.006736567243933678,
    0.001131493248976767,
    8.648781658848748e-06,
    0.0024635440204292536,
    0.006054277066141367,
    5.986367401789039e-09,
    0.00015401588461827487,
    3.072021354455501e-05
  ],
  "fold_predictions": [
    [
      0.9807811975479126,
      0.0002344676322536543,
      6.452682441704383e-07,
      0.00273196492344141,
      0.01617005467414856,
      4.720876467523283e-10,
      6.273719191085547e-05,
      1.897146830742713e-05
    ],
    [
      0.9980849027633667,
      0.0008837154600769281,
      5.051168159297958e-07,
      0.0006359805702231824,
      0.0003926429199054837,
      1.207668631764136e-08,
      1.7581902511665248e-06,
      5.648145702252805e-07
    ],
    [
      0.9926596283912659,
      0.0031733810901641846,
      1.065678247869073e-06,
      0.000666977372020483,
      0.0030582991894334555,
      1.3541157528607073e-08,
      0.0004085587279405445,
      3.2190015190280974e-05
    ],
    [
      0.9907049536705017,
      0.0006930725066922605,
      2.2159520085551776e-05,
      0.006732168607413769,
      0.0015749589074403048,
      1.15358584906744e-08,
      0.00018914055544883013,
      8.357303158845752e-05
    ],
    [
      0.9999270439147949,
      8.009846169443335e-06,
      1.0872497346881005e-09,
      2.4199918698286638e-05,
      3.9477163227275014e-05,
      1.2314525267564935e-11,
      1.2452375131033477e-06,
      1.932621884748187e-08
    ]
  ],
  "filename": "BP43_asthmaE_WP_L_M15M_filtered_seg2_aug_lowpass-change_volume_e904c062.wav",
  "feature_type": "mfcc",
  "timestamp": "20251106_112026",
  "predicted_class": "Asthma",
  "class_probabilities": {
    "Asthma": 0.9924315214157104,
    "BRON": 0.0009985293727368116,
    "COPD": 4.875334525422659e-06,
    "Healthy": 0.0021582581102848053,
    "Lung Fibrosis": 0.004247087053954601,
    "Plueral Effusion": 7.527620304870197e-09,
    "Pneumonia": 0.00013268798647914082,
    "RTI": 2.7063730158261023e-05
  }
}