{
  "predicted_class_idx": 0,
  "confidence": 0.8581622242927551,
  "all_probabilities": [
    0.8581622242927551,
    0.004503811243921518,
    0.015197599306702614,
    0.06557848304510117,
    0.004130919463932514,
    0.007250736001878977,
    0.040710244327783585,
    0.0044659036211669445
  ],
  "std_probabilities": [
    0.10692085325717926,
    0.008366663008928299,
    0.025261156260967255,
    0.08191993832588196,
    0.0082350829616189,
    0.012106000445783138,
    0.0700572058558464,
    0.00858486257493496
  ],
  "fold_predictions": [
    [
      0.9991804957389832,
      4.446691903581268e-09,
      0.0007951401639729738,
      2.0177858459646814e-06,
      4.963122819390264e-07,
      1.9528546545188874e-05,
      4.679514067906787e-11,
      2.252183776363381e-06
    ],
    [
      0.8029809594154358,
      4.466304215355876e-09,
      0.00016866430814843625,
      0.19484294950962067,
      5.246066939434968e-05,
      0.0019224933348596096,
      3.069339072681032e-05,
      1.767345679581922e-06
    ],
    [
      0.809537947177887,
      9.254483757104026e-07,
      0.008816132321953773,
      9.428043199477543e-07,
      8.99765684181375e-09,
      0.001278200768865645,
      0.18036217987537384,
      3.6639419249695493e-06
    ],
    [
      0.71471107006073,
      0.021206269040703773,
      0.0653168112039566,
      0.13072064518928528,
      0.02060103602707386,
      0.0314282551407814,
      0.015321359969675541,
      0.0006945751956664026
    ],
    [
      0.9644009470939636,
      0.001311850850470364,
      0.0008912425837479532,
      0.002325897803530097,
      5.952849733148469e-07,
      0.0016052016289904714,
      0.007836980745196342,
      0.021627260372042656
    ]
  ],
  "filename": "ASMA_1.wav",
  "feature_type": "concat",
  "timestamp": "20251106_144003",
  "predicted_class": "Asthma",
  "class_probabilities": {
    "Asthma": 0.8581622242927551,
    "BRON": 0.004503811243921518,
    "COPD": 0.015197599306702614,
    "Healthy": 0.06557848304510117,
    "Lung Fibrosis": 0.004130919463932514,
    "Plueral Effusion": 0.007250736001878977,
    "Pneumonia": 0.040710244327783585,
    "RTI": 0.0044659036211669445
  }
}