{
  "predicted_class_idx": 2,
  "confidence": 0.9988983869552612,
  "all_probabilities": [
    0.0001746805792208761,
    0.0003283065452706069,
    0.9988983869552612,
    1.561806129757315e-05,
    3.31915657625359e-06,
    2.835786290233955e-07,
    0.0005755122983828187,
    3.832148195215268e-06
  ],
  "std_probabilities": [
    0.00033332459861412644,
    0.0005623532924801111,
    0.0017136085079982877,
    3.0755854822928086e-05,
    6.210100764292292e-06,
    5.517472914107202e-07,
    0.0011432612081989646,
    6.2507619986718055e-06
  ],
  "fold_predictions": [
    [
      0.0008410629234276712,
      0.00019843644986394793,
      0.9989294409751892,
      7.8968997740958e-07,
      8.311789656545443e-07,
      2.6684539022880926e-08,
      1.3334041796042584e-05,
      1.611166590009816e-05
    ],
    [
      6.488909093604889e-06,
      2.7060632845632426e-08,
      0.9999927282333374,
      1.2207651423068455e-07,
      4.53803279676368e-11,
      1.792316739468447e-09,
      5.471731583384098e-07,
      4.913775164538947e-09
    ],
    [
      2.5766466933418997e-05,
      0.001442482229322195,
      0.9955724477767944,
      7.712712249485776e-05,
      1.5723186152172275e-05,
      1.3868987025489332e-06,
      0.0028620141092687845,
      3.0333242193592014e-06
    ],
    [
      1.0797641669668678e-09,
      4.316889246069877e-08,
      0.9999994039535522,
      1.9638237702679362e-08,
      5.7754210303073705e-09,
      1.3010178871730727e-11,
      5.663422939505836e-07,
      2.8860296374944028e-09
    ],
    [
      8.346300717221311e-08,
      5.437320282908331e-07,
      0.9999982118606567,
      3.1782597886831354e-08,
      3.5596720238117996e-08,
      2.5046318352650587e-09,
      1.099925498238008e-06,
      7.951675762285504e-09
    ]
  ],
  "filename": "205_3b4_Al_mc_AKGC417L_filtered_seg2_copy_0060.wav",
  "feature_type": "mel",
  "timestamp": "20251106_113909",
  "predicted_class": "COPD",
  "class_probabilities": {
    "Asthma": 0.0001746805792208761,
    "BRON": 0.0003283065452706069,
    "COPD": 0.9988983869552612,
    "Healthy": 1.561806129757315e-05,
    "Lung Fibrosis": 3.31915657625359e-06,
    "Plueral Effusion": 2.835786290233955e-07,
    "Pneumonia": 0.0005755122983828187,
    "RTI": 3.832148195215268e-06
  }
}