{
  "predicted_class_idx": 2,
  "confidence": 0.9999996423721313,
  "all_probabilities": [
    3.827547061518999e-07,
    7.915939193026134e-08,
    0.9999996423721313,
    1.4124740439769301e-11,
    1.1112367692689418e-09,
    1.2739130497013695e-12,
    3.239203127947121e-09,
    3.1067550310126535e-08
  ],
  "std_probabilities": [
    7.034249733806064e-07,
    9.592974947736366e-08,
    7.290308303709025e-07,
    2.1089184218392454e-11,
    2.0942196865547658e-09,
    2.4977873502168846e-12,
    5.479994680257505e-09,
    5.708361072720436e-08
  ],
  "fold_predictions": [
    [
      1.7863479797597392e-06,
      9.15048836702681e-09,
      0.9999980926513672,
      1.1864337637335076e-11,
      5.295048399744928e-09,
      6.269285871690622e-12,
      6.991913159559715e-10,
      1.4495184075258294e-07
    ],
    [
      1.2446461994386482e-07,
      9.968929978385055e-14,
      0.9999998807907104,
      1.448816483180359e-14,
      1.588137542311754e-16,
      5.271162263728764e-14,
      1.2142438166051761e-09,
      2.6656940543823282e-12
    ],
    [
      2.9415672120336467e-09,
      1.3855157021680498e-08,
      1.0,
      5.5403365922801484e-11,
      3.26271606744023e-15,
      2.6488455685567108e-17,
      6.018895776747912e-13,
      2.5086519233469273e-13
    ],
    [
      7.078950056346733e-13,
      1.248274088538892e-07,
      0.9999998807907104,
      3.31870577026383e-12,
      5.295615508604801e-12,
      7.551472763572969e-17,
      1.4164634798419229e-08,
      9.042642502843368e-12
    ],
    [
      1.872744494202383e-11,
      2.4796381126179767e-07,
      0.9999997615814209,
      2.2802386132167625e-14,
      2.558367961924546e-10,
      4.7465368224405835e-14,
      1.1734171967425766e-10,
      1.0373943482022696e-08
    ]
  ],
  "filename": "193_1b2_Al_mc_AKGC417L_filtered_seg2_copy_0078.wav",
  "feature_type": "mel",
  "timestamp": "20251106_113848",
  "predicted_class": "COPD",
  "class_probabilities": {
    "Asthma": 3.827547061518999e-07,
    "BRON": 7.915939193026134e-08,
    "COPD": 0.9999996423721313,
    "Healthy": 1.4124740439769301e-11,
    "Lung Fibrosis": 1.1112367692689418e-09,
    "Plueral Effusion": 1.2739130497013695e-12,
    "Pneumonia": 3.239203127947121e-09,
    "RTI": 3.1067550310126535e-08
  }
}