{
  "predicted_class_idx": 1,
  "confidence": 0.6577370762825012,
  "all_probabilities": [
    0.3333450257778168,
    0.6577370762825012,
    0.008144112303853035,
    1.0879630281124264e-05,
    3.203793426109769e-07,
    2.178180693590548e-06,
    0.0007299409480765462,
    3.0477871405309997e-05
  ],
  "std_probabilities": [
    0.3510047495365143,
    0.3452095687389374,
    0.014882898889482021,
    1.899542985484004e-05,
    4.932838351123792e-07,
    3.7592581065837294e-06,
    0.0014460899401456118,
    5.426044299383648e-05
  ],
  "fold_predictions": [
    [
      0.05532677471637726,
      0.9067590832710266,
      0.03788965195417404,
      4.000308308604872e-06,
      8.263565387522931e-10,
      8.608395205556008e-07,
      1.0724958883656655e-05,
      8.867213182384148e-06
    ],
    [
      0.0014103896683081985,
      0.9984954595565796,
      9.297782526118681e-05,
      8.120980510284426e-08,
      7.998966111699701e-08,
      3.4007425142590364e-07,
      1.6598363572484232e-07,
      5.226098664934398e-07
    ],
    [
      0.28593140840530396,
      0.7094154953956604,
      0.0008334468002431095,
      4.876099046668969e-05,
      2.2826912982054637e-07,
      9.670862709754147e-06,
      0.0036220941692590714,
      0.00013881351333111525
    ],
    [
      0.9862453937530518,
      0.013499860651791096,
      0.0002473499334882945,
      1.5228952179313637e-06,
      1.2928082924190676e-06,
      1.0788773430192578e-08,
      3.9076695657058735e-07,
      4.170220563537441e-06
    ],
    [
      0.3378111720085144,
      0.660515308380127,
      0.0016571347368881106,
      3.274894311289245e-08,
      3.220796242556223e-12,
      8.33847391135123e-09,
      1.632884595892392e-05,
      1.5806598696599394e-08
    ]
  ],
  "filename": "206_1b1_Pl_sc_Meditron_filtered_seg1_aug_add_noise_b508f234.wav",
  "feature_type": "mfcc",
  "timestamp": "20251106_112911",
  "predicted_class": "BRON",
  "class_probabilities": {
    "Asthma": 0.3333450257778168,
    "BRON": 0.6577370762825012,
    "COPD": 0.008144112303853035,
    "Healthy": 1.0879630281124264e-05,
    "Lung Fibrosis": 3.203793426109769e-07,
    "Plueral Effusion": 2.178180693590548e-06,
    "Pneumonia": 0.0007299409480765462,
    "RTI": 3.0477871405309997e-05
  }
}