{
  "predicted_class_idx": 4,
  "confidence": 0.39149320125579834,
  "all_probabilities": [
    0.30983567237854004,
    4.382459883345291e-05,
    0.002099745674058795,
    0.2506406009197235,
    0.39149320125579834,
    0.0005787762347608805,
    0.04511081427335739,
    0.00019734757370315492
  ],
  "std_probabilities": [
    0.25389692187309265,
    7.33840570319444e-05,
    0.0027489697095006704,
    0.15408343076705933,
    0.17810794711112976,
    0.0011140506248921156,
    0.07931730151176453,
    0.0002436654467601329
  ],
  "fold_predictions": [
    [
      0.6204412579536438,
      9.801088708627503e-06,
      0.00016735114331822842,
      0.2504875361919403,
      0.1258775293827057,
      0.0028060232289135456,
      0.00010428962559672073,
      0.00010622137051541358
    ],
    [
      0.1567084938287735,
      1.6592202882748097e-06,
      0.0010432128328830004,
      0.1925625056028366,
      0.6404788494110107,
      3.7432851058838423e-06,
      0.008531195111572742,
      0.0006703041726723313
    ],
    [
      0.1484665423631668,
      0.00019023893401026726,
      0.000963260536082089,
      0.35134464502334595,
      0.29528293013572693,
      8.165220788214356e-05,
      0.2036415934562683,
      2.9119517421349883e-05
    ],
    [
      0.01484084315598011,
      1.53308646986261e-05,
      0.0007615223294124007,
      0.4577593207359314,
      0.5201760530471802,
      2.4198332084779395e-06,
      0.006270979065448046,
      0.00017348810797557235
    ],
    [
      0.6087211966514587,
      2.092888962579309e-06,
      0.007563382387161255,
      0.00104904652107507,
      0.37565064430236816,
      4.255188912338781e-08,
      0.0070060244761407375,
      7.604723123222357e-06
    ]
  ],
  "filename": "BP4_Heart_Failure__Lung_Fibrosis_I_CP_L_R72F_filtered_seg1_orig_0007.wav",
  "feature_type": "mfcc",
  "timestamp": "20251106_114556",
  "predicted_class": "Lung Fibrosis",
  "class_probabilities": {
    "Asthma": 0.30983567237854004,
    "BRON": 4.382459883345291e-05,
    "COPD": 0.002099745674058795,
    "Healthy": 0.2506406009197235,
    "Lung Fibrosis": 0.39149320125579834,
    "Plueral Effusion": 0.0005787762347608805,
    "Pneumonia": 0.04511081427335739,
    "RTI": 0.00019734757370315492
  }
}