{
  "predicted_class_idx": 6,
  "confidence": 0.8357930183410645,
  "all_probabilities": [
    0.09488365799188614,
    0.00039059887058101594,
    0.0020506703294813633,
    0.06043078750371933,
    0.005484608933329582,
    0.0009313076734542847,
    0.8357930183410645,
    3.533820927259512e-05
  ],
  "std_probabilities": [
    0.12218142300844193,
    0.0007138220244087279,
    0.001640099915675819,
    0.07323557883501053,
    0.0068157268688082695,
    0.0012787776067852974,
    0.14663377404212952,
    2.728556501097046e-05
  ],
  "fold_predictions": [
    [
      0.008297952823340893,
      3.226611443096772e-05,
      0.00010732041846495122,
      0.027599425986409187,
      0.002844494767487049,
      1.3158260117052123e-05,
      0.9611008167266846,
      4.531645117822336e-06
    ],
    [
      0.05906713381409645,
      3.7070280086481944e-05,
      0.0004473480803426355,
      0.20510178804397583,
      0.01844228245317936,
      4.5325647079152986e-05,
      0.7167952656745911,
      6.381598359439522e-05
    ],
    [
      0.0022843144834041595,
      2.8290507998463e-06,
      0.003472541458904743,
      0.012082260102033615,
      0.00012698244245257229,
      1.5901456436040462e-06,
      0.9819989204406738,
      3.060224116779864e-05
    ],
    [
      0.33310192823410034,
      0.0018177299061790109,
      0.0019249453907832503,
      0.0437934473156929,
      0.005867729429155588,
      0.0032849078997969627,
      0.6101394891738892,
      6.981487240409479e-05
    ],
    [
      0.07166694104671478,
      6.309899617917836e-05,
      0.004301195498555899,
      0.013577000238001347,
      0.00014155633107293397,
      0.0013115565525367856,
      0.9089307188987732,
      7.926301805127878e-06
    ]
  ],
  "filename": "BP18_pneumoniaCP_R_U57M_filtered_seg3_orig_0076.wav",
  "feature_type": "concat",
  "timestamp": "20251106_115203",
  "predicted_class": "Pneumonia",
  "class_probabilities": {
    "Asthma": 0.09488365799188614,
    "BRON": 0.00039059887058101594,
    "COPD": 0.0020506703294813633,
    "Healthy": 0.06043078750371933,
    "Lung Fibrosis": 0.005484608933329582,
    "Plueral Effusion": 0.0009313076734542847,
    "Pneumonia": 0.8357930183410645,
    "RTI": 3.533820927259512e-05
  }
}