{
  "predicted_class_idx": 1,
  "confidence": 0.9444667100906372,
  "all_probabilities": [
    0.0003651517035905272,
    0.9444667100906372,
    0.013220587745308876,
    0.007078344468027353,
    0.00173152144998312,
    8.92949610715732e-05,
    0.023679159581661224,
    0.009369269013404846
  ],
  "std_probabilities": [
    0.0007288909982889891,
    0.04011836275458336,
    0.02268541045486927,
    0.011648987419903278,
    0.003459239611402154,
    0.00017851476150099188,
    0.017745517194271088,
    0.0072691356763243675
  ],
  "fold_predictions": [
    [
      2.5404767178827115e-10,
      0.9999971389770508,
      8.239836688517244e-07,
      4.16730358665518e-07,
      1.1973275704235675e-09,
      4.642704831692157e-10,
      9.620794116926845e-07,
      7.297458637367527e-07
    ],
    [
      1.222161358782614e-07,
      0.9092538952827454,
      0.05844266340136528,
      0.0018094435799866915,
      7.028536856523715e-06,
      6.699916177410614e-09,
      0.01619049161672592,
      0.0142963333055377
    ],
    [
      1.2237593409736292e-06,
      0.9414359927177429,
      0.002511261962354183,
      0.00214198837056756,
      3.146211611237959e-07,
      1.4200209363934846e-07,
      0.04855956882238388,
      0.005349473562091589
    ],
    [
      0.0018229332054033875,
      0.8936020731925964,
      0.005019072443246841,
      0.0303301103413105,
      0.008649998344480991,
      0.0004463244404178113,
      0.03945142403244972,
      0.020678071305155754
    ],
    [
      1.4790293789701536e-06,
      0.9780442118644714,
      0.00012911537487525493,
      0.0011097630485892296,
      2.6438041800247447e-07,
      1.1812271161204535e-09,
      0.01419334951788187,
      0.0065217399969697
    ]
  ],
  "filename": "169_1b1_Lr_sc_Meditron_filtered_seg2_aug_change_volume-time_stretch_8854c318.wav",
  "feature_type": "concat",
  "timestamp": "20251106_112751",
  "predicted_class": "BRON",
  "class_probabilities": {
    "Asthma": 0.0003651517035905272,
    "BRON": 0.9444667100906372,
    "COPD": 0.013220587745308876,
    "Healthy": 0.007078344468027353,
    "Lung Fibrosis": 0.00173152144998312,
    "Plueral Effusion": 8.92949610715732e-05,
    "Pneumonia": 0.023679159581661224,
    "RTI": 0.009369269013404846
  }
}