{
  "predicted_class_idx": 5,
  "confidence": 0.7981957197189331,
  "all_probabilities": [
    1.7147858670796268e-06,
    5.309274087039739e-08,
    0.1999433934688568,
    0.0018559449817985296,
    3.897009936970619e-10,
    0.7981957197189331,
    1.2717610964330106e-08,
    3.1386884984385688e-06
  ],
  "std_probabilities": [
    3.381258466106374e-06,
    8.155615205396316e-08,
    0.3998867869377136,
    0.0021616604644805193,
    4.936783204456674e-10,
    0.39910298585891724,
    1.7736883961561034e-08,
    5.542123290069867e-06
  ],
  "fold_predictions": [
    [
      5.007429493275595e-08,
      1.5810975639851677e-08,
      5.098630140309979e-08,
      0.005113539751619101,
      1.1748951811441088e-09,
      0.9948720335960388,
      1.8080895003436126e-08,
      1.4195315998222213e-05
    ],
    [
      3.42944846799749e-16,
      2.4585933289245077e-10,
      1.3184907610153118e-09,
      0.00010196337825618684,
      1.6218515246080312e-13,
      0.9998980760574341,
      3.724522453689774e-15,
      7.486767455988641e-11
    ],
    [
      4.2029615343608384e-08,
      2.1414415130038833e-07,
      9.624073760150509e-11,
      0.0037884963676333427,
      4.278414374083578e-13,
      0.9962102174758911,
      1.7810432295650713e-10,
      1.067917423824838e-06
    ],
    [
      4.638438078075069e-09,
      5.86945260401661e-17,
      1.2754394024701343e-18,
      1.5950070064718602e-06,
      8.199075641514286e-15,
      0.9999984502792358,
      2.238929366950586e-16,
      1.4812149851930675e-15
    ],
    [
      8.47718729346525e-06,
      3.526272607246028e-08,
      0.9997169375419617,
      0.00027413031784817576,
      7.730115436643814e-10,
      1.3324135572645446e-08,
      4.532904895881984e-08,
      4.301340084111871e-07
    ]
  ],
  "filename": "226_1b1_Al_sc_Meditron_filtered_seg1_aug_add_noise-time_stretch-time_shift_87322d13.wav",
  "feature_type": "mel",
  "timestamp": "20251106_115152",
  "predicted_class": "Plueral Effusion",
  "class_probabilities": {
    "Asthma": 1.7147858670796268e-06,
    "BRON": 5.309274087039739e-08,
    "COPD": 0.1999433934688568,
    "Healthy": 0.0018559449817985296,
    "Lung Fibrosis": 3.897009936970619e-10,
    "Plueral Effusion": 0.7981957197189331,
    "Pneumonia": 1.2717610964330106e-08,
    "RTI": 3.1386884984385688e-06
  }
}