{
  "predicted_class_idx": 2,
  "confidence": 0.5269317030906677,
  "all_probabilities": [
    4.935125616611913e-05,
    0.45530837774276733,
    0.5269317030906677,
    0.012128346599638462,
    2.795507043629186e-07,
    5.155410690349527e-06,
    1.9309678464196622e-05,
    0.005557434167712927
  ],
  "std_probabilities": [
    9.158423927146941e-05,
    0.36774754524230957,
    0.37639060616493225,
    0.019555632025003433,
    3.5762215588874824e-07,
    9.905465958581772e-06,
    2.171213782276027e-05,
    0.008557832799851894
  ],
  "fold_predictions": [
    [
      4.240291957557929e-07,
      0.6333944797515869,
      0.35868722200393677,
      0.00791150238364935,
      9.738316748553189e-07,
      1.599622478920537e-08,
      3.6858143204199223e-09,
      5.331302418198902e-06
    ],
    [
      9.890779750776346e-08,
      0.7067150473594666,
      0.2928241491317749,
      5.2372350182849914e-05,
      1.6214674047887456e-08,
      2.0995657989963945e-10,
      4.189633884266186e-08,
      0.00040831530350260437
    ],
    [
      1.3646044862980489e-05,
      0.0352446623146534,
      0.9415701031684875,
      0.0006370579940266907,
      5.893969312609215e-09,
      3.612920806972397e-07,
      5.0701357395155355e-05,
      0.022483423352241516
    ],
    [
      3.598958357997617e-07,
      0.0007198257371783257,
      0.9968329071998596,
      0.0012164205545559525,
      2.2138056010589935e-07,
      4.3635404267661215e-07,
      5.552997208724264e-06,
      0.0012243357487022877
    ],
    [
      0.00023222739400807768,
      0.9004679322242737,
      0.044744279235601425,
      0.050824377685785294,
      1.8043255067823338e-07,
      2.4963201212813146e-05,
      4.024845111416653e-05,
      0.0036657648161053658
    ]
  ],
  "filename": "169_1b1_Lr_sc_Meditron_filtered_seg1_aug_add_noise-pitch_shift-highpass_6dc2fbbc.wav",
  "feature_type": "concat",
  "timestamp": "20251106_112729",
  "predicted_class": "COPD",
  "class_probabilities": {
    "Asthma": 4.935125616611913e-05,
    "BRON": 0.45530837774276733,
    "COPD": 0.5269317030906677,
    "Healthy": 0.012128346599638462,
    "Lung Fibrosis": 2.795507043629186e-07,
    "Plueral Effusion": 5.155410690349527e-06,
    "Pneumonia": 1.9309678464196622e-05,
    "RTI": 0.005557434167712927
  }
}