{
  "predicted_class_idx": 5,
  "confidence": 0.9999996423721313,
  "all_probabilities": [
    2.1898250324170476e-08,
    4.080826343511035e-09,
    2.0462069250771304e-15,
    4.091404264272569e-07,
    4.3169107177831734e-11,
    0.9999996423721313,
    3.0482341911025612e-12,
    2.789854207163123e-15
  ],
  "std_probabilities": [
    3.9308343247057564e-08,
    5.560003568660932e-09,
    2.5055391280877446e-15,
    5.150347988092108e-07,
    6.932214524635327e-11,
    5.514637564374425e-07,
    6.073087779195907e-12,
    4.8237581904396216e-15
  ],
  "fold_predictions": [
    [
      1.0026631969139999e-07,
      6.348306769154988e-09,
      3.625101537989327e-15,
      1.3395745099842316e-06,
      1.7885597169975398e-10,
      0.9999985694885254,
      1.5194361394077482e-11,
      1.2365120795223943e-14
    ],
    [
      8.861490985445641e-10,
      1.4054640118388306e-08,
      3.565267818809553e-16,
      5.975205112918047e-07,
      3.682620527967195e-11,
      0.9999994039535522,
      1.7716684061580795e-15,
      1.5366238571959444e-15
    ],
    [
      1.52054011742786e-11,
      7.885651766986745e-14,
      8.471019328249176e-21,
      1.1570550073614072e-11,
      3.008684008758667e-20,
      1.0,
      1.9746878220460103e-19,
      2.812878079305148e-19
    ],
    [
      3.5722591334649834e-13,
      5.854151671339019e-22,
      8.867748138151096e-26,
      7.585861192677124e-13,
      1.369478308681781e-23,
      1.0,
      3.8843690202280288e-22,
      2.0849932688661554e-27
    ],
    [
      8.323227440598657e-09,
      1.1066241239338082e-12,
      6.24939764989744e-15,
      1.0859475452207334e-07,
      1.633566329081737e-13,
      0.9999998807907104,
      4.5039025406336947e-14,
      4.7245634987105403e-17
    ]
  ],
  "filename": "BP6_Plueral_EffusionI_C_BP_L_R81M_filtered_seg3_aug_pitch_shift_82ec5dd3.wav",
  "feature_type": "mel",
  "timestamp": "20251106_115851",
  "predicted_class": "Plueral Effusion",
  "class_probabilities": {
    "Asthma": 2.1898250324170476e-08,
    "BRON": 4.080826343511035e-09,
    "COPD": 2.0462069250771304e-15,
    "Healthy": 4.091404264272569e-07,
    "Lung Fibrosis": 4.3169107177831734e-11,
    "Plueral Effusion": 0.9999996423721313,
    "Pneumonia": 3.0482341911025612e-12,
    "RTI": 2.789854207163123e-15
  }
}