{
  "predicted_class_idx": 7,
  "confidence": 0.9843124151229858,
  "all_probabilities": [
    6.49849596356944e-07,
    0.013824129477143288,
    4.181549684290076e-06,
    0.0017565485322847962,
    9.675802630226826e-07,
    6.613632308472006e-07,
    0.00010030624980572611,
    0.9843124151229858
  ],
  "std_probabilities": [
    9.763247135197162e-07,
    0.02074829675257206,
    3.205418806828675e-06,
    0.0016176268691197038,
    1.8677336584005388e-06,
    1.2227263823660905e-06,
    0.00015989864186849445,
    0.02041170746088028
  ],
  "fold_predictions": [
    [
      4.080108695347917e-09,
      0.05530157312750816,
      3.086769311266835e-06,
      0.0010183415142819285,
      3.9270314999839684e-08,
      1.0210706591351482e-07,
      4.8700530896894634e-05,
      0.9436281323432922
    ],
    [
      1.0694056129523233e-07,
      0.0028158165514469147,
      8.13924543763278e-07,
      0.0005856242496520281,
      3.898148470682372e-09,
      7.801347834401895e-08,
      0.00041786511428654194,
      0.9961795806884766
    ],
    [
      2.5792796805035323e-06,
      0.002947138622403145,
      9.529551789455581e-06,
      0.0044198064133524895,
      4.7026064748934004e-06,
      3.105732503172476e-06,
      3.407460462767631e-05,
      0.9925790429115295
    ],
    [
      4.4862528625344567e-07,
      0.004603718873113394,
      5.956952463748166e-06,
      0.002756125060841441,
      8.410678020709383e-08,
      1.0943296047116746e-08,
      1.954478250354441e-07,
      0.9926334023475647
    ],
    [
      1.1032236812980045e-07,
      0.003452394623309374,
      1.5205487216007896e-06,
      2.845452172550722e-06,
      8.01936295147243e-09,
      1.0019835627872453e-08,
      6.955334015401604e-07,
      0.9965423941612244
    ]
  ],
  "filename": "115_1b1_Ar_sc_Meditron_filtered_seg1_aug_time_shift_f6207498.wav",
  "feature_type": "mfcc",
  "timestamp": "20251106_115354",
  "predicted_class": "RTI",
  "class_probabilities": {
    "Asthma": 6.49849596356944e-07,
    "BRON": 0.013824129477143288,
    "COPD": 4.181549684290076e-06,
    "Healthy": 0.0017565485322847962,
    "Lung Fibrosis": 9.675802630226826e-07,
    "Plueral Effusion": 6.613632308472006e-07,
    "Pneumonia": 0.00010030624980572611,
    "RTI": 0.9843124151229858
  }
}