{
  "predicted_class_idx": 3,
  "confidence": 0.8930016756057739,
  "all_probabilities": [
    0.017833523452281952,
    0.004403619095683098,
    0.0023074124474078417,
    0.8930016756057739,
    0.004579873289912939,
    0.0009212723816744983,
    0.07644377648830414,
    0.0005088513717055321
  ],
  "std_probabilities": [
    0.01046240795403719,
    0.003587681334465742,
    0.002428342355415225,
    0.0701415166258812,
    0.006314000580459833,
    0.0005813167663291097,
    0.07035716623067856,
    0.0005528558976948261
  ],
  "fold_predictions": [
    [
      0.008135441690683365,
      0.0005194097175262868,
      4.202653144602664e-06,
      0.9854974150657654,
      0.0004635775403585285,
      0.0004608856688719243,
      0.004503294825553894,
      0.00041574478382244706
    ],
    [
      0.008553375490009785,
      0.0007767524220980704,
      0.001195296412333846,
      0.7962813377380371,
      0.0030434802174568176,
      0.00011629606160568073,
      0.18999174237251282,
      4.179636380285956e-05
    ],
    [
      0.035973869264125824,
      0.008447743020951748,
      0.002824205905199051,
      0.888312816619873,
      0.0012476516421884298,
      0.0016474484000355005,
      0.06138851121068001,
      0.00015774388157296926
    ],
    [
      0.013910068199038506,
      0.0035149569157510996,
      0.0007173657650128007,
      0.9550221562385559,
      0.017089828848838806,
      0.0014710535760968924,
      0.007927699014544487,
      0.00034684661659412086
    ],
    [
      0.022594861686229706,
      0.008759234100580215,
      0.006795990746468306,
      0.839894711971283,
      0.0010548285208642483,
      0.000910678063519299,
      0.11840763688087463,
      0.0015821252018213272
    ]
  ],
  "filename": "BP72_NNP_R_U24F_filtered_seg3_orig_0101.wav",
  "feature_type": "mfcc",
  "timestamp": "20251106_114343",
  "predicted_class": "Healthy",
  "class_probabilities": {
    "Asthma": 0.017833523452281952,
    "BRON": 0.004403619095683098,
    "COPD": 0.0023074124474078417,
    "Healthy": 0.8930016756057739,
    "Lung Fibrosis": 0.004579873289912939,
    "Plueral Effusion": 0.0009212723816744983,
    "Pneumonia": 0.07644377648830414,
    "RTI": 0.0005088513717055321
  }
}