{
  "predicted_class_idx": 3,
  "confidence": 0.34769755601882935,
  "all_probabilities": [
    0.13596375286579132,
    0.021736811846494675,
    0.000325360189890489,
    0.34769755601882935,
    0.19030643999576569,
    0.0005873854970559478,
    0.30230244994163513,
    0.0010802202159538865
  ],
  "std_probabilities": [
    0.09969985485076904,
    0.01326722837984562,
    0.0002601229352876544,
    0.2585007846355438,
    0.1735873967409134,
    0.0011110409395769238,
    0.17466801404953003,
    0.0011778977932408452
  ],
  "fold_predictions": [
    [
      0.019361382350325584,
      0.021006308495998383,
      0.0003290617896709591,
      0.8198115825653076,
      0.0032042355742305517,
      5.902712655370124e-05,
      0.1362084150314331,
      1.995751154026948e-05
    ],
    [
      0.016369076445698738,
      0.004420969635248184,
      7.798798469593748e-05,
      0.3595177233219147,
      0.5194070935249329,
      1.036153389577521e-05,
      0.0998508557677269,
      0.00034597242483869195
    ],
    [
      0.21998660266399384,
      0.037797898054122925,
      2.691522240638733e-05,
      0.14822855591773987,
      0.16031935811042786,
      3.98256815969944e-05,
      0.4314083755016327,
      0.002192482817918062
    ],
    [
      0.1722828447818756,
      0.035374511033296585,
      0.0007397689041681588,
      0.08130024373531342,
      0.14368018507957458,
      0.0028092078864574432,
      0.5610127449035645,
      0.002800488844513893
    ],
    [
      0.25181880593299866,
      0.010084373876452446,
      0.00045306701213121414,
      0.3296297788619995,
      0.1249212697148323,
      1.8505299522075802e-05,
      0.28303200006484985,
      4.219910260871984e-05
    ]
  ],
  "filename": "BP4_Plueral_EffusionI_C_BP_L_L70M_filtered_seg3_aug_time_shift_7e866f6155.wav",
  "feature_type": "concat",
  "timestamp": "20251106_115721",
  "predicted_class": "Healthy",
  "class_probabilities": {
    "Asthma": 0.13596375286579132,
    "BRON": 0.021736811846494675,
    "COPD": 0.000325360189890489,
    "Healthy": 0.34769755601882935,
    "Lung Fibrosis": 0.19030643999576569,
    "Plueral Effusion": 0.0005873854970559478,
    "Pneumonia": 0.30230244994163513,
    "RTI": 0.0010802202159538865
  }
}