{
  "predicted_class_idx": 2,
  "confidence": 0.6327332854270935,
  "all_probabilities": [
    3.140231274301186e-05,
    0.05422157049179077,
    0.6327332854270935,
    0.007857652381062508,
    7.114121217455249e-06,
    2.2001272554916795e-06,
    0.29669860005378723,
    0.008448167704045773
  ],
  "std_probabilities": [
    6.047778879292309e-05,
    0.08211345970630646,
    0.3605291545391083,
    0.009237288497388363,
    1.4163051673676819e-05,
    4.064421318616951e-06,
    0.34466174244880676,
    0.010342027992010117
  ],
  "fold_predictions": [
    [
      1.0188117727238932e-07,
      0.05417488515377045,
      0.0012215195456519723,
      0.0008191358065232635,
      8.000539786223726e-09,
      6.819610987029989e-10,
      0.9315444231033325,
      0.012239888310432434
    ],
    [
      8.479815249984313e-08,
      0.002592201577499509,
      0.9959315657615662,
      9.244741522707045e-05,
      3.395155712127007e-09,
      1.9090377634256583e-07,
      0.0013703719014301896,
      1.3068874068267178e-05
    ],
    [
      0.0001523094397271052,
      0.21323828399181366,
      0.5896255373954773,
      0.02019505389034748,
      3.544018545653671e-05,
      1.0322203706891742e-05,
      0.1496608704328537,
      0.027082208544015884
    ],
    [
      2.5540249026789752e-08,
      0.0008550272323191166,
      0.9739654064178467,
      0.00010344212205382064,
      5.581100026574859e-08,
      2.2568702462422152e-08,
      0.022180495783686638,
      0.0028955780435353518
    ],
    [
      4.489902948989766e-06,
      0.0002474606444593519,
      0.6029223799705505,
      0.01807817816734314,
      6.321877066284287e-08,
      4.642775479624106e-07,
      0.3787368834018707,
      1.009551215247484e-05
    ]
  ],
  "filename": "COPD_3.wav",
  "feature_type": "mel",
  "timestamp": "20251106_143632",
  "predicted_class": "COPD",
  "class_probabilities": {
    "Asthma": 3.140231274301186e-05,
    "BRON": 0.05422157049179077,
    "COPD": 0.6327332854270935,
    "Healthy": 0.007857652381062508,
    "Lung Fibrosis": 7.114121217455249e-06,
    "Plueral Effusion": 2.2001272554916795e-06,
    "Pneumonia": 0.29669860005378723,
    "RTI": 0.008448167704045773
  }
}