{
  "predicted_class_idx": 3,
  "confidence": 0.8829631805419922,
  "all_probabilities": [
    0.04132881015539169,
    0.0008292482234537601,
    0.00023379837512038648,
    0.8829631805419922,
    0.0003483271284494549,
    8.226971885960666e-07,
    0.07414467632770538,
    0.00015116574650164694
  ],
  "std_probabilities": [
    0.026784706860780716,
    0.001516376854851842,
    0.00041603270801715553,
    0.1490960568189621,
    0.000163871722179465,
    1.0030503290181514e-06,
    0.13223391771316528,
    0.0001563932455610484
  ],
  "fold_predictions": [
    [
      0.07527274638414383,
      5.0041533540934324e-05,
      1.5024612594061182e-06,
      0.9125926494598389,
      0.0004966031992807984,
      2.0585348465829156e-06,
      0.01151078287512064,
      7.355643174378201e-05
    ],
    [
      0.011656706221401691,
      0.0002289241092512384,
      3.522283122947556e-06,
      0.9787607789039612,
      0.0003652911982499063,
      3.275418158921184e-09,
      0.008982691913843155,
      2.1724549696955364e-06
    ],
    [
      0.06675119698047638,
      0.003857492934912443,
      0.0010622490663081408,
      0.5890209674835205,
      0.00039406525320373476,
      2.0437898911040975e-06,
      0.33857595920562744,
      0.00033606606302782893
    ],
    [
      0.011195969767868519,
      9.672246051195543e-06,
      0.00010166986612603068,
      0.9829113483428955,
      0.00045218016020953655,
      7.035168447799833e-09,
      0.004985345993191004,
      0.0003437934210523963
    ],
    [
      0.0417674258351326,
      1.101634552469477e-07,
      4.8223515847212184e-08,
      0.9515301585197449,
      3.349588587298058e-05,
      8.508023174869095e-10,
      0.006668616086244583,
      2.403581049748027e-07
    ]
  ],
  "filename": "BP106_AsthmaE_WP_L_U45F_filtered_seg2_aug_highpass_081430f1.wav",
  "feature_type": "mfcc",
  "timestamp": "20251106_120133",
  "predicted_class": "Healthy",
  "class_probabilities": {
    "Asthma": 0.04132881015539169,
    "BRON": 0.0008292482234537601,
    "COPD": 0.00023379837512038648,
    "Healthy": 0.8829631805419922,
    "Lung Fibrosis": 0.0003483271284494549,
    "Plueral Effusion": 8.226971885960666e-07,
    "Pneumonia": 0.07414467632770538,
    "RTI": 0.00015116574650164694
  }
}