{
  "predicted_class_idx": 0,
  "confidence": 0.7210219502449036,
  "all_probabilities": [
    0.7210219502449036,
    0.010843304917216301,
    0.0005538453115150332,
    0.2605847716331482,
    8.344181696884334e-05,
    0.005091146565973759,
    4.003747108072275e-06,
    0.0018175555160269141
  ],
  "std_probabilities": [
    0.33316290378570557,
    0.021426092833280563,
    0.0010989564470946789,
    0.3138940930366516,
    0.00013492086145561188,
    0.007520132232457399,
    4.208072823530529e-06,
    0.0034325155429542065
  ],
  "fold_predictions": [
    [
      0.220437154173851,
      1.6886067896848544e-05,
      0.002751745982095599,
      0.7482040524482727,
      2.770174432953354e-05,
      0.019872574135661125,
      9.814149962039664e-06,
      0.008680080063641071
    ],
    [
      0.9965248703956604,
      2.8593476599780843e-05,
      2.03666033371519e-07,
      0.002182160969823599,
      3.725822898559272e-05,
      0.0009530485840514302,
      3.632503586120661e-12,
      0.00027380467508919537
    ],
    [
      0.9673541784286499,
      0.00038053523167036474,
      1.0807489161379635e-05,
      0.03159486502408981,
      5.681062020812533e-07,
      0.0006085229106247425,
      1.8952717937281705e-06,
      4.867772076977417e-05
    ],
    [
      0.42091864347457886,
      0.05369468033313751,
      1.7596802308617043e-06,
      0.5209196209907532,
      0.00035167456371709704,
      0.004020324908196926,
      8.293340215459466e-06,
      8.504609286319464e-05
    ],
    [
      0.9998749494552612,
      9.583275823388249e-05,
      4.709376298706047e-06,
      2.303788460267242e-05,
      6.4417529088700576e-09,
      1.2641493185583386e-06,
      1.597064169800433e-08,
      1.6823094028950436e-07
    ]
  ],
  "filename": "BP26_Lung_FibrosisCrepP90F_filtered_seg1_aug_time_stretch-add_noise-pitch_shift_438bb41b.wav",
  "feature_type": "mfcc",
  "timestamp": "20251106_114732",
  "predicted_class": "Asthma",
  "class_probabilities": {
    "Asthma": 0.7210219502449036,
    "BRON": 0.010843304917216301,
    "COPD": 0.0005538453115150332,
    "Healthy": 0.2605847716331482,
    "Lung Fibrosis": 8.344181696884334e-05,
    "Plueral Effusion": 0.005091146565973759,
    "Pneumonia": 4.003747108072275e-06,
    "RTI": 0.0018175555160269141
  }
}