{
  "predicted_class_idx": 2,
  "confidence": 0.7867414951324463,
  "all_probabilities": [
    0.0007057158509269357,
    4.180605901638046e-05,
    0.7867414951324463,
    0.015244513750076294,
    2.583939567557536e-05,
    0.00010789539373945445,
    4.019445327685389e-07,
    0.19713225960731506
  ],
  "std_probabilities": [
    0.0013258429244160652,
    8.275487198261544e-05,
    0.3843196928501129,
    0.026791658252477646,
    3.3055814128601924e-05,
    0.00020673629478551447,
    6.1627042668988e-07,
    0.391505628824234
  ],
  "fold_predictions": [
    [
      1.8476247305443394e-06,
      5.2449649956543e-07,
      0.9999464750289917,
      1.4907805052644107e-05,
      2.4394844899688906e-07,
      2.2976279212549855e-10,
      1.1602229177398726e-09,
      3.599418778321706e-05
    ],
    [
      6.11593335975158e-08,
      3.002276899310985e-11,
      0.9999998807907104,
      8.483512503598689e-11,
      4.944968046149967e-13,
      1.77106818793904e-11,
      1.6491986443156748e-08,
      1.671771054922999e-11
    ],
    [
      5.130507815920282e-06,
      9.800219231692608e-07,
      0.01979624293744564,
      6.369247421389446e-05,
      1.0595006649793959e-08,
      2.3731294263029667e-08,
      1.5973636209309916e-06,
      0.9801324009895325
    ],
    [
      0.0033543226309120655,
      2.1124769489233586e-07,
      0.9834745526313782,
      0.007641861215233803,
      8.010244346223772e-05,
      1.832859379646834e-05,
      1.1358882723300212e-09,
      0.005430526565760374
    ],
    [
      0.00016721742576919496,
      0.00020731448603328317,
      0.9304904937744141,
      0.06850210577249527,
      4.884000009042211e-05,
      0.0005211243988014758,
      3.9357115610982873e-07,
      6.243109964998439e-05
    ]
  ],
  "filename": "163_2b2_Ar_mc_AKGC417L_filtered_seg1_copy_0005.wav",
  "feature_type": "mel",
  "timestamp": "20251106_113407",
  "predicted_class": "COPD",
  "class_probabilities": {
    "Asthma": 0.0007057158509269357,
    "BRON": 4.180605901638046e-05,
    "COPD": 0.7867414951324463,
    "Healthy": 0.015244513750076294,
    "Lung Fibrosis": 2.583939567557536e-05,
    "Plueral Effusion": 0.00010789539373945445,
    "Pneumonia": 4.019445327685389e-07,
    "RTI": 0.19713225960731506
  }
}