{
  "predicted_class_idx": 1,
  "confidence": 0.39364421367645264,
  "all_probabilities": [
    0.20974528789520264,
    0.39364421367645264,
    2.828968717949465e-06,
    0.0012262173695489764,
    3.7065058222651714e-07,
    0.19845865666866302,
    3.457452635302616e-07,
    0.19692203402519226
  ],
  "std_probabilities": [
    0.3915124237537384,
    0.4723775088787079,
    3.033528173546074e-06,
    0.002351540606468916,
    6.832325993855193e-07,
    0.3895524740219116,
    6.913048764545238e-07,
    0.3937133848667145
  ],
  "fold_predictions": [
    [
      0.00024723142269067466,
      0.0005790852010250092,
      8.614173907517397e-07,
      2.534070154069923e-05,
      1.734001330078172e-06,
      0.014795338734984398,
      1.728355073282728e-06,
      0.984348714351654
    ],
    [
      0.0004758457071147859,
      0.02176143415272236,
      4.297714440326672e-06,
      2.2166870621731505e-05,
      2.066305893749787e-12,
      0.9774793982505798,
      3.374797457548345e-14,
      0.00025677637313492596
    ],
    [
      0.9915589094161987,
      0.002481735311448574,
      8.128986337396782e-06,
      0.005928020924329758,
      1.5867122893364893e-10,
      1.848218380473554e-05,
      3.605426790453947e-10,
      4.709445420303382e-06
    ],
    [
      0.056444503366947174,
      0.9433988332748413,
      8.567220106669993e-07,
      0.00015555840218439698,
      1.1909077812788382e-07,
      7.120905110014064e-08,
      1.0839293872189071e-11,
      1.8042833005438297e-08
    ],
    [
      4.182382407558942e-16,
      1.0,
      3.266500568296915e-12,
      1.9060582279184501e-10,
      3.7599223627881967e-22,
      1.4567130748860792e-15,
      5.683325054791358e-17,
      3.6241415424242973e-10
    ]
  ],
  "filename": "148_1b1_Al_sc_Meditron_filtered_seg1_aug_add_noise-pitch_shift_8e5d5ae4.wav",
  "feature_type": "mfcc",
  "timestamp": "20251106_115412",
  "predicted_class": "BRON",
  "class_probabilities": {
    "Asthma": 0.20974528789520264,
    "BRON": 0.39364421367645264,
    "COPD": 2.828968717949465e-06,
    "Healthy": 0.0012262173695489764,
    "Lung Fibrosis": 3.7065058222651714e-07,
    "Plueral Effusion": 0.19845865666866302,
    "Pneumonia": 3.457452635302616e-07,
    "RTI": 0.19692203402519226
  }
}