{
  "predicted_class_idx": 2,
  "confidence": 0.9784334301948547,
  "all_probabilities": [
    3.504067990434123e-06,
    0.0004998544463887811,
    0.9784334301948547,
    1.2736275039060274e-06,
    3.3692988381517353e-06,
    1.371721758403055e-08,
    0.020005205646157265,
    0.001053373096510768
  ],
  "std_probabilities": [
    6.309394393611001e-06,
    0.0005698216846212745,
    0.023592114448547363,
    9.780120535651804e-07,
    6.593659236386884e-06,
    2.5913967860446974e-08,
    0.023964356631040573,
    0.0011713916901499033
  ],
  "fold_predictions": [
    [
      2.816363320334858e-08,
      5.393288120103534e-06,
      0.9965389966964722,
      1.778519390427391e-06,
      3.958532168724105e-09,
      1.1084738162081553e-11,
      0.00015515511040575802,
      0.0032986565493047237
    ],
    [
      1.6404794678237522e-07,
      1.2780087388364336e-07,
      0.9615941643714905,
      2.821434463839978e-06,
      2.278737865069047e-09,
      1.622788681210352e-09,
      0.03801419585943222,
      0.0003883826138917357
    ],
    [
      3.0614188517574803e-07,
      0.0015600669430568814,
      0.9949107766151428,
      5.602187229669653e-07,
      1.655479172768537e-05,
      6.552822640060185e-08,
      0.002976940246298909,
      0.0005347829428501427
    ],
    [
      1.6108338968479075e-05,
      0.00042788690188899636,
      0.9400433301925659,
      1.2065247574355453e-06,
      2.853045657502662e-07,
      1.376484481951934e-09,
      0.05846672132611275,
      0.0010444122599437833
    ],
    [
      9.136480798588309e-07,
      0.0005057970411144197,
      0.9990795850753784,
      1.4398181535923982e-09,
      1.5940944397829782e-10,
      4.7505051975482715e-11,
      0.000413014815421775,
      6.307565740826249e-07
    ]
  ],
  "filename": "170_1b4_Pr_mc_AKGC417L_filtered_seg2_copy_0152.wav",
  "feature_type": "mfcc",
  "timestamp": "20251106_113441",
  "predicted_class": "COPD",
  "class_probabilities": {
    "Asthma": 3.504067990434123e-06,
    "BRON": 0.0004998544463887811,
    "COPD": 0.9784334301948547,
    "Healthy": 1.2736275039060274e-06,
    "Lung Fibrosis": 3.3692988381517353e-06,
    "Plueral Effusion": 1.371721758403055e-08,
    "Pneumonia": 0.020005205646157265,
    "RTI": 0.001053373096510768
  }
}