{
  "predicted_class_idx": 2,
  "confidence": 0.8621204495429993,
  "all_probabilities": [
    0.051903121173381805,
    0.0003262102254666388,
    0.8621204495429993,
    0.0780201405286789,
    0.0014320402406156063,
    0.0022156951017677784,
    0.001075592590495944,
    0.002906693145632744
  ],
  "std_probabilities": [
    0.09986358135938644,
    0.0006444699829444289,
    0.22033393383026123,
    0.12163879722356796,
    0.0015966234495863318,
    0.004163643345236778,
    0.0012597012100741267,
    0.003587625455111265
  ],
  "fold_predictions": [
    [
      0.0030481615103781223,
      6.682814718272923e-11,
      0.996001660823822,
      6.124612264102325e-05,
      0.0008530269842594862,
      7.810402102848002e-09,
      1.6703498584291765e-09,
      3.591509084799327e-05
    ],
    [
      0.00022884750796947628,
      6.398817586905636e-10,
      0.9889391660690308,
      0.008492396213114262,
      2.834944439200626e-07,
      5.883009190910116e-09,
      0.0023389519192278385,
      4.5962835315549455e-07
    ],
    [
      4.332576736487681e-06,
      1.2816339278742817e-07,
      0.9943568110466003,
      2.5200879463227466e-05,
      7.662194548174739e-06,
      1.2883304201238843e-08,
      9.05723572941497e-05,
      0.005515197291970253
    ],
    [
      0.00463432352989912,
      0.0016150922747328877,
      0.9044433236122131,
      0.06513430923223495,
      0.002046919194981456,
      0.010532227344810963,
      0.002869423246011138,
      0.008724368177354336
    ],
    [
      0.2515999376773834,
      1.5829898984520696e-05,
      0.4268614947795868,
      0.3163875639438629,
      0.004252309445291758,
      0.0005462213885039091,
      7.901405479060486e-05,
      0.00025752553483471274
    ]
  ],
  "filename": "158_1p4_Tc_mc_AKGC417L_filtered_seg2_copy_0008.wav",
  "feature_type": "concat",
  "timestamp": "20251106_113350",
  "predicted_class": "COPD",
  "class_probabilities": {
    "Asthma": 0.051903121173381805,
    "BRON": 0.0003262102254666388,
    "COPD": 0.8621204495429993,
    "Healthy": 0.0780201405286789,
    "Lung Fibrosis": 0.0014320402406156063,
    "Plueral Effusion": 0.0022156951017677784,
    "Pneumonia": 0.001075592590495944,
    "RTI": 0.002906693145632744
  }
}