{
  "predicted_class_idx": 3,
  "confidence": 0.34473374485969543,
  "all_probabilities": [
    0.3430083692073822,
    0.004491470754146576,
    0.00014323252253234386,
    0.34473374485969543,
    0.2946772873401642,
    1.4657085785074742e-06,
    0.012826822698116302,
    0.00011763813381548971
  ],
  "std_probabilities": [
    0.3189661204814911,
    0.007433570921421051,
    7.462659414159134e-05,
    0.27983614802360535,
    0.20620889961719513,
    1.6954325019469252e-06,
    0.011216913349926472,
    0.00013721466530114412
  ],
  "fold_predictions": [
    [
      0.17243894934654236,
      0.019245341420173645,
      0.00010200659016845748,
      0.35757410526275635,
      0.4367170035839081,
      3.8033213058952242e-06,
      0.013895807787775993,
      2.3013279133010656e-05
    ],
    [
      0.04081235080957413,
      0.00011484511924209073,
      7.289912173291668e-05,
      0.34319791197776794,
      0.6023756265640259,
      6.758756398994592e-08,
      0.013373976573348045,
      5.2324412536108866e-05
    ],
    [
      0.596611499786377,
      0.0025563070084899664,
      0.0002153495734091848,
      0.11043376475572586,
      0.28664228320121765,
      3.2594959975540405e-06,
      0.0034119863994419575,
      0.00012556894216686487
    ],
    [
      0.06532356142997742,
      7.158031803555787e-05,
      0.0002501905837561935,
      0.8509554862976074,
      0.08223993331193924,
      1.090523014113387e-07,
      0.0007793131517246366,
      0.0003797918325290084
    ],
    [
      0.8398556113243103,
      0.00046927997027523816,
      7.571675087092444e-05,
      0.06150738149881363,
      0.06541146337985992,
      8.908541815344506e-08,
      0.032673031091690063,
      7.492213626392186e-06
    ]
  ],
  "filename": "BP47_asthmaE_WP_L_M60M_filtered_seg1_orig_0040.wav",
  "feature_type": "mfcc",
  "timestamp": "20251106_120025",
  "predicted_class": "Healthy",
  "class_probabilities": {
    "Asthma": 0.3430083692073822,
    "BRON": 0.004491470754146576,
    "COPD": 0.00014323252253234386,
    "Healthy": 0.34473374485969543,
    "Lung Fibrosis": 0.2946772873401642,
    "Plueral Effusion": 1.4657085785074742e-06,
    "Pneumonia": 0.012826822698116302,
    "RTI": 0.00011763813381548971
  }
}