{
  "predicted_class_idx": 3,
  "confidence": 0.9914971590042114,
  "all_probabilities": [
    0.002138430718332529,
    5.725907612941228e-06,
    0.00039656832814216614,
    0.9914971590042114,
    0.00016407422663178295,
    7.154173999879276e-06,
    0.005786818452179432,
    4.0967497625388205e-06
  ],
  "std_probabilities": [
    0.003248964436352253,
    8.181131306628231e-06,
    0.0004428838728927076,
    0.005301261320710182,
    0.0002549875352997333,
    1.0220205695077311e-05,
    0.005857324693351984,
    4.20711921833572e-06
  ],
  "fold_predictions": [
    [
      8.287671516882256e-05,
      3.444657536988416e-08,
      5.472323391586542e-05,
      0.9998557567596436,
      1.1488688045346862e-07,
      6.2563972278439905e-06,
      1.6086391951830592e-07,
      6.916678074730953e-08
    ],
    [
      3.2267620554193854e-05,
      1.3679983812409091e-09,
      4.651152994483709e-05,
      0.9840108752250671,
      6.045104328222806e-07,
      1.411801662243306e-07,
      0.015909377485513687,
      1.387082733117495e-07
    ],
    [
      0.00856840144842863,
      2.1063271560706198e-05,
      0.001239237142726779,
      0.9891331791877747,
      0.0006621588836424053,
      1.4749693946214393e-06,
      0.0003711666213348508,
      3.3496964988444233e-06
    ],
    [
      0.0013210127362981439,
      7.409958470816491e-06,
      0.00022149315918795764,
      0.990254819393158,
      0.00014522274432238191,
      2.713396133913193e-05,
      0.00801154226064682,
      1.1456734682724345e-05
    ],
    [
      0.000687594641931355,
      1.2049396502789023e-07,
      0.0004208764876239002,
      0.994231104850769,
      1.2270095794519875e-05,
      7.643598110007588e-07,
      0.004641846287995577,
      5.469443749461789e-06
    ]
  ],
  "filename": "BP6_Plueral_EffusionI_C_BP_L_R81M_filtered_seg3_aug_highpass-add_noise-lowpass_fd58e2fc.wav",
  "feature_type": "mfcc",
  "timestamp": "20251106_115836",
  "predicted_class": "Healthy",
  "class_probabilities": {
    "Asthma": 0.002138430718332529,
    "BRON": 5.725907612941228e-06,
    "COPD": 0.00039656832814216614,
    "Healthy": 0.9914971590042114,
    "Lung Fibrosis": 0.00016407422663178295,
    "Plueral Effusion": 7.154173999879276e-06,
    "Pneumonia": 0.005786818452179432,
    "RTI": 4.0967497625388205e-06
  }
}