{
  "predicted_class_idx": 3,
  "confidence": 0.8239272832870483,
  "all_probabilities": [
    0.12825626134872437,
    0.004136768169701099,
    0.0007970078731887043,
    0.8239272832870483,
    0.040434278547763824,
    6.487654900411144e-06,
    0.0023099284153431654,
    0.00013198629312682897
  ],
  "std_probabilities": [
    0.18823176622390747,
    0.003961692098528147,
    0.0014708522940054536,
    0.18142685294151306,
    0.03704656660556793,
    1.057440931617748e-05,
    0.0029116058722138405,
    0.00013335504627320915
  ],
  "fold_predictions": [
    [
      0.01596144214272499,
      5.4587293561780825e-05,
      2.1208979887887836e-05,
      0.9823221564292908,
      0.0016377015272155404,
      5.949818771000537e-08,
      2.8032629870722303e-06,
      6.939505681202718e-08
    ],
    [
      0.028727557510137558,
      0.00291092274710536,
      0.00011710383842000738,
      0.8834591507911682,
      0.08097738772630692,
      7.127011372176639e-07,
      0.003775019431486726,
      3.2218820706475526e-05
    ],
    [
      0.05109570175409317,
      0.008017865009605885,
      2.916969060606789e-05,
      0.8529184460639954,
      0.08743148297071457,
      4.02383830078179e-06,
      0.00013529849820770323,
      0.00036793347680941224
    ],
    [
      0.041523080319166183,
      0.0001477262267144397,
      7.967271085362881e-05,
      0.9291829466819763,
      0.028644371777772903,
      2.0514222853762476e-07,
      0.00023784268705639988,
      0.0001840861514210701
    ],
    [
      0.5039735436439514,
      0.009552739560604095,
      0.003737884107977152,
      0.4717535972595215,
      0.0034804679453372955,
      2.7437094104243442e-05,
      0.007398678455501795,
      7.562364044133574e-05
    ]
  ],
  "filename": "BP49_NNP_R_M21M_filtered_seg1_orig_0089.wav",
  "feature_type": "mfcc",
  "timestamp": "20251106_114312",
  "predicted_class": "Healthy",
  "class_probabilities": {
    "Asthma": 0.12825626134872437,
    "BRON": 0.004136768169701099,
    "COPD": 0.0007970078731887043,
    "Healthy": 0.8239272832870483,
    "Lung Fibrosis": 0.040434278547763824,
    "Plueral Effusion": 6.487654900411144e-06,
    "Pneumonia": 0.0023099284153431654,
    "RTI": 0.00013198629312682897
  }
}