{
  "predicted_class_idx": 6,
  "confidence": 0.9296303987503052,
  "all_probabilities": [
    0.0062867142260074615,
    0.005653136409819126,
    0.016734924167394638,
    0.03927415609359741,
    0.00184048677328974,
    0.00017742745694704354,
    0.9296303987503052,
    0.0004028136027045548
  ],
  "std_probabilities": [
    0.011800996027886868,
    0.011303599923849106,
    0.0203755721449852,
    0.04582635313272476,
    0.003675528336316347,
    0.0003530195099301636,
    0.08674123883247375,
    0.0007840602193027735
  ],
  "fold_predictions": [
    [
      3.091716052949778e-06,
      6.578280586921892e-09,
      5.589816737483488e-06,
      0.0005591936642304063,
      4.726027569290636e-09,
      5.305273376166042e-08,
      0.9994321465492249,
      3.367300749346214e-08
    ],
    [
      1.6678126485203393e-05,
      1.0861771038150891e-08,
      0.0002970806963276118,
      0.005133884958922863,
      8.568808311792964e-07,
      5.737189212595695e-07,
      0.9945483803749084,
      2.4450944238196826e-06
    ],
    [
      7.776505661638566e-09,
      3.3177564970517104e-13,
      1.4040424822781006e-08,
      5.299341410136549e-06,
      9.806287726288332e-12,
      1.7400362400943337e-11,
      0.9999946355819702,
      2.940219248626086e-11
    ],
    [
      0.029858184978365898,
      0.028260337188839912,
      0.041147585958242416,
      0.09732601046562195,
      0.009191539138555527,
      0.0008834629552438855,
      0.7913622856140137,
      0.0019706247840076685
    ],
    [
      0.0015556085854768753,
      5.326419795892434e-06,
      0.04222435504198074,
      0.09334638714790344,
      1.0033126272901427e-05,
      3.0475828225462465e-06,
      0.8628143668174744,
      4.0964507206808776e-05
    ]
  ],
  "filename": "122_2b2_Ar_mc_LittC2SE_filtered_seg2_orig_0009.wav",
  "feature_type": "concat",
  "timestamp": "20251106_114953",
  "predicted_class": "Pneumonia",
  "class_probabilities": {
    "Asthma": 0.0062867142260074615,
    "BRON": 0.005653136409819126,
    "COPD": 0.016734924167394638,
    "Healthy": 0.03927415609359741,
    "Lung Fibrosis": 0.00184048677328974,
    "Plueral Effusion": 0.00017742745694704354,
    "Pneumonia": 0.9296303987503052,
    "RTI": 0.0004028136027045548
  }
}