{
  "predicted_class_idx": 1,
  "confidence": 0.3580043315887451,
  "all_probabilities": [
    0.26754868030548096,
    0.3580043315887451,
    0.03822362422943115,
    0.02788720093667507,
    2.9446231565088965e-05,
    0.24705643951892853,
    0.004805597476661205,
    0.05644470453262329
  ],
  "std_probabilities": [
    0.3407502770423889,
    0.3561065196990967,
    0.054510947316884995,
    0.03983212634921074,
    4.791811079485342e-05,
    0.2547359764575958,
    0.004508550278842449,
    0.048294954001903534
  ],
  "fold_predictions": [
    [
      0.1211158037185669,
      0.0007266875472851098,
      0.14592184126377106,
      0.02693464234471321,
      8.160652669175761e-07,
      0.5990132689476013,
      0.00394005561247468,
      0.10234696418046951
    ],
    [
      0.13381913304328918,
      0.22350135445594788,
      0.005107678007334471,
      0.003166169859468937,
      2.2683487259200774e-05,
      0.5104272365570068,
      8.029284799704328e-06,
      0.12394765764474869
    ],
    [
      0.9438066482543945,
      0.0011656522983685136,
      0.014575671404600143,
      0.00011346174869686365,
      2.2857863157810243e-08,
      0.028176281601190567,
      0.0069540683180093765,
      0.005208229646086693
    ],
    [
      0.12173562496900558,
      0.7609866261482239,
      0.0004019607149530202,
      0.10521356761455536,
      0.0001236968964803964,
      0.00025061346241272986,
      0.0007716736872680485,
      0.010516236536204815
    ],
    [
      0.017266251146793365,
      0.8036413192749023,
      0.02511097863316536,
      0.004008167423307896,
      1.1842842262410613e-08,
      0.09741475433111191,
      0.012354162521660328,
      0.040204428136348724
    ]
  ],
  "filename": "140_2b2_Ll_mc_LittC2SE_filtered_seg2_aug_add_noise-change_volume_aaab032b.wav",
  "feature_type": "mfcc",
  "timestamp": "20251106_115118",
  "predicted_class": "BRON",
  "class_probabilities": {
    "Asthma": 0.26754868030548096,
    "BRON": 0.3580043315887451,
    "COPD": 0.03822362422943115,
    "Healthy": 0.02788720093667507,
    "Lung Fibrosis": 2.9446231565088965e-05,
    "Plueral Effusion": 0.24705643951892853,
    "Pneumonia": 0.004805597476661205,
    "RTI": 0.05644470453262329
  }
}