{
  "predicted_class_idx": 4,
  "confidence": 0.5424741506576538,
  "all_probabilities": [
    0.045708753168582916,
    0.005609260872006416,
    0.0007439905311912298,
    0.29120224714279175,
    0.5424741506576538,
    0.0029158187098801136,
    0.10572846978902817,
    0.005617291666567326
  ],
  "std_probabilities": [
    0.056199945509433746,
    0.005552601534873247,
    0.0009695200133137405,
    0.32561028003692627,
    0.2697647511959076,
    0.0028304392471909523,
    0.10232945531606674,
    0.008656668476760387
  ],
  "fold_predictions": [
    [
      0.009847472421824932,
      0.0010590913007035851,
      0.00016738490376155823,
      0.8012610673904419,
      0.17447714507579803,
      0.00017016747733578086,
      0.012936883606016636,
      8.083428838290274e-05
    ],
    [
      0.019999384880065918,
      0.007931952364742756,
      0.0003215312317479402,
      0.03275676071643829,
      0.7144954800605774,
      0.0034334969241172075,
      0.21604934334754944,
      0.00501208147034049
    ],
    [
      0.03826616331934929,
      0.0034103936050087214,
      0.0005852629547007382,
      0.5535852909088135,
      0.38390910625457764,
      0.0031853883992880583,
      0.0165858194231987,
      0.0004725042381323874
    ],
    [
      0.1557413935661316,
      0.01535325963050127,
      0.0026445265393704176,
      0.06748458743095398,
      0.4843093454837799,
      0.0077847507782280445,
      0.24416302144527435,
      0.022519072517752647
    ],
    [
      0.004689337220042944,
      0.00029160702251829207,
      1.2469266721382155e-06,
      0.0009235173347406089,
      0.9551798105239868,
      5.2901341405231506e-06,
      0.038907263427972794,
      1.9643400719360216e-06
    ]
  ],
  "filename": "BP52_Lung_FibrosisCrepP_L_L76F_filtered_seg1_aug_highpass-change_volume_2b1cdec1.wav",
  "feature_type": "concat",
  "timestamp": "20251106_114800",
  "predicted_class": "Lung Fibrosis",
  "class_probabilities": {
    "Asthma": 0.045708753168582916,
    "BRON": 0.005609260872006416,
    "COPD": 0.0007439905311912298,
    "Healthy": 0.29120224714279175,
    "Lung Fibrosis": 0.5424741506576538,
    "Plueral Effusion": 0.0029158187098801136,
    "Pneumonia": 0.10572846978902817,
    "RTI": 0.005617291666567326
  }
}