{
  "predicted_class_idx": 3,
  "confidence": 0.5285323262214661,
  "all_probabilities": [
    0.18276715278625488,
    0.0036055713426321745,
    0.000863962690345943,
    0.5285323262214661,
    0.012308268807828426,
    0.0014709902461618185,
    0.2702341675758362,
    0.00021754558838438243
  ],
  "std_probabilities": [
    0.11602528393268585,
    0.00488321203738451,
    0.0007071089348755777,
    0.23159968852996826,
    0.0185012798756361,
    0.0021854660008102655,
    0.21523071825504303,
    0.0002648928202688694
  ],
  "fold_predictions": [
    [
      0.12156590074300766,
      0.0006765078287571669,
      0.0018969593802466989,
      0.848262369632721,
      0.004282992798835039,
      0.0002642915060278028,
      0.02304958552122116,
      1.3871112969354726e-06
    ],
    [
      0.05985564738512039,
      8.830897968437057e-06,
      0.00010473591828485951,
      0.4261915683746338,
      0.0005168108618818223,
      0.0008154427050612867,
      0.5125054717063904,
      1.4643496797361877e-06
    ],
    [
      0.08682726323604584,
      0.004277646541595459,
      0.0004018076288048178,
      0.5414713025093079,
      0.006732989102602005,
      0.0004572955658659339,
      0.35928070545196533,
      0.0005510185728780925
    ],
    [
      0.3184748888015747,
      0.012862051837146282,
      0.0015172510175034404,
      0.1595984399318695,
      0.04903116077184677,
      0.0058100251480937,
      0.4521733522415161,
      0.000532770820427686
    ],
    [
      0.3271120488643646,
      0.0002028190065175295,
      0.00039905981975607574,
      0.6671379804611206,
      0.0009773937053978443,
      7.896763236203697e-06,
      0.004161696881055832,
      1.0871265203604707e-06
    ]
  ],
  "filename": "BP49_NNP_R_M21M_filtered_seg1_orig_0089.wav",
  "feature_type": "concat",
  "timestamp": "20251106_114314",
  "predicted_class": "Healthy",
  "class_probabilities": {
    "Asthma": 0.18276715278625488,
    "BRON": 0.0036055713426321745,
    "COPD": 0.000863962690345943,
    "Healthy": 0.5285323262214661,
    "Lung Fibrosis": 0.012308268807828426,
    "Plueral Effusion": 0.0014709902461618185,
    "Pneumonia": 0.2702341675758362,
    "RTI": 0.00021754558838438243
  }
}