{
  "predicted_class_idx": 5,
  "confidence": 0.5969849824905396,
  "all_probabilities": [
    0.0835791751742363,
    0.0005783399101346731,
    1.4748093235539272e-06,
    0.11154498904943466,
    0.19773581624031067,
    0.5969849824905396,
    0.009572239592671394,
    3.0367953058885178e-06
  ],
  "std_probabilities": [
    0.1603386402130127,
    0.0007915365276858211,
    2.801323716994375e-06,
    0.21640253067016602,
    0.386148065328598,
    0.48411568999290466,
    0.01590089499950409,
    5.3961271078151185e-06
  ],
  "fold_predictions": [
    [
      0.004781894385814667,
      0.002034173347055912,
      1.4209940957243816e-07,
      0.0026934505440294743,
      0.00902078952640295,
      0.9810191988945007,
      0.00044912981684319675,
      1.2354367981970427e-06
    ],
    [
      0.004986726678907871,
      0.0008157495176419616,
      1.554976734041702e-07,
      0.010320879518985748,
      0.969986617565155,
      0.0074923839420080185,
      0.0063837491907179356,
      1.3789541299047414e-05
    ],
    [
      0.0002756153407972306,
      2.194051802462127e-07,
      6.477163944085262e-11,
      4.27202303399099e-06,
      5.6887281552064906e-09,
      0.9997199177742004,
      2.892794226383444e-09,
      3.637991644045435e-11
    ],
    [
      0.0036129143554717302,
      2.7223059362313506e-09,
      5.094381028136752e-10,
      0.00041989091550931334,
      1.8294285837328061e-06,
      0.995941698551178,
      2.372022754570935e-05,
      4.715760226758903e-09
    ],
    [
      0.4042387306690216,
      4.155444185016677e-05,
      7.075875146256294e-06,
      0.5442864894866943,
      0.009669754654169083,
      0.0007516429759562016,
      0.041004594415426254,
      1.5424683397213812e-07
    ]
  ],
  "filename": "BP68_asthmaE_WP_R_L_21F_filtered_seg2_orig_0056.wav",
  "feature_type": "mel",
  "timestamp": "20251106_120113",
  "predicted_class": "Plueral Effusion",
  "class_probabilities": {
    "Asthma": 0.0835791751742363,
    "BRON": 0.0005783399101346731,
    "COPD": 1.4748093235539272e-06,
    "Healthy": 0.11154498904943466,
    "Lung Fibrosis": 0.19773581624031067,
    "Plueral Effusion": 0.5969849824905396,
    "Pneumonia": 0.009572239592671394,
    "RTI": 3.0367953058885178e-06
  }
}