{
  "predicted_class_idx": 1,
  "confidence": 0.6400496959686279,
  "all_probabilities": [
    3.619146809796803e-05,
    0.6400496959686279,
    0.0005663513438776135,
    0.0006926754140295088,
    6.496028800029308e-05,
    1.7328652290871105e-07,
    0.0007092228624969721,
    0.35788077116012573
  ],
  "std_probabilities": [
    2.9439881473081186e-05,
    0.2271977663040161,
    0.0007624131394550204,
    0.0005940108676441014,
    8.379099745070562e-05,
    2.726279149101174e-07,
    0.0006383468862622976,
    0.2269454449415207
  ],
  "fold_predictions": [
    [
      8.769286068854854e-06,
      0.3141155540943146,
      0.0020574904046952724,
      0.0003107366501353681,
      6.063417004043004e-07,
      1.9145524277064396e-08,
      0.0004976204363629222,
      0.6830090880393982
    ],
    [
      8.118863479467109e-05,
      0.7726681232452393,
      0.0004007553216069937,
      0.0018157839076593518,
      5.281874564389e-06,
      7.157789809753012e-07,
      0.0018836013041436672,
      0.22314463555812836
    ],
    [
      5.794244498247281e-05,
      0.542930543422699,
      0.00033987133065238595,
      0.0007608728483319283,
      0.00021567333897110075,
      1.0947682760331645e-08,
      0.0007868396351113915,
      0.45490825176239014
    ],
    [
      4.0697259464650415e-06,
      0.9885711073875427,
      2.6522791813476942e-05,
      0.0003993610735051334,
      9.815684461500496e-05,
      3.131764003683202e-08,
      0.00037104380317032337,
      0.010529648512601852
    ],
    [
      2.8987258701818064e-05,
      0.5819630026817322,
      7.116808774298988e-06,
      0.00017662254686001688,
      5.083084488433087e-06,
      8.924273231514235e-08,
      7.009246473899111e-06,
      0.4178121089935303
    ]
  ],
  "filename": "164_1b1_Ll_sc_Meditron_filtered_seg1_aug_lowpass-time_stretch_6aa7099f.wav",
  "feature_type": "mfcc",
  "timestamp": "20251106_115425",
  "predicted_class": "BRON",
  "class_probabilities": {
    "Asthma": 3.619146809796803e-05,
    "BRON": 0.6400496959686279,
    "COPD": 0.0005663513438776135,
    "Healthy": 0.0006926754140295088,
    "Lung Fibrosis": 6.496028800029308e-05,
    "Plueral Effusion": 1.7328652290871105e-07,
    "Pneumonia": 0.0007092228624969721,
    "RTI": 0.35788077116012573
  }
}