{
  "predicted_class_idx": 1,
  "confidence": 0.4568799138069153,
  "all_probabilities": [
    0.05826853588223457,
    0.4568799138069153,
    0.0001981875830097124,
    0.006744660437107086,
    0.005257374607026577,
    0.16182288527488708,
    0.11079087108373642,
    0.20003755390644073
  ],
  "std_probabilities": [
    0.0897102802991867,
    0.419808566570282,
    0.00023312850680667907,
    0.007531091570854187,
    0.008600560948252678,
    0.23588255047798157,
    0.2208612561225891,
    0.3565838634967804
  ],
  "fold_predictions": [
    [
      5.680344202119159e-06,
      0.9541321992874146,
      9.008076449390501e-05,
      0.01787099801003933,
      0.00014499119424726814,
      1.9170738330132053e-09,
      5.723351037545399e-08,
      0.027755893766880035
    ],
    [
      1.9360976466487045e-07,
      0.0874827653169632,
      0.00024758544168435037,
      1.3505066362995422e-06,
      2.802381914079888e-06,
      1.0676714623514272e-08,
      8.668762347951997e-06,
      0.9122565984725952
    ],
    [
      0.008786298334598541,
      0.9864734411239624,
      1.4890346164975199e-06,
      1.1581199332866277e-09,
      0.001576048438437283,
      8.395419717999175e-05,
      0.0013861822662875056,
      0.0016926198732107878
    ],
    [
      0.048481959849596024,
      0.10701999068260193,
      0.0006311047472991049,
      0.013671780936419964,
      0.022377850487828255,
      0.20219004154205322,
      0.5525121092796326,
      0.05311516672372818
    ],
    [
      0.23406854271888733,
      0.14929112792015076,
      2.0677876818808727e-05,
      0.0021791737526655197,
      0.002185181714594364,
      0.6068404316902161,
      4.7337911382783204e-05,
      0.005367434583604336
    ]
  ],
  "filename": "BP105_Lung_FibrosisCrepA_U_R44M_filtered_seg3_aug_change_volume-add_noise-highpass_bec1ceb9.wav",
  "feature_type": "concat",
  "timestamp": "20251106_114920",
  "predicted_class": "BRON",
  "class_probabilities": {
    "Asthma": 0.05826853588223457,
    "BRON": 0.4568799138069153,
    "COPD": 0.0001981875830097124,
    "Healthy": 0.006744660437107086,
    "Lung Fibrosis": 0.005257374607026577,
    "Plueral Effusion": 0.16182288527488708,
    "Pneumonia": 0.11079087108373642,
    "RTI": 0.20003755390644073
  }
}