{
  "predicted_class_idx": 6,
  "confidence": 0.3032580018043518,
  "all_probabilities": [
    0.2442181408405304,
    0.0007211854099296033,
    0.00017735522123984993,
    0.2994248867034912,
    0.1518964171409607,
    0.00028158415807411075,
    0.3032580018043518,
    2.244362076453399e-05
  ],
  "std_probabilities": [
    0.18109403550624847,
    0.0013749712379649282,
    0.0003229501307941973,
    0.2804936468601227,
    0.27825337648391724,
    0.0005279848701320589,
    0.3486170768737793,
    4.40802177763544e-05
  ],
  "fold_predictions": [
    [
      0.15275616943836212,
      5.722688001696952e-06,
      1.9832477846648544e-06,
      0.12023713439702988,
      0.7079491019248962,
      7.301964188854981e-08,
      0.019049495458602905,
      2.4790440988908813e-07
    ],
    [
      0.19781167805194855,
      3.5736135828301485e-07,
      8.219620326599397e-07,
      0.6092433333396912,
      0.016896896064281464,
      5.63432056566171e-09,
      0.1760469526052475,
      4.305866774245715e-09
    ],
    [
      0.011836185120046139,
      6.431227461689559e-07,
      1.4754396033822559e-06,
      0.02970476821064949,
      6.667900015600026e-05,
      4.199269554305829e-08,
      0.9583900570869446,
      1.423830582325536e-07
    ],
    [
      0.5536661744117737,
      0.0034693481866270304,
      0.0008216110290959477,
      0.06659092754125595,
      0.031643372029066086,
      0.0013360937591642141,
      0.3423618972301483,
      0.00011059985990868881
    ],
    [
      0.30502045154571533,
      0.000129855761770159,
      6.088446389185265e-05,
      0.6713483929634094,
      0.0029259780421853065,
      7.170633034547791e-05,
      0.020441535860300064,
      1.223653612214548e-06
    ]
  ],
  "filename": "BP68_asthmaE_WP_R_L_21F_filtered_seg1_orig_0055.wav",
  "feature_type": "concat",
  "timestamp": "20251106_120050",
  "predicted_class": "Pneumonia",
  "class_probabilities": {
    "Asthma": 0.2442181408405304,
    "BRON": 0.0007211854099296033,
    "COPD": 0.00017735522123984993,
    "Healthy": 0.2994248867034912,
    "Lung Fibrosis": 0.1518964171409607,
    "Plueral Effusion": 0.00028158415807411075,
    "Pneumonia": 0.3032580018043518,
    "RTI": 2.244362076453399e-05
  }
}