{
  "predicted_class_idx": 0,
  "confidence": 0.4905255436897278,
  "all_probabilities": [
    0.4905255436897278,
    0.0015433223452419043,
    0.17308270931243896,
    0.001043077907525003,
    0.11119494587182999,
    0.03188905864953995,
    0.19064852595329285,
    7.289325003512204e-05
  ],
  "std_probabilities": [
    0.39198559522628784,
    0.001713956007733941,
    0.2594335079193115,
    0.0017278454033657908,
    0.13778871297836304,
    0.06174026429653168,
    0.3682231605052948,
    0.0001419716136297211
  ],
  "fold_predictions": [
    [
      0.00012207109830342233,
      0.0027888882905244827,
      0.06702197343111038,
      7.818386075086892e-05,
      0.00019816571148112416,
      0.0027539453003555536,
      0.9270302057266235,
      6.652685442531947e-06
    ],
    [
      0.9472882747650146,
      0.00020605883037205786,
      0.047883108258247375,
      2.967892214655876e-06,
      1.1669897503452376e-05,
      0.0011709033278748393,
      0.0034369793720543385,
      5.430987570775869e-08
    ],
    [
      0.04578697681427002,
      0.004319341387599707,
      0.6902124285697937,
      0.0006631130236200988,
      0.24387472867965698,
      3.8689871871611103e-05,
      0.01474793627858162,
      0.0003567937237676233
    ],
    [
      0.6708931922912598,
      0.0003416023391764611,
      0.004446855280548334,
      0.004463340155780315,
      0.3118898570537567,
      0.00012768009037245065,
      0.00783743429929018,
      6.593189993964188e-08
    ],
    [
      0.7885370254516602,
      6.072115138522349e-05,
      0.05584919825196266,
      7.78471803641878e-06,
      2.9797845968460024e-07,
      0.1553540825843811,
      0.00019007518130820245,
      8.995991720439633e-07
    ]
  ],
  "filename": "135_2b3_Pr_mc_LittC2SE_filtered_seg2_aug_highpass-add_noise_8606b441.wav",
  "feature_type": "mfcc",
  "timestamp": "20251106_115057",
  "predicted_class": "Asthma",
  "class_probabilities": {
    "Asthma": 0.4905255436897278,
    "BRON": 0.0015433223452419043,
    "COPD": 0.17308270931243896,
    "Healthy": 0.001043077907525003,
    "Lung Fibrosis": 0.11119494587182999,
    "Plueral Effusion": 0.03188905864953995,
    "Pneumonia": 0.19064852595329285,
    "RTI": 7.289325003512204e-05
  }
}