{
  "predicted_class_idx": 6,
  "confidence": 0.5706098079681396,
  "all_probabilities": [
    0.040676504373550415,
    0.0004954706528224051,
    0.028385598212480545,
    0.357229083776474,
    0.0022978114429861307,
    0.0001272017980227247,
    0.5706098079681396,
    0.00017855902842711657
  ],
  "std_probabilities": [
    0.04240373522043228,
    0.0008213642286136746,
    0.05100877210497856,
    0.22478987276554108,
    0.0014127101749181747,
    0.00015724242257419974,
    0.23642422258853912,
    0.00026795282610692084
  ],
  "fold_predictions": [
    [
      0.039102427661418915,
      0.00025615509366616607,
      0.0037480772007256746,
      0.5020676851272583,
      0.001299618510529399,
      0.00018429839110467583,
      0.4533231556415558,
      1.8651682694326155e-05
    ],
    [
      0.008771759457886219,
      4.459020601643715e-06,
      0.00034310691989958286,
      0.08553924411535263,
      0.0031512374989688396,
      4.840973360842327e-06,
      0.9021367430686951,
      4.8592788516543806e-05
    ],
    [
      0.009313784539699554,
      3.425336763029918e-05,
      0.13036060333251953,
      0.5924963355064392,
      0.003956237342208624,
      2.2995338895270834e-06,
      0.2631242275238037,
      0.0007123465184122324
    ],
    [
      0.12251468747854233,
      0.002128600375726819,
      0.00269292457960546,
      0.08321305364370346,
      0.003017136361449957,
      0.00041164117283187807,
      0.7859349250793457,
      8.706510561751202e-05
    ],
    [
      0.02367987111210823,
      5.388546924223192e-05,
      0.004783270880579948,
      0.5228291153907776,
      6.482655589934438e-05,
      3.292891051387414e-05,
      0.4485298991203308,
      2.6139096007682383e-05
    ]
  ],
  "filename": "BP96_NNP_R_L_66F_filtered_seg2_orig_0144.wav",
  "feature_type": "concat",
  "timestamp": "20251106_114508",
  "predicted_class": "Pneumonia",
  "class_probabilities": {
    "Asthma": 0.040676504373550415,
    "BRON": 0.0004954706528224051,
    "COPD": 0.028385598212480545,
    "Healthy": 0.357229083776474,
    "Lung Fibrosis": 0.0022978114429861307,
    "Plueral Effusion": 0.0001272017980227247,
    "Pneumonia": 0.5706098079681396,
    "RTI": 0.00017855902842711657
  }
}