{
  "predicted_class_idx": 7,
  "confidence": 0.6772475838661194,
  "all_probabilities": [
    0.0024845399893820286,
    0.08931015431880951,
    0.02201368473470211,
    0.0308059211820364,
    0.0030122564639896154,
    0.0001602222619112581,
    0.17496567964553833,
    0.6772475838661194
  ],
  "std_probabilities": [
    0.004915212281048298,
    0.16377663612365723,
    0.03936167433857918,
    0.03259960561990738,
    0.00600274745374918,
    0.0003190346178598702,
    0.19254735112190247,
    0.3692092001438141
  ],
  "fold_predictions": [
    [
      2.204698830610141e-05,
      0.02269500494003296,
      0.00041073301690630615,
      0.0021360686514526606,
      3.727327930391766e-05,
      5.872466317669023e-07,
      0.017995592206716537,
      0.9567026495933533
    ],
    [
      8.128557055897545e-06,
      0.004773973021656275,
      0.00464257225394249,
      0.016314689069986343,
      3.5410121199674904e-06,
      8.847335664086131e-08,
      0.4756220877170563,
      0.4986349642276764
    ],
    [
      7.987961225808249e-08,
      1.2809065083274618e-05,
      0.00010365241905674338,
      0.017416102811694145,
      3.0401341888364186e-08,
      1.7389940876189058e-10,
      0.003663219278678298,
      0.9788041710853577
    ],
    [
      0.012314815074205399,
      0.4164743423461914,
      0.10064690560102463,
      0.09446092694997787,
      0.015017720870673656,
      0.0007982896058820188,
      0.3312740623950958,
      0.02901293709874153
    ],
    [
      7.762989116599783e-05,
      0.0025946602690964937,
      0.004264559596776962,
      0.023701811209321022,
      2.7162629976373864e-06,
      2.145791995644686e-06,
      0.046273425221443176,
      0.9230830669403076
    ]
  ],
  "filename": "164_1b1_Ll_sc_Meditron_filtered_seg1_aug_lowpass-time_stretch_6aa7099f.wav",
  "feature_type": "concat",
  "timestamp": "20251106_115429",
  "predicted_class": "RTI",
  "class_probabilities": {
    "Asthma": 0.0024845399893820286,
    "BRON": 0.08931015431880951,
    "COPD": 0.02201368473470211,
    "Healthy": 0.0308059211820364,
    "Lung Fibrosis": 0.0030122564639896154,
    "Plueral Effusion": 0.0001602222619112581,
    "Pneumonia": 0.17496567964553833,
    "RTI": 0.6772475838661194
  }
}