{
  "predicted_class_idx": 5,
  "confidence": 0.9909749031066895,
  "all_probabilities": [
    0.008999276906251907,
    1.0718632317846142e-15,
    8.031847755773924e-06,
    1.7708571249386296e-05,
    5.659362756205155e-08,
    0.9909749031066895,
    1.66367621584394e-20,
    1.1410712234103293e-15
  ],
  "std_probabilities": [
    0.017998553812503815,
    2.1432212084161913e-15,
    1.606369551154785e-05,
    3.541714249877259e-05,
    1.131872551241031e-07,
    0.018050145357847214,
    3.2420432917872404e-20,
    2.280907261025325e-15
  ],
  "fold_predictions": [
    [
      2.996293491097646e-11,
      1.0109296866449447e-18,
      2.0160033481433202e-18,
      1.8150211151743423e-13,
      1.0192578476808794e-20,
      1.0,
      1.719876110662886e-21,
      2.470906983318642e-18
    ],
    [
      1.523133140671709e-21,
      7.074434488870579e-34,
      1.2250557495656976e-25,
      5.10665852943588e-25,
      1.1253849244761562e-24,
      1.0,
      0.0,
      1.0399092508140947e-33
    ],
    [
      1.9761013638529383e-22,
      1.1065433052177077e-32,
      0.0,
      1.381466405991295e-25,
      0.0,
      1.0,
      8.59726158445291e-37,
      2.124764666892032e-32
    ],
    [
      8.980535204372586e-10,
      5.855350713670488e-32,
      4.014755570092213e-30,
      3.2608386612642884e-14,
      6.521215229584293e-23,
      1.0,
      2.814614105547277e-36,
      0.0
    ],
    [
      0.04499638453125954,
      5.35830543685876e-15,
      4.0159240597859025e-05,
      8.854285260895267e-05,
      2.829681307048304e-07,
      0.9548746347427368,
      8.14639326620502e-20,
      5.702885216065387e-15
    ]
  ],
  "filename": "BP4_Heart_Failure__Lung_Fibrosis_I_CP_L_R72F_filtered_seg3_aug_add_noise-change_volume_7032ffe5.wav",
  "feature_type": "mel",
  "timestamp": "20251106_114707",
  "predicted_class": "Plueral Effusion",
  "class_probabilities": {
    "Asthma": 0.008999276906251907,
    "BRON": 1.0718632317846142e-15,
    "COPD": 8.031847755773924e-06,
    "Healthy": 1.7708571249386296e-05,
    "Lung Fibrosis": 5.659362756205155e-08,
    "Plueral Effusion": 0.9909749031066895,
    "Pneumonia": 1.66367621584394e-20,
    "RTI": 1.1410712234103293e-15
  }
}