{
  "predicted_class_idx": 6,
  "confidence": 0.46620169281959534,
  "all_probabilities": [
    0.05916259437799454,
    0.002316815545782447,
    0.0004962127422913909,
    0.4428090453147888,
    0.02869659662246704,
    0.0001758466532919556,
    0.46620169281959534,
    0.00014126028690952808
  ],
  "std_probabilities": [
    0.07986819744110107,
    0.003922746051102877,
    0.0006425128085538745,
    0.309749960899353,
    0.02954908460378647,
    0.00034793943632394075,
    0.28863561153411865,
    0.0002755484892986715
  ],
  "fold_predictions": [
    [
      0.0031682304106652737,
      0.0012065533082932234,
      0.00010845379438251257,
      0.9178882241249084,
      0.019826417788863182,
      5.43608484804281e-06,
      0.0577932707965374,
      3.457017555774655e-06
    ],
    [
      0.04229358211159706,
      1.4186117368808482e-05,
      2.5507339159958065e-05,
      0.6928035616874695,
      0.07929538935422897,
      1.2593530129834107e-07,
      0.18556493520736694,
      2.783938953143661e-06
    ],
    [
      0.0003358022659085691,
      1.2153313946328126e-06,
      9.298376244259998e-05,
      0.21724066138267517,
      8.120179700199515e-05,
      3.02315257272312e-08,
      0.7822428345680237,
      5.349795173970051e-06
    ],
    [
      0.2154039591550827,
      0.010112343356013298,
      0.0017327259993180633,
      0.10391081124544144,
      0.04241318628191948,
      0.0008717144373804331,
      0.6248629093170166,
      0.0006923534092493355
    ],
    [
      0.034611403942108154,
      0.0002497798122931272,
      0.0005213929689489305,
      0.28220197558403015,
      0.0018667883705347776,
      1.9266269646323053e-06,
      0.680544376373291,
      2.357214270887198e-06
    ]
  ],
  "filename": "BP48_NNP_L_U31M_filtered_seg2_orig_0088.wav",
  "feature_type": "concat",
  "timestamp": "20251106_114301",
  "predicted_class": "Pneumonia",
  "class_probabilities": {
    "Asthma": 0.05916259437799454,
    "BRON": 0.002316815545782447,
    "COPD": 0.0004962127422913909,
    "Healthy": 0.4428090453147888,
    "Lung Fibrosis": 0.02869659662246704,
    "Plueral Effusion": 0.0001758466532919556,
    "Pneumonia": 0.46620169281959534,
    "RTI": 0.00014126028690952808
  }
}