{
  "predicted_class_idx": 3,
  "confidence": 0.9260360598564148,
  "all_probabilities": [
    0.00483939703553915,
    0.011404531076550484,
    0.0022151623852550983,
    0.9260360598564148,
    0.005956858396530151,
    0.0003756313817575574,
    0.040314532816410065,
    0.008857843466103077
  ],
  "std_probabilities": [
    0.00929445680230856,
    0.02277275174856186,
    0.0024273975286632776,
    0.13776445388793945,
    0.011896999552845955,
    0.0007481336942873895,
    0.07859757542610168,
    0.012693142518401146
  ],
  "fold_predictions": [
    [
      0.00012318349035922438,
      6.051469608792104e-05,
      0.00033049218473024666,
      0.990203857421875,
      1.2628083823074121e-05,
      4.485760655370541e-06,
      0.00016458153550047427,
      0.00910031795501709
    ],
    [
      0.0005797839839942753,
      1.0928184565273114e-05,
      0.0010228201281279325,
      0.9936395287513733,
      2.0134748410782777e-05,
      1.716008455332485e-06,
      0.003385577816516161,
      0.0013395104324445128
    ],
    [
      1.1724615660568816e-06,
      9.70117412180116e-07,
      5.320506897987798e-05,
      0.9989812970161438,
      4.826465556106996e-07,
      3.838129458699768e-08,
      0.00048781174700707197,
      0.00047494887257926166
    ],
    [
      0.02342386357486248,
      0.05695001035928726,
      0.0065796650014817715,
      0.650570809841156,
      0.029750851914286613,
      0.0018718952778726816,
      0.19749043881893158,
      0.033362410962581635
    ],
    [
      6.89830631017685e-05,
      2.3257160819412093e-07,
      0.0030896286480128765,
      0.9967848062515259,
      1.9406971318858268e-07,
      2.154338218929297e-08,
      4.423466816660948e-05,
      1.2028948731312994e-05
    ]
  ],
  "filename": "184_1b1_Ar_sc_Meditron_filtered_seg1_orig_0046.wav",
  "feature_type": "concat",
  "timestamp": "20251106_114229",
  "predicted_class": "Healthy",
  "class_probabilities": {
    "Asthma": 0.00483939703553915,
    "BRON": 0.011404531076550484,
    "COPD": 0.0022151623852550983,
    "Healthy": 0.9260360598564148,
    "Lung Fibrosis": 0.005956858396530151,
    "Plueral Effusion": 0.0003756313817575574,
    "Pneumonia": 0.040314532816410065,
    "RTI": 0.008857843466103077
  }
}