{
  "predicted_class_idx": 6,
  "confidence": 0.9674584269523621,
  "all_probabilities": [
    8.894011989468709e-05,
    0.023640666157007217,
    0.00034173819585703313,
    0.0003801825223490596,
    0.0008525520679540932,
    1.1541983440110926e-06,
    0.9674584269523621,
    0.007236347999423742
  ],
  "std_probabilities": [
    0.00017063446284737438,
    0.03224898874759674,
    0.0001782188774086535,
    0.0004600472457241267,
    0.001686396193690598,
    2.2495405573863536e-06,
    0.04055167734622955,
    0.00872206874191761
  ],
  "fold_predictions": [
    [
      5.375697398335433e-08,
      0.0003260858356952667,
      0.00036500103306025267,
      6.939657032489777e-05,
      5.480210916175565e-07,
      9.034864412171828e-09,
      0.9985628724098206,
      0.0006759910029359162
    ],
    [
      4.220943310428993e-07,
      0.0017747508827596903,
      1.1774196536862291e-05,
      0.00013727131590712816,
      3.248238726882846e-07,
      3.1147513457341347e-09,
      0.9979057312011719,
      0.00016981453518383205
    ],
    [
      0.000430154032073915,
      0.016159677878022194,
      0.0003607739054132253,
      0.0012517168652266264,
      0.004225234035402536,
      5.652962954627583e-06,
      0.9652404189109802,
      0.012326453812420368
    ],
    [
      6.464439593401039e-06,
      0.0869559794664383,
      0.00042370663140900433,
      0.0004363700863905251,
      3.579894837457687e-05,
      7.888773012609818e-08,
      0.8900291323661804,
      0.022112539038062096
    ],
    [
      7.606287454109406e-06,
      0.012986840680241585,
      0.0005474352510645986,
      6.157797542982735e-06,
      8.54628353863518e-07,
      2.699149526108613e-08,
      0.9855540990829468,
      0.000896942219696939
    ]
  ],
  "filename": "122_2b2_Ar_mc_LittC2SE_filtered_seg2_orig_0009.wav",
  "feature_type": "mfcc",
  "timestamp": "20251106_114954",
  "predicted_class": "Pneumonia",
  "class_probabilities": {
    "Asthma": 8.894011989468709e-05,
    "BRON": 0.023640666157007217,
    "COPD": 0.00034173819585703313,
    "Healthy": 0.0003801825223490596,
    "Lung Fibrosis": 0.0008525520679540932,
    "Plueral Effusion": 1.1541983440110926e-06,
    "Pneumonia": 0.9674584269523621,
    "RTI": 0.007236347999423742
  }
}