{
  "predicted_class_idx": 6,
  "confidence": 0.9740532040596008,
  "all_probabilities": [
    0.00240896618925035,
    2.167081765946932e-05,
    0.023034486919641495,
    0.000409583852160722,
    6.001910151098855e-06,
    4.9572630814509466e-05,
    0.9740532040596008,
    1.6559315554331988e-05
  ],
  "std_probabilities": [
    0.004514262080192566,
    3.8637506804661825e-05,
    0.042752984911203384,
    0.0006882543093524873,
    1.1990568054898176e-05,
    9.909053187584504e-05,
    0.04813454672694206,
    3.138153624604456e-05
  ],
  "fold_predictions": [
    [
      3.860802098643035e-05,
      5.600198083044461e-09,
      5.518612397281686e-06,
      5.5542997756674595e-08,
      1.03918784688517e-09,
      5.558922072657069e-11,
      0.9999557733535767,
      2.234985885252172e-08
    ],
    [
      2.0053557818755507e-05,
      5.145888160029699e-10,
      1.1462024303909857e-05,
      4.8059806431410834e-05,
      7.032230353587465e-09,
      2.982898905656839e-08,
      0.9999202489852905,
      1.567763945331535e-07
    ],
    [
      4.7876774544874934e-08,
      7.775065313797569e-12,
      1.989681550185196e-06,
      2.2821689427132696e-08,
      1.7698658510978404e-11,
      9.885117897845408e-12,
      0.9999979734420776,
      1.9137026185944706e-08
    ],
    [
      0.011427807621657848,
      9.85742371995002e-05,
      0.10837961733341217,
      0.0017762257484719157,
      2.99830426229164e-05,
      0.00024775369092822075,
      0.8779608011245728,
      7.927146361907944e-05
    ],
    [
      0.0005583135061897337,
      9.773732017492875e-06,
      0.006773848552256823,
      0.00022355522378347814,
      1.8419864744601e-08,
      7.956830927469127e-08,
      0.9924310445785522,
      3.3268484003201593e-06
    ]
  ],
  "filename": "135_2b3_Tc_mc_LittC2SE_filtered_seg2_aug_pitch_shift-time_shift_58638bf3.wav",
  "feature_type": "concat",
  "timestamp": "20251106_115110",
  "predicted_class": "Pneumonia",
  "class_probabilities": {
    "Asthma": 0.00240896618925035,
    "BRON": 2.167081765946932e-05,
    "COPD": 0.023034486919641495,
    "Healthy": 0.000409583852160722,
    "Lung Fibrosis": 6.001910151098855e-06,
    "Plueral Effusion": 4.9572630814509466e-05,
    "Pneumonia": 0.9740532040596008,
    "RTI": 1.6559315554331988e-05
  }
}