{
  "predicted_class_idx": 7,
  "confidence": 0.2628418207168579,
  "all_probabilities": [
    0.18375690281391144,
    0.26246318221092224,
    0.0024102595634758472,
    0.16139230132102966,
    2.005078130196125e-07,
    0.12713214755058289,
    3.147196139252628e-06,
    0.2628418207168579
  ],
  "std_probabilities": [
    0.3568914532661438,
    0.38609737157821655,
    0.0035373829305171967,
    0.25862109661102295,
    3.5611967064141936e-07,
    0.2512832581996918,
    2.5682704745122464e-06,
    0.38249582052230835
  ],
  "fold_predictions": [
    [
      4.113189788768068e-05,
      0.0012109860545024276,
      0.009149113669991493,
      0.0013115814654156566,
      7.723598827169553e-08,
      5.3229905461193994e-05,
      5.1330580390640534e-06,
      0.9882286787033081
    ],
    [
      3.523849227349274e-05,
      0.007163724396377802,
      2.6589239496388473e-05,
      0.04643527418375015,
      5.131721714235482e-10,
      0.6296822428703308,
      5.817723192080848e-09,
      0.3166568875312805
    ],
    [
      0.8973484635353088,
      0.004148880951106548,
      6.460597069235519e-05,
      0.0842699334025383,
      1.4321762442648378e-08,
      0.005415232386440039,
      5.356428573577432e-06,
      0.008747446350753307
    ],
    [
      0.021359682083129883,
      0.29990291595458984,
      0.0028108686674386263,
      0.6748350262641907,
      9.104681453209196e-07,
      0.000509993638843298,
      5.240672180661932e-06,
      0.0005753154400736094
    ],
    [
      2.960891754000272e-09,
      0.9998893737792969,
      1.19739169690547e-07,
      0.00010966345143970102,
      7.200751492572935e-16,
      3.679405580214734e-08,
      5.415069868203171e-12,
      7.495497129639261e-07
    ]
  ],
  "filename": "188_1b1_Pl_sc_Meditron_filtered_seg2_aug_time_shift-add_noise_c407e87c.wav",
  "feature_type": "mfcc",
  "timestamp": "20251106_115506",
  "predicted_class": "RTI",
  "class_probabilities": {
    "Asthma": 0.18375690281391144,
    "BRON": 0.26246318221092224,
    "COPD": 0.0024102595634758472,
    "Healthy": 0.16139230132102966,
    "Lung Fibrosis": 2.005078130196125e-07,
    "Plueral Effusion": 0.12713214755058289,
    "Pneumonia": 3.147196139252628e-06,
    "RTI": 0.2628418207168579
  }
}