{
  "predicted_class_idx": 7,
  "confidence": 0.9988320469856262,
  "all_probabilities": [
    8.671387377034989e-07,
    0.00023307348601520061,
    0.0003109639510512352,
    0.0005981315625831485,
    1.2483972113841446e-06,
    1.11772052946435e-07,
    2.356814729864709e-05,
    0.9988320469856262
  ],
  "std_probabilities": [
    1.1512171340655186e-06,
    0.0003197025798726827,
    0.0006055573467165232,
    0.0007938867784105241,
    1.5811622233741218e-06,
    1.2979401731172402e-07,
    3.677991117001511e-05,
    0.0017375873867422342
  ],
  "fold_predictions": [
    [
      3.1405434128828347e-06,
      2.310881063749548e-05,
      3.0250523195718415e-05,
      0.000236835126997903,
      2.2116751097200904e-07,
      1.1138525479736927e-07,
      5.613042048935313e-06,
      0.9997007846832275
    ],
    [
      2.2433232355068e-11,
      3.4515860534156673e-06,
      1.67414887508599e-10,
      7.243713184834633e-07,
      2.212862532102733e-10,
      1.0566858152372127e-11,
      7.723030548412169e-10,
      0.9999958276748657
    ],
    [
      4.5303275442165614e-07,
      0.00011223272304050624,
      1.9624105789262103e-06,
      0.0005930223851464689,
      4.2562978705973364e-06,
      9.1331131102379e-08,
      1.5956802599248476e-05,
      0.9992720484733582
    ],
    [
      2.2519165554513165e-07,
      0.00016500904166605324,
      7.421116947625706e-07,
      3.1382256565848365e-05,
      3.4760088851726323e-07,
      1.2420724448958254e-09,
      6.738485325286092e-08,
      0.9998021721839905
    ],
    [
      5.169031851437467e-07,
      0.0008615653496235609,
      0.0015218645567074418,
      0.0021286935079842806,
      1.4166990922603873e-06,
      3.5489122751641844e-07,
      9.620274067856371e-05,
      0.9953893423080444
    ]
  ],
  "filename": "131_1b1_Al_sc_Meditron_filtered_seg2_aug_pitch_shift-change_volume-time_stretch_5df4a2d6.wav",
  "feature_type": "mel",
  "timestamp": "20251106_115400",
  "predicted_class": "RTI",
  "class_probabilities": {
    "Asthma": 8.671387377034989e-07,
    "BRON": 0.00023307348601520061,
    "COPD": 0.0003109639510512352,
    "Healthy": 0.0005981315625831485,
    "Lung Fibrosis": 1.2483972113841446e-06,
    "Plueral Effusion": 1.11772052946435e-07,
    "Pneumonia": 2.356814729864709e-05,
    "RTI": 0.9988320469856262
  }
}