{
  "predicted_class_idx": 6,
  "confidence": 0.42841416597366333,
  "all_probabilities": [
    0.21722832322120667,
    0.00017526037117931992,
    0.28133004903793335,
    0.016944240778684616,
    0.055093325674533844,
    0.0005016080103814602,
    0.42841416597366333,
    0.00031312351347878575
  ],
  "std_probabilities": [
    0.312907338142395,
    0.00033528570202179253,
    0.22532041370868683,
    0.030807677656412125,
    0.10563492774963379,
    0.0006414580275304615,
    0.2937109172344208,
    0.0006127280066721141
  ],
  "fold_predictions": [
    [
      0.13085220754146576,
      0.0008454186609014869,
      0.551971435546875,
      0.0006080745370127261,
      1.3121740266797133e-05,
      8.941901796788443e-06,
      0.3157007396221161,
      6.03590493142292e-08
    ],
    [
      0.8333222270011902,
      3.0507115297950804e-05,
      0.06194083392620087,
      0.0006690808804705739,
      0.006056941580027342,
      0.0009037741110660136,
      0.09553826600313187,
      0.0015384553698822856
    ],
    [
      0.0006466479389928281,
      4.304449063852189e-08,
      0.5122511982917786,
      7.214742072392255e-05,
      0.26631537079811096,
      1.2605901211770743e-08,
      0.22069111466407776,
      2.3524515199824236e-05
    ],
    [
      0.0032678372226655483,
      2.730556900587544e-07,
      6.863771432108479e-06,
      0.07846122980117798,
      0.0030808853916823864,
      1.4713221389683895e-05,
      0.9151679873466492,
      1.6830078664042958e-07
    ],
    [
      0.11805271357297897,
      5.999284979907316e-08,
      0.28047975897789,
      0.004910679534077644,
      2.8470063284657954e-07,
      0.0015805982984602451,
      0.5949724912643433,
      3.409148348509916e-06
    ]
  ],
  "filename": "BP104_AsthmaE_WP_L_U45F_filtered_seg1_aug_time_shift-highpass_50d66c69.wav",
  "feature_type": "mfcc",
  "timestamp": "20251106_112113",
  "predicted_class": "Pneumonia",
  "class_probabilities": {
    "Asthma": 0.21722832322120667,
    "BRON": 0.00017526037117931992,
    "COPD": 0.28133004903793335,
    "Healthy": 0.016944240778684616,
    "Lung Fibrosis": 0.055093325674533844,
    "Plueral Effusion": 0.0005016080103814602,
    "Pneumonia": 0.42841416597366333,
    "RTI": 0.00031312351347878575
  }
}