{
  "predicted_class_idx": 7,
  "confidence": 0.9504697918891907,
  "all_probabilities": [
    3.318054496048717e-06,
    0.04761936515569687,
    2.268174648634158e-05,
    0.0018367351731285453,
    3.304975962237222e-06,
    1.0451832110902615e-07,
    4.478541814023629e-05,
    0.9504697918891907
  ],
  "std_probabilities": [
    4.00749968321179e-06,
    0.08993534743785858,
    4.201761112199165e-05,
    0.002151374937966466,
    5.262831109575927e-06,
    1.2011788896870712e-07,
    8.157850970746949e-05,
    0.0897306501865387
  ],
  "fold_predictions": [
    [
      4.633335493053892e-08,
      0.0059174951165914536,
      4.628707756637596e-06,
      0.0016759746940806508,
      1.6827442550493288e-07,
      4.6052958668774124e-10,
      3.4635311862984963e-07,
      0.9924013614654541
    ],
    [
      2.4161931122534952e-08,
      4.1100715861830395e-06,
      8.271441487295306e-08,
      0.00028857990400865674,
      3.706023488092569e-09,
      2.3096497159258433e-08,
      9.588628927303944e-06,
      0.9996976852416992
    ],
    [
      6.578580723726191e-06,
      0.0003088389348704368,
      8.3553078411569e-07,
      0.005979493260383606,
      1.363224055239698e-05,
      2.1427756280445465e-07,
      6.085567292757332e-06,
      0.9936843514442444
    ],
    [
      9.588690772943664e-06,
      0.22743147611618042,
      0.00010665893933037296,
      0.001165343332104385,
      2.6896084364125272e-06,
      2.833928931522678e-07,
      0.00020778551697731018,
      0.7710762023925781
    ],
    [
      3.5250647556495096e-07,
      0.004434918984770775,
      1.2028417586407159e-06,
      7.428536628140137e-05,
      3.105012424953202e-08,
      1.3641119345209063e-09,
      1.2100666424430528e-07,
      0.9954891800880432
    ]
  ],
  "filename": "190_1b1_Tc_sc_Meditron_filtered_seg1_aug_pitch_shift_9e03454c.wav",
  "feature_type": "mfcc",
  "timestamp": "20251106_115514",
  "predicted_class": "RTI",
  "class_probabilities": {
    "Asthma": 3.318054496048717e-06,
    "BRON": 0.04761936515569687,
    "COPD": 2.268174648634158e-05,
    "Healthy": 0.0018367351731285453,
    "Lung Fibrosis": 3.304975962237222e-06,
    "Plueral Effusion": 1.0451832110902615e-07,
    "Pneumonia": 4.478541814023629e-05,
    "RTI": 0.9504697918891907
  }
}