{
  "predicted_class_idx": 2,
  "confidence": 0.7202056646347046,
  "all_probabilities": [
    0.00042115390533581376,
    0.2654476463794708,
    0.7202056646347046,
    0.01018779817968607,
    0.0005478324601426721,
    0.00014638611173722893,
    0.0018312677275389433,
    0.0012121509062126279
  ],
  "std_probabilities": [
    0.0007058191695250571,
    0.35963568091392517,
    0.35329774022102356,
    0.018144555389881134,
    0.0010816551512107253,
    0.000292259210254997,
    0.00360425584949553,
    0.002249829238280654
  ],
  "fold_predictions": [
    [
      0.00010222163837170228,
      0.9596426486968994,
      0.04005994647741318,
      1.1785525657614926e-06,
      3.352071473727847e-07,
      8.469905310448667e-07,
      7.948412417135842e-07,
      0.00019196794892195612
    ],
    [
      3.866217957693152e-05,
      0.018355509266257286,
      0.9807392358779907,
      0.0008309513796120882,
      2.3538366804132238e-05,
      1.1221031570585183e-07,
      7.950842700665817e-06,
      4.032473952975124e-06
    ],
    [
      7.8845965617802e-05,
      0.001557629439048469,
      0.9957564473152161,
      0.002435704693198204,
      2.561208020779304e-06,
      2.4659120967385206e-08,
      2.4054366804193705e-05,
      0.00014471322356257588
    ],
    [
      0.001832126989029348,
      0.0808185487985611,
      0.8527153730392456,
      0.04644296318292618,
      0.0027110751252621412,
      0.0007309042266570032,
      0.009039541706442833,
      0.005709402728825808
    ],
    [
      5.3912594012217596e-05,
      0.2668638527393341,
      0.7317577004432678,
      0.001228190609253943,
      1.6520758663318702e-06,
      4.244899187710871e-08,
      8.399681246373802e-05,
      1.0638133971951902e-05
    ]
  ],
  "filename": "215_1b2_Ar_sc_Meditron_filtered_seg2_orig_0065.wav",
  "feature_type": "concat",
  "timestamp": "20251106_112922",
  "predicted_class": "COPD",
  "class_probabilities": {
    "Asthma": 0.00042115390533581376,
    "BRON": 0.2654476463794708,
    "COPD": 0.7202056646347046,
    "Healthy": 0.01018779817968607,
    "Lung Fibrosis": 0.0005478324601426721,
    "Plueral Effusion": 0.00014638611173722893,
    "Pneumonia": 0.0018312677275389433,
    "RTI": 0.0012121509062126279
  }
}