{
  "predicted_class_idx": 3,
  "confidence": 0.8281354904174805,
  "all_probabilities": [
    0.004733672831207514,
    0.016634805127978325,
    0.039402879774570465,
    0.8281354904174805,
    0.0012062781024724245,
    0.0003444958128966391,
    0.05416679382324219,
    0.05537562444806099
  ],
  "std_probabilities": [
    0.007490281481295824,
    0.028639081865549088,
    0.04948677495121956,
    0.09753291308879852,
    0.002410656539723277,
    0.0006884311442263424,
    0.06366460770368576,
    0.06241586059331894
  ],
  "fold_predictions": [
    [
      4.297337454772787e-06,
      0.07349736988544464,
      0.0006428375490941107,
      0.919754683971405,
      2.138193622158724e-06,
      1.482220284287905e-07,
      0.003762338077649474,
      0.002336135832592845
    ],
    [
      1.810325738915708e-05,
      0.0005467435112223029,
      0.0030351635068655014,
      0.8000310063362122,
      1.6353377532141167e-06,
      1.7310874511622387e-07,
      0.13671571016311646,
      0.05965147167444229
    ],
    [
      2.9969652359795873e-07,
      2.635172313603107e-05,
      0.007218476384878159,
      0.8198106288909912,
      1.5028287947416175e-08,
      1.7817343156423249e-09,
      0.0012991181574761868,
      0.17164508998394012
    ],
    [
      0.019339507445693016,
      0.009077760390937328,
      0.12929406762123108,
      0.6649175882339478,
      0.006027590483427048,
      0.0017213579267263412,
      0.12738244235515594,
      0.04223968833684921
    ],
    [
      0.004306156188249588,
      2.5804836695897393e-05,
      0.056823864579200745,
      0.9361633658409119,
      1.1710088898553295e-08,
      7.980554528330686e-07,
      0.0016743411542847753,
      0.001005733385682106
    ]
  ],
  "filename": "Healthy_2.wav",
  "feature_type": "concat",
  "timestamp": "20251113_110510",
  "predicted_class": "Healthy",
  "class_probabilities": {
    "ASMA": 0.004733672831207514,
    "BRON": 0.016634805127978325,
    "COPD": 0.039402879774570465,
    "Healthy": 0.8281354904174805,
    "Lung Fibrosis": 0.0012062781024724245,
    "Plueral Effusion": 0.0003444958128966391,
    "Pneumonia": 0.05416679382324219,
    "RTI": 0.05537562444806099
  }
}