{
  "predicted_class_idx": 5,
  "confidence": 0.9999955892562866,
  "all_probabilities": [
    5.7102225170524434e-09,
    1.0649385373540099e-08,
    1.707589410786226e-15,
    4.289403932489222e-06,
    6.491888732314266e-13,
    0.9999955892562866,
    1.5950146748083122e-13,
    2.0155602142542858e-15
  ],
  "std_probabilities": [
    7.40537764443161e-09,
    1.911299385426446e-08,
    3.2829967890545767e-15,
    6.029380529071204e-06,
    1.16849347038539e-12,
    6.05977311352035e-06,
    2.8709486502541404e-13,
    3.861273381925139e-15
  ],
  "fold_predictions": [
    [
      1.817655181923783e-08,
      4.484327575937641e-09,
      2.267862159544221e-16,
      5.652513209497556e-06,
      2.982191967329517e-12,
      0.9999942779541016,
      7.314046829125231e-13,
      9.736862263188574e-15
    ],
    [
      1.1017825540804438e-11,
      4.8718259648694584e-08,
      3.9684009739566204e-17,
      1.554840309836436e-05,
      7.772580322418232e-14,
      0.9999843835830688,
      8.547147254488965e-18,
      1.215866032597897e-16
    ],
    [
      2.4245154495172727e-11,
      4.20800616574013e-11,
      4.1785623179181465e-20,
      4.5924659630713904e-09,
      8.574245975699538e-20,
      1.0,
      2.4031306990581907e-18,
      2.5260618562795445e-17
    ],
    [
      2.7835550704680134e-12,
      1.0377213429025013e-19,
      1.4059546452935216e-24,
      8.749148107389804e-12,
      1.2211710701050375e-22,
      1.0,
      8.742819245306736e-21,
      1.8749690368718927e-25
    ],
    [
      1.0336514755238113e-08,
      2.262137742750636e-12,
      8.27143512509938e-15,
      2.415009987544181e-07,
      1.8602647363068908e-13,
      0.9999997615814209,
      6.609173115474515e-14,
      1.940926367796476e-16
    ]
  ],
  "filename": "BP6_Plueral_EffusionI_C_BP_L_R81M_filtered_seg1_aug_time_shift-time_stretch-pitch_shift_ed08dfa7.wav",
  "feature_type": "mel",
  "timestamp": "20251106_115814",
  "predicted_class": "Plueral Effusion",
  "class_probabilities": {
    "Asthma": 5.7102225170524434e-09,
    "BRON": 1.0649385373540099e-08,
    "COPD": 1.707589410786226e-15,
    "Healthy": 4.289403932489222e-06,
    "Lung Fibrosis": 6.491888732314266e-13,
    "Plueral Effusion": 0.9999955892562866,
    "Pneumonia": 1.5950146748083122e-13,
    "RTI": 2.0155602142542858e-15
  }
}