{
  "predicted_class_idx": 4,
  "confidence": 0.7055975198745728,
  "all_probabilities": [
    0.2510755658149719,
    0.0007820494356565177,
    4.787380476045655e-06,
    0.04095565527677536,
    0.7055975198745728,
    2.092401700792834e-06,
    0.0015046948101371527,
    7.766539783915505e-05
  ],
  "std_probabilities": [
    0.3368734121322632,
    0.0005791070871055126,
    6.8717026806552894e-06,
    0.03175585716962814,
    0.31959861516952515,
    4.031384833069751e-06,
    0.0018482921877875924,
    9.857920667855069e-05
  ],
  "fold_predictions": [
    [
      0.05717828869819641,
      0.0005945900920778513,
      1.1406862086005276e-06,
      0.0361294150352478,
      0.9055365324020386,
      1.098537083521478e-07,
      0.0005551237263716757,
      4.8367846829933114e-06
    ],
    [
      0.17829155921936035,
      7.938111230032519e-05,
      1.212613824463915e-06,
      0.05263330042362213,
      0.7687751054763794,
      5.2550660711858654e-08,
      0.00019907730165868998,
      2.02911705855513e-05
    ],
    [
      0.05023827776312828,
      0.0015898423735052347,
      1.8465063476469368e-05,
      0.020591741427779198,
      0.9265875220298767,
      1.015459838527022e-05,
      0.0008621404995210469,
      0.00010180629760725424
    ],
    [
      0.051878493279218674,
      0.0013192120241001248,
      2.5848801215033745e-06,
      0.09449079632759094,
      0.8513152599334717,
      1.426313360752829e-07,
      0.0007328385836444795,
      0.00026066970895044506
    ],
    [
      0.9177911877632141,
      0.00032722167088650167,
      5.336585786608339e-07,
      0.0009330163593403995,
      0.07577289640903473,
      2.3743502719497656e-09,
      0.005174294114112854,
      7.230150345094444e-07
    ]
  ],
  "filename": "BP97_AsthmaE_WP_R_U24M_filtered_seg2_aug_time_shift-lowpass_524aeeff.wav",
  "feature_type": "mfcc",
  "timestamp": "20251106_112517",
  "predicted_class": "Lung Fibrosis",
  "class_probabilities": {
    "Asthma": 0.2510755658149719,
    "BRON": 0.0007820494356565177,
    "COPD": 4.787380476045655e-06,
    "Healthy": 0.04095565527677536,
    "Lung Fibrosis": 0.7055975198745728,
    "Plueral Effusion": 2.092401700792834e-06,
    "Pneumonia": 0.0015046948101371527,
    "RTI": 7.766539783915505e-05
  }
}