{
  "predicted_class_idx": 5,
  "confidence": 0.6076385378837585,
  "all_probabilities": [
    0.15640154480934143,
    0.027047570794820786,
    0.0018367605516687036,
    0.12159606069326401,
    8.50041578814853e-06,
    0.6076385378837585,
    1.5719157318017096e-06,
    0.08546946942806244
  ],
  "std_probabilities": [
    0.18711119890213013,
    0.04378480464220047,
    0.0029328211676329374,
    0.12510378658771515,
    1.1232937140448485e-05,
    0.18002869188785553,
    3.052978172490839e-06,
    0.11204856634140015
  ],
  "fold_predictions": [
    [
      0.009804791770875454,
      6.633042357861996e-05,
      0.00043010510853491724,
      0.09411989897489548,
      1.4483773156825919e-05,
      0.6185920238494873,
      7.676847417315003e-06,
      0.27696478366851807
    ],
    [
      0.0008222769247367978,
      3.203270534868352e-05,
      3.84755949198734e-05,
      0.0011659666197374463,
      4.683890253431855e-08,
      0.8476413488388062,
      1.2245007785516293e-10,
      0.15029992163181305
    ],
    [
      0.42327040433883667,
      2.0214338292134926e-06,
      0.0005014319904148579,
      0.0008996287360787392,
      9.506312403928519e-12,
      0.5753257870674133,
      2.891022887752115e-08,
      7.426397132803686e-07
    ],
    [
      0.34363576769828796,
      0.022223791107535362,
      0.0005218866281211376,
      0.33449482917785645,
      2.797137676679995e-05,
      0.29908862709999084,
      1.521480896826688e-07,
      6.938392289157491e-06
    ],
    [
      0.00447450764477253,
      0.11291368305683136,
      0.007691903505474329,
      0.17729996144771576,
      8.461059630704426e-11,
      0.6975448727607727,
      1.5502049643956184e-09,
      7.497901242459193e-05
    ]
  ],
  "filename": "ASMA_2.wav",
  "feature_type": "mfcc",
  "timestamp": "20251113_103706",
  "predicted_class": "Plueral Effusion",
  "class_probabilities": {
    "ASMA": 0.15640154480934143,
    "BRON": 0.027047570794820786,
    "COPD": 0.0018367605516687036,
    "Healthy": 0.12159606069326401,
    "Lung Fibrosis": 8.50041578814853e-06,
    "Plueral Effusion": 0.6076385378837585,
    "Pneumonia": 1.5719157318017096e-06,
    "RTI": 0.08546946942806244
  }
}