{
  "predicted_class_idx": 5,
  "confidence": 0.9946579933166504,
  "all_probabilities": [
    2.2753059965907596e-05,
    0.002727513900026679,
    5.532067512414862e-11,
    0.002591709140688181,
    6.295875465411882e-08,
    0.9946579933166504,
    8.830077224963873e-10,
    7.775409482935203e-11
  ],
  "std_probabilities": [
    3.8812508137198165e-05,
    0.005454948637634516,
    1.0750825230054772e-10,
    0.003800338367000222,
    9.246929266737425e-08,
    0.009206153452396393,
    1.594509302371705e-09,
    1.0540753686560933e-10
  ],
  "fold_predictions": [
    [
      5.743090241594473e-06,
      4.5761847644598674e-08,
      5.828908536398281e-12,
      0.0019952445290982723,
      2.44137766003405e-07,
      0.9979986548423767,
      3.431429584921375e-10,
      7.110117355990653e-11
    ],
    [
      7.82705956225982e-06,
      0.013637411408126354,
      4.806338161668366e-13,
      0.010049196891486645,
      5.069831132686886e-08,
      0.9763056039810181,
      1.0685402215826478e-11,
      2.8206478819292613e-10
    ],
    [
      2.6359929350405764e-08,
      1.0966866526018748e-08,
      1.4559117817179766e-15,
      9.287225566367852e-07,
      1.040414296057425e-14,
      0.9999990463256836,
      3.324224169586401e-14,
      1.485405331722034e-12
    ],
    [
      3.730503550514186e-08,
      3.6342573915548737e-12,
      3.0957108693343953e-16,
      1.973465259652585e-06,
      4.467018829758685e-15,
      0.9999979734420776,
      2.5626512562926078e-14,
      1.153692871283533e-17
    ],
    [
      0.00010013148857979104,
      1.0163729058376703e-07,
      2.702920665065278e-10,
      0.0009112029219977558,
      1.9957685282179227e-08,
      0.9989885687828064,
      4.061151415157838e-09,
      3.411912419259977e-11
    ]
  ],
  "filename": "BP8_Plueral_EffusionI_C_BP_L_L70M_filtered_seg1_aug_time_shift_b6b3b488.wav",
  "feature_type": "mel",
  "timestamp": "20251106_115912",
  "predicted_class": "Plueral Effusion",
  "class_probabilities": {
    "Asthma": 2.2753059965907596e-05,
    "BRON": 0.002727513900026679,
    "COPD": 5.532067512414862e-11,
    "Healthy": 0.002591709140688181,
    "Lung Fibrosis": 6.295875465411882e-08,
    "Plueral Effusion": 0.9946579933166504,
    "Pneumonia": 8.830077224963873e-10,
    "RTI": 7.775409482935203e-11
  }
}