{
  "predicted_class_idx": 0,
  "confidence": 0.5893061757087708,
  "all_probabilities": [
    0.5893061757087708,
    6.922763532202225e-06,
    2.1862961148144677e-05,
    0.0018039789283648133,
    0.40167784690856934,
    0.007096442393958569,
    8.672056719660759e-05,
    1.2203339849747863e-07
  ],
  "std_probabilities": [
    0.481284499168396,
    6.8042500060983e-06,
    2.3036132915876806e-05,
    0.0014754931908100843,
    0.48714786767959595,
    0.009630984626710415,
    9.873349335975945e-05,
    1.616772635770758e-07
  ],
  "fold_predictions": [
    [
      0.9967376589775085,
      1.8683847883949056e-05,
      1.55390353029361e-05,
      0.0029506583232432604,
      1.5259452993632294e-05,
      6.598999607376754e-05,
      0.00019623828120529652,
      1.6597159202547118e-08
    ],
    [
      0.96077960729599,
      8.764844096731395e-06,
      6.230365397641435e-05,
      0.002748360624536872,
      0.011799406260251999,
      0.024382978677749634,
      0.00021836553059983999,
      1.7468398993969458e-07
    ],
    [
      4.371152044768678e-06,
      6.7137207224732265e-06,
      1.1596291642490542e-06,
      4.93695051773102e-06,
      0.9999510049819946,
      2.41943598666694e-05,
      7.2403599915560335e-06,
      4.17572437072522e-07
    ],
    [
      7.06637219991535e-05,
      1.0782582648971584e-07,
      2.2429600399220817e-09,
      0.0033010581973940134,
      0.9966189861297607,
      7.129646292014513e-06,
      2.0534125724225305e-06,
      1.118348469386632e-12
    ],
    [
      0.9889383316040039,
      3.435799840190157e-07,
      3.031024789379444e-05,
      1.488095131207956e-05,
      4.573427759169135e-06,
      0.011001918464899063,
      9.705251613922883e-06,
      1.3122550823752022e-09
    ]
  ],
  "filename": "122_2b3_Ar_mc_LittC2SE_filtered_seg1_aug_highpass_fa7dcb46.wav",
  "feature_type": "mfcc",
  "timestamp": "20251106_115024",
  "predicted_class": "Asthma",
  "class_probabilities": {
    "Asthma": 0.5893061757087708,
    "BRON": 6.922763532202225e-06,
    "COPD": 2.1862961148144677e-05,
    "Healthy": 0.0018039789283648133,
    "Lung Fibrosis": 0.40167784690856934,
    "Plueral Effusion": 0.007096442393958569,
    "Pneumonia": 8.672056719660759e-05,
    "RTI": 1.2203339849747863e-07
  }
}