{
  "predicted_class_idx": 4,
  "confidence": 0.6286848783493042,
  "all_probabilities": [
    0.04816395789384842,
    0.009768079966306686,
    0.0005088872858323157,
    0.15301179885864258,
    0.6286848783493042,
    0.006283901631832123,
    0.1531343311071396,
    0.00044419034384191036
  ],
  "std_probabilities": [
    0.0475204698741436,
    0.010792098008096218,
    0.0006994099239818752,
    0.2260444462299347,
    0.31433045864105225,
    0.011256910860538483,
    0.19616593420505524,
    0.00044714054092764854
  ],
  "fold_predictions": [
    [
      0.06711925566196442,
      0.004207952879369259,
      0.0017902039689943194,
      0.5996275544166565,
      0.27173155546188354,
      0.0025854657869786024,
      0.052847594022750854,
      9.051522647496313e-05
    ],
    [
      0.002957036718726158,
      0.004289244767278433,
      2.074391522910446e-05,
      0.10467264801263809,
      0.8551885485649109,
      1.4791959983995184e-05,
      0.03263978287577629,
      0.00021712695888709277
    ],
    [
      0.021874913945794106,
      0.007332684937864542,
      1.4374229806435324e-07,
      0.010111726820468903,
      0.8423803448677063,
      0.00010758466669358313,
      0.11746150255203247,
      0.0007310785003937781
    ],
    [
      0.13281507790088654,
      0.031077560037374496,
      0.0007317370618693531,
      0.043339457362890244,
      0.2222551703453064,
      0.028711164370179176,
      0.5398880839347839,
      0.0011816875776275992
    ],
    [
      0.016053518280386925,
      0.0019329598871991038,
      1.6076659221653244e-06,
      0.007307610474526882,
      0.9518686532974243,
      5.041560484642105e-07,
      0.022834697738289833,
      5.433937531051924e-07
    ]
  ],
  "filename": "BP72_NNP_R_U24F_filtered_seg2_orig_0100.wav",
  "feature_type": "concat",
  "timestamp": "20251106_114333",
  "predicted_class": "Lung Fibrosis",
  "class_probabilities": {
    "Asthma": 0.04816395789384842,
    "BRON": 0.009768079966306686,
    "COPD": 0.0005088872858323157,
    "Healthy": 0.15301179885864258,
    "Lung Fibrosis": 0.6286848783493042,
    "Plueral Effusion": 0.006283901631832123,
    "Pneumonia": 0.1531343311071396,
    "RTI": 0.00044419034384191036
  }
}