{
  "predicted_class_idx": 6,
  "confidence": 0.32749617099761963,
  "all_probabilities": [
    2.530857955207466e-06,
    0.2680283486843109,
    0.14559131860733032,
    8.39658168843016e-05,
    3.0794199655514998e-12,
    1.3978225688049406e-08,
    0.32749617099761963,
    0.25879761576652527
  ],
  "std_probabilities": [
    4.9150680752063636e-06,
    0.27639853954315186,
    0.2908536493778229,
    0.00010383765038568527,
    4.44736261706602e-12,
    2.2318854320246828e-08,
    0.3615472912788391,
    0.3431403934955597
  ],
  "fold_predictions": [
    [
      1.2360105756670237e-05,
      0.21157310903072357,
      0.7272985577583313,
      8.647365490332959e-09,
      1.1652475859214029e-11,
      8.305457016577478e-12,
      0.04396693781018257,
      0.01714901253581047
    ],
    [
      1.0308228229338745e-11,
      6.006942840031115e-06,
      1.0022505193774123e-05,
      1.8692451249080477e-06,
      5.5376229047155584e-14,
      1.3708184018505564e-16,
      0.999627947807312,
      0.0003541773767210543
    ],
    [
      1.5899097149940644e-07,
      0.00019828278163913637,
      0.00025052338605746627,
      0.00016886960656847805,
      3.208752491143385e-12,
      1.2225950918320905e-08,
      0.07097160816192627,
      0.9284106492996216
    ],
    [
      2.2842563951464e-10,
      0.391250878572464,
      2.423014455743555e-09,
      0.00024623985518701375,
      9.375064421746635e-16,
      5.363458982499125e-11,
      0.41459959745407104,
      0.19390323758125305
    ],
    [
      1.3495547079855896e-07,
      0.7371134757995605,
      0.00039747791015543044,
      2.841715513568488e-06,
      4.795590465532518e-13,
      5.760324128800676e-08,
      0.10831492394208908,
      0.15417097508907318
    ]
  ],
  "filename": "122_2b3_Ar_mc_LittC2SE_filtered_seg1_aug_highpass_fa7dcb46.wav",
  "feature_type": "mel",
  "timestamp": "20251106_115027",
  "predicted_class": "Pneumonia",
  "class_probabilities": {
    "Asthma": 2.530857955207466e-06,
    "BRON": 0.2680283486843109,
    "COPD": 0.14559131860733032,
    "Healthy": 8.39658168843016e-05,
    "Lung Fibrosis": 3.0794199655514998e-12,
    "Plueral Effusion": 1.3978225688049406e-08,
    "Pneumonia": 0.32749617099761963,
    "RTI": 0.25879761576652527
  }
}