{
  "predicted_class_idx": 5,
  "confidence": 0.5756405591964722,
  "all_probabilities": [
    0.402587890625,
    0.006756473332643509,
    1.572960172779858e-05,
    0.014086221344769001,
    0.0008493519271723926,
    0.5756405591964722,
    6.0320471675368026e-05,
    3.4747615700325696e-06
  ],
  "std_probabilities": [
    0.3359566330909729,
    0.012316307052969933,
    2.1317006030585617e-05,
    0.017683863639831543,
    0.0011834612814709544,
    0.33932194113731384,
    9.397347457706928e-05,
    4.14584246755112e-06
  ],
  "fold_predictions": [
    [
      0.7590709328651428,
      0.0024621624033898115,
      1.0968373317155056e-05,
      0.002702757716178894,
      0.0007689037593081594,
      0.23472987115383148,
      0.00024521947489120066,
      9.18365731195081e-06
    ],
    [
      0.06436146050691605,
      0.03131524473428726,
      1.0314964129065629e-05,
      0.020647713914513588,
      0.00032876268960535526,
      0.8833200931549072,
      8.557564797229134e-06,
      7.86865803092951e-06
    ],
    [
      0.00024995458079501987,
      3.950723908019427e-07,
      7.380925731714783e-12,
      5.141173005540622e-06,
      3.4195946074788708e-09,
      0.9997444748878479,
      1.3716652813577923e-10,
      2.9639493984157106e-12
    ],
    [
      0.3857960104942322,
      6.152115474833408e-07,
      7.184959116557366e-08,
      0.0010208712192252278,
      9.79522837951663e-07,
      0.6131797432899475,
      1.5697098660893971e-06,
      1.227656980518077e-07
    ],
    [
      0.803460955619812,
      3.950200607505394e-06,
      5.729281474486925e-05,
      0.046054620295763016,
      0.0031481103505939245,
      0.1472286432981491,
      4.625545261660591e-05,
      1.98722787558836e-07
    ]
  ],
  "filename": "BP97_AsthmaE_WP_R_U24M_filtered_seg2_aug_time_shift-lowpass_524aeeff.wav",
  "feature_type": "mel",
  "timestamp": "20251106_112538",
  "predicted_class": "Plueral Effusion",
  "class_probabilities": {
    "Asthma": 0.402587890625,
    "BRON": 0.006756473332643509,
    "COPD": 1.572960172779858e-05,
    "Healthy": 0.014086221344769001,
    "Lung Fibrosis": 0.0008493519271723926,
    "Plueral Effusion": 0.5756405591964722,
    "Pneumonia": 6.0320471675368026e-05,
    "RTI": 3.4747615700325696e-06
  }
}