{
  "predicted_class_idx": 5,
  "confidence": 0.7200966477394104,
  "all_probabilities": [
    0.25392991304397583,
    6.905742338858545e-05,
    0.00024619896430522203,
    0.0007620349642820656,
    0.02149561420083046,
    0.7200966477394104,
    0.0033938870765268803,
    6.658616712229559e-06
  ],
  "std_probabilities": [
    0.19529864192008972,
    0.0001275616668863222,
    0.00046176480827853084,
    0.0013437781017273664,
    0.04036073014140129,
    0.22173117101192474,
    0.006273383740335703,
    8.375966899620835e-06
  ],
  "fold_predictions": [
    [
      0.3887031674385071,
      4.732654712569229e-09,
      2.613014657981694e-07,
      1.683931373008818e-06,
      8.817159687168896e-05,
      0.6111966967582703,
      9.122148185269907e-06,
      8.965042184172489e-07
    ],
    [
      0.00564192607998848,
      5.647539103037502e-10,
      9.449941984485122e-08,
      0.00018960183660965413,
      4.6183755330275744e-05,
      0.9940980672836304,
      2.4068438506219536e-05,
      2.998797876685444e-09
    ],
    [
      0.42866018414497375,
      2.15610270970501e-05,
      6.197379116201773e-05,
      0.00016339446301572025,
      0.005223126150667667,
      0.5648868680000305,
      0.0009618545882403851,
      2.1056323021184653e-05
    ],
    [
      0.42142897844314575,
      0.00032363503123633564,
      0.001168487244285643,
      0.003445203648880124,
      0.1021173819899559,
      0.45558518171310425,
      0.01591980643570423,
      1.1326846106385347e-05
    ],
    [
      0.025215158239006996,
      8.577399768228133e-08,
      1.7797363227600727e-07,
      1.029096711135935e-05,
      3.213183390471386e-06,
      0.9747163653373718,
      5.458326268126257e-05,
      1.0411959294742701e-08
    ]
  ],
  "filename": "BP4_Heart_Failure__Lung_Fibrosis_I_CP_L_R72F_filtered_seg1_aug_pitch_shift-add_noise_fe26bc0e.wav",
  "feature_type": "concat",
  "timestamp": "20251106_120255",
  "predicted_class": "Plueral Effusion",
  "class_probabilities": {
    "Asthma": 0.25392991304397583,
    "BRON": 6.905742338858545e-05,
    "COPD": 0.00024619896430522203,
    "Healthy": 0.0007620349642820656,
    "Lung Fibrosis": 0.02149561420083046,
    "Plueral Effusion": 0.7200966477394104,
    "Pneumonia": 0.0033938870765268803,
    "RTI": 6.658616712229559e-06
  }
}