{
  "predicted_class_idx": 1,
  "confidence": 0.844717800617218,
  "all_probabilities": [
    1.9340063772688154e-06,
    0.844717800617218,
    0.15121515095233917,
    0.00054211012320593,
    4.08979349231231e-06,
    1.8560243688625633e-06,
    0.00016748244524933398,
    0.0033495784737169743
  ],
  "std_probabilities": [
    3.6639683003159007e-06,
    0.30434301495552063,
    0.2964111864566803,
    0.0010782773606479168,
    8.151517249643803e-06,
    3.7099644032423384e-06,
    0.0003323100390844047,
    0.0065060146152973175
  ],
  "fold_predictions": [
    [
      8.293278064286369e-09,
      0.9999294281005859,
      6.999457400524989e-05,
      7.805568635887994e-09,
      4.2966120245013784e-11,
      3.7306299000526566e-13,
      1.1109435149592173e-07,
      4.440638861069601e-07
    ],
    [
      1.7106261340164158e-13,
      0.9999436140060425,
      5.633207183564082e-05,
      1.121204284970645e-08,
      9.701367313652565e-12,
      1.3424342272029023e-14,
      2.6617821835550615e-10,
      5.893916465993243e-08
    ],
    [
      3.4727167985693086e-07,
      0.9876853227615356,
      0.011909794062376022,
      1.0428269888507202e-05,
      3.012845439798184e-08,
      4.136419207156905e-09,
      4.875522790825926e-06,
      0.00038914603646844625
    ],
    [
      9.257500096282456e-06,
      0.23610566556453705,
      0.7439665198326111,
      0.0026986508164554834,
      2.0392808437463827e-05,
      9.275952834286727e-06,
      0.000832092366181314,
      0.016358118504285812
    ],
    [
      5.696620419826104e-08,
      0.9999250173568726,
      7.305706094484776e-05,
      1.4524850939778844e-06,
      2.597949588789561e-08,
      3.243021823307046e-11,
      3.329580238187191e-07,
      1.2529727655419265e-07
    ]
  ],
  "filename": "201_1b2_Ar_sc_Meditron_filtered_seg3_aug_change_volume-highpass_ceea124a.wav",
  "feature_type": "concat",
  "timestamp": "20251106_112840",
  "predicted_class": "BRON",
  "class_probabilities": {
    "Asthma": 1.9340063772688154e-06,
    "BRON": 0.844717800617218,
    "COPD": 0.15121515095233917,
    "Healthy": 0.00054211012320593,
    "Lung Fibrosis": 4.08979349231231e-06,
    "Plueral Effusion": 1.8560243688625633e-06,
    "Pneumonia": 0.00016748244524933398,
    "RTI": 0.0033495784737169743
  }
}