{
  "predicted_class_idx": 4,
  "confidence": 0.34836411476135254,
  "all_probabilities": [
    0.059448499232530594,
    0.0066739097237586975,
    0.0006539221503771842,
    0.3257382810115814,
    0.34836411476135254,
    0.02011612057685852,
    0.23492291569709778,
    0.004082229919731617
  ],
  "std_probabilities": [
    0.06442500650882721,
    0.007640022784471512,
    0.0009194384911097586,
    0.30708593130111694,
    0.24933555722236633,
    0.026586906984448433,
    0.17397183179855347,
    0.007033806759864092
  ],
  "fold_predictions": [
    [
      0.01791190542280674,
      0.0014793631853535771,
      0.0006653894670307636,
      0.4506484866142273,
      0.05526827648282051,
      8.126645116135478e-05,
      0.47375643253326416,
      0.00018885314057115465
    ],
    [
      0.0853075310587883,
      0.00991918332874775,
      0.00015740939124953002,
      0.20022280514240265,
      0.6238967776298523,
      0.001845780061557889,
      0.07694298028945923,
      0.0017075357027351856
    ],
    [
      0.01619550585746765,
      0.0010823076590895653,
      1.0488975021871738e-05,
      0.8645742535591125,
      0.08163702487945557,
      0.03074071556329727,
      0.005383593030273914,
      0.0003760370018426329
    ],
    [
      0.17479655146598816,
      0.020309342071413994,
      0.002428417792543769,
      0.10643157362937927,
      0.35364454984664917,
      0.06789112091064453,
      0.25639864802360535,
      0.018099749460816383
    ],
    [
      0.0030309923458844423,
      0.0005793534219264984,
      7.905047823442146e-06,
      0.006814317312091589,
      0.6273738741874695,
      2.1721109078498557e-05,
      0.36213287711143494,
      3.897540955222212e-05
    ]
  ],
  "filename": "BP104_AsthmaE_WP_L_U45F_filtered_seg1_aug_time_shift-highpass_50d66c69.wav",
  "feature_type": "concat",
  "timestamp": "20251106_112525",
  "predicted_class": "Lung Fibrosis",
  "class_probabilities": {
    "Asthma": 0.059448499232530594,
    "BRON": 0.0066739097237586975,
    "COPD": 0.0006539221503771842,
    "Healthy": 0.3257382810115814,
    "Lung Fibrosis": 0.34836411476135254,
    "Plueral Effusion": 0.02011612057685852,
    "Pneumonia": 0.23492291569709778,
    "RTI": 0.004082229919731617
  }
}