{
  "predicted_class_idx": 1,
  "confidence": 0.7936986684799194,
  "all_probabilities": [
    0.0010752633679658175,
    0.7936986684799194,
    0.0005355349858291447,
    0.009715155698359013,
    0.0007590989698655903,
    0.0014603573363274336,
    0.16667385399341583,
    0.026082012802362442
  ],
  "std_probabilities": [
    0.002040587831288576,
    0.26351213455200195,
    0.0006351280608214438,
    0.018454797565937042,
    0.0015108960215002298,
    0.0029191775247454643,
    0.1908746212720871,
    0.04889712482690811
  ],
  "fold_predictions": [
    [
      9.636471804697067e-05,
      0.9720726609230042,
      7.0254104684863705e-06,
      3.661892333184369e-05,
      1.0193739399255719e-05,
      1.952808815985918e-06,
      0.025384481996297836,
      0.0023906200658529997
    ],
    [
      2.838835300167375e-08,
      0.9873002171516418,
      0.0002897809899877757,
      3.155185186187737e-05,
      4.287842259032004e-08,
      4.32521609639025e-08,
      0.012303964234888554,
      7.446749077644199e-05
    ],
    [
      1.2129453352827113e-06,
      0.8897590041160583,
      1.5095053640834522e-05,
      4.5708362449659035e-05,
      2.5331452491172968e-08,
      3.654677414033358e-07,
      0.11009056866168976,
      8.80844090715982e-05
    ],
    [
      0.005155231803655624,
      0.2776009738445282,
      0.0017159132985398173,
      0.04659762978553772,
      0.0037808818742632866,
      0.007298712618649006,
      0.5340198278427124,
      0.12383078038692474
    ],
    [
      0.0001234795927302912,
      0.8417607545852661,
      0.0006498602451756597,
      0.001864270307123661,
      4.3509230636118446e-06,
      7.130024073376262e-07,
      0.1515704095363617,
      0.0040261209942400455
    ]
  ],
  "filename": "169_1b1_Lr_sc_Meditron_filtered_seg1_aug_highpass-lowpass_d0b9375e.wav",
  "feature_type": "concat",
  "timestamp": "20251106_112734",
  "predicted_class": "BRON",
  "class_probabilities": {
    "Asthma": 0.0010752633679658175,
    "BRON": 0.7936986684799194,
    "COPD": 0.0005355349858291447,
    "Healthy": 0.009715155698359013,
    "Lung Fibrosis": 0.0007590989698655903,
    "Plueral Effusion": 0.0014603573363274336,
    "Pneumonia": 0.16667385399341583,
    "RTI": 0.026082012802362442
  }
}