{
  "predicted_class_idx": 2,
  "confidence": 0.9953536987304688,
  "all_probabilities": [
    3.187989932484925e-06,
    0.003810400841757655,
    0.9953536987304688,
    5.04478862239921e-07,
    3.9403684759520274e-09,
    5.566502814247087e-10,
    0.0008321398636326194,
    4.985173518434749e-08
  ],
  "std_probabilities": [
    4.179205006948905e-06,
    0.0062287044711411,
    0.007795597426593304,
    9.987621751861298e-07,
    6.751959880091363e-09,
    6.115274397977544e-10,
    0.0015799651155248284,
    9.543749257545642e-08
  ],
  "fold_predictions": [
    [
      2.987771040352527e-06,
      0.0006530966493301094,
      0.9992951154708862,
      6.3950600370787924e-09,
      4.5880710342061093e-10,
      1.4857570035387013e-11,
      4.873594662058167e-05,
      2.2139116928610036e-10
    ],
    [
      1.1266393812547904e-05,
      2.2464964786195196e-06,
      0.9998884201049805,
      4.428724942329154e-09,
      2.563162355972981e-14,
      5.7540163606040196e-11,
      9.80738623184152e-05,
      4.0523981392759367e-10
    ],
    [
      1.5035229807836004e-06,
      0.016161290928721428,
      0.9798430800437927,
      2.5019994609465357e-06,
      1.7425525911107798e-08,
      7.001201285383729e-10,
      0.003991414792835712,
      2.4063618297986977e-07
    ],
    [
      2.195335468968551e-08,
      0.002228374592959881,
      0.9977672100067139,
      7.669502366525194e-09,
      7.267140222921853e-10,
      3.3309369151801604e-10,
      4.40586200056714e-06,
      7.844718652449956e-09
    ],
    [
      1.6030963934099418e-07,
      6.994171599217225e-06,
      0.9999747276306152,
      1.9013308705240206e-09,
      1.0907682534977425e-09,
      1.6776399158757727e-09,
      1.8068551071337424e-05,
      1.5115846074831296e-10
    ]
  ],
  "filename": "141_1b2_Lr_mc_LittC2SE_filtered_seg2_copy_0081.wav",
  "feature_type": "mel",
  "timestamp": "20251106_113330",
  "predicted_class": "COPD",
  "class_probabilities": {
    "Asthma": 3.187989932484925e-06,
    "BRON": 0.003810400841757655,
    "COPD": 0.9953536987304688,
    "Healthy": 5.04478862239921e-07,
    "Lung Fibrosis": 3.9403684759520274e-09,
    "Plueral Effusion": 5.566502814247087e-10,
    "Pneumonia": 0.0008321398636326194,
    "RTI": 4.985173518434749e-08
  }
}