{
  "predicted_class_idx": 7,
  "confidence": 0.43170005083084106,
  "all_probabilities": [
    0.04125317931175232,
    0.4270390570163727,
    0.0666157454252243,
    0.0318097285926342,
    5.0883489166153595e-05,
    9.182660141959786e-05,
    0.0014396320329979062,
    0.43170005083084106
  ],
  "std_probabilities": [
    0.0819995254278183,
    0.37441790103912354,
    0.0826946273446083,
    0.03799356147646904,
    9.752297046361491e-05,
    0.00015626894310116768,
    0.002236048225313425,
    0.3766353726387024
  ],
  "fold_predictions": [
    [
      0.0005973050720058382,
      0.7297507524490356,
      0.18873904645442963,
      0.008738946169614792,
      3.3032874853233807e-06,
      0.0004034376470372081,
      0.0009588330867700279,
      0.07080835849046707
    ],
    [
      0.00011295646982034668,
      0.007147076539695263,
      8.789754792815074e-05,
      0.03604038059711456,
      1.3731547010564782e-09,
      2.850623604899738e-05,
      6.447885425586719e-07,
      0.9565825462341309
    ],
    [
      0.00030235544545575976,
      0.22155942022800446,
      0.00014037515211384743,
      0.010361330583691597,
      5.224430424277671e-06,
      9.86206373454479e-07,
      0.00038232814404182136,
      0.7672480344772339
    ],
    [
      0.20525173842906952,
      0.1768331378698349,
      0.14407576620578766,
      0.10389520227909088,
      0.00024588836822658777,
      2.6172920115641318e-05,
      0.0058563402853906155,
      0.3638157844543457
    ],
    [
      1.5301335452022613e-06,
      0.9999048709869385,
      3.560098775778897e-05,
      1.2783117199433036e-05,
      8.417555714956837e-12,
      2.998311288138211e-08,
      1.3549652067013085e-08,
      4.5191038225311786e-05
    ]
  ],
  "filename": "169_1b1_Lr_sc_Meditron_filtered_seg1_aug_add_noise-pitch_shift-highpass_6dc2fbbc.wav",
  "feature_type": "mfcc",
  "timestamp": "20251106_112726",
  "predicted_class": "RTI",
  "class_probabilities": {
    "Asthma": 0.04125317931175232,
    "BRON": 0.4270390570163727,
    "COPD": 0.0666157454252243,
    "Healthy": 0.0318097285926342,
    "Lung Fibrosis": 5.0883489166153595e-05,
    "Plueral Effusion": 9.182660141959786e-05,
    "Pneumonia": 0.0014396320329979062,
    "RTI": 0.43170005083084106
  }
}