{
  "predicted_class_idx": 1,
  "confidence": 0.8196903467178345,
  "all_probabilities": [
    0.00010732553346315399,
    0.8196903467178345,
    0.0007366262143477798,
    0.13033613562583923,
    0.00013093542656861246,
    8.113855074043386e-06,
    0.024384215474128723,
    0.024606307968497276
  ],
  "std_probabilities": [
    0.00020403119560796767,
    0.272442102432251,
    0.0013675710652023554,
    0.24843640625476837,
    0.00022739979613106698,
    1.314812197961146e-05,
    0.03629545494914055,
    0.03124912641942501
  ],
  "fold_predictions": [
    [
      2.000811463176433e-07,
      0.9998661279678345,
      3.8374117139028385e-05,
      8.819352660793811e-05,
      4.5827714956203636e-08,
      3.4829658943635877e-06,
      2.0895136003673542e-06,
      1.4629450788561371e-06
    ],
    [
      3.4029378639388597e-06,
      0.9979967474937439,
      2.5674049538793042e-05,
      0.0016445546643808484,
      5.180667358217761e-06,
      4.3593794885055104e-07,
      0.00018100757733918726,
      0.00014293010463006794
    ],
    [
      0.0005151928635314107,
      0.29575690627098083,
      0.00013959170610178262,
      0.6269358992576599,
      0.000582944368943572,
      3.428791751503013e-05,
      0.028063956648111343,
      0.04797116294503212
    ],
    [
      1.737786442390643e-05,
      0.8057882785797119,
      0.0034702508710324764,
      0.02210473269224167,
      6.650437717325985e-05,
      2.3571981273562415e-06,
      0.0936596542596817,
      0.07489084452390671
    ],
    [
      4.5397916892397916e-07,
      0.9990435242652893,
      9.240120562026277e-06,
      0.0009072500397451222,
      2.0073496198591556e-09,
      5.256922008811671e-09,
      1.4367173207574524e-05,
      2.5137744160019793e-05
    ]
  ],
  "filename": "168_1b1_Al_sc_Meditron_filtered_seg3_aug_time_shift-change_volume-time_stretch_357acc06.wav",
  "feature_type": "mfcc",
  "timestamp": "20251106_112717",
  "predicted_class": "BRON",
  "class_probabilities": {
    "Asthma": 0.00010732553346315399,
    "BRON": 0.8196903467178345,
    "COPD": 0.0007366262143477798,
    "Healthy": 0.13033613562583923,
    "Lung Fibrosis": 0.00013093542656861246,
    "Plueral Effusion": 8.113855074043386e-06,
    "Pneumonia": 0.024384215474128723,
    "RTI": 0.024606307968497276
  }
}