{
  "predicted_class_idx": 2,
  "confidence": 0.49331530928611755,
  "all_probabilities": [
    0.18911433219909668,
    0.3046641945838928,
    0.49331530928611755,
    0.0009929772932082415,
    0.005271271802484989,
    5.1085622544633225e-05,
    6.58402350381948e-05,
    0.006524933967739344
  ],
  "std_probabilities": [
    0.3780570328235626,
    0.38691312074661255,
    0.42779868841171265,
    0.001982932211831212,
    0.008502738550305367,
    0.00010213581845164299,
    0.00013167325232643634,
    0.013049023225903511
  ],
  "fold_predictions": [
    [
      0.00020079000387340784,
      0.01642449013888836,
      0.9833716750144958,
      3.0610394787800033e-06,
      1.6342543984748659e-09,
      2.1652539761163325e-09,
      5.139028850902061e-13,
      1.8620114131118193e-12
    ],
    [
      3.597958493628539e-05,
      0.020838195458054543,
      0.979124128818512,
      1.1818275424957392e-06,
      4.1882222490130516e-07,
      1.739589305937983e-10,
      1.0511400638790747e-08,
      4.579207235622107e-09
    ],
    [
      0.9452283978462219,
      0.00029334364808164537,
      0.05029803887009621,
      4.913493398817081e-07,
      0.0041779810562729836,
      6.85254732957219e-08,
      1.0579084275263995e-09,
      1.6851624877745053e-06
    ],
    [
      5.57530511287041e-05,
      0.510334312915802,
      0.4512409567832947,
      0.004958841018378735,
      0.00020256685093045235,
      0.00025535724125802517,
      0.00032918673241510987,
      0.03262297809123993
    ],
    [
      5.07703771290835e-05,
      0.9754306674003601,
      0.002541821915656328,
      1.310640072915703e-06,
      0.02197539061307907,
      2.891253859590992e-12,
      2.8592697098872577e-09,
      3.883981330998765e-11
    ]
  ],
  "filename": "215_1b3_Tc_sc_Meditron_filtered_seg2_orig_0068.wav",
  "feature_type": "concat",
  "timestamp": "20251106_112934",
  "predicted_class": "COPD",
  "class_probabilities": {
    "Asthma": 0.18911433219909668,
    "BRON": 0.3046641945838928,
    "COPD": 0.49331530928611755,
    "Healthy": 0.0009929772932082415,
    "Lung Fibrosis": 0.005271271802484989,
    "Plueral Effusion": 5.1085622544633225e-05,
    "Pneumonia": 6.58402350381948e-05,
    "RTI": 0.006524933967739344
  }
}