{
  "predicted_class_idx": 1,
  "confidence": 0.4762550890445709,
  "all_probabilities": [
    0.00010730271606007591,
    0.4762550890445709,
    1.5270376962916998e-08,
    0.21745078265666962,
    4.762781724565457e-09,
    0.2750757336616516,
    0.004285640083253384,
    0.0268254391849041
  ],
  "std_probabilities": [
    0.00021287309937179089,
    0.4144938886165619,
    2.3963220741052282e-08,
    0.2592461109161377,
    9.349240492895206e-09,
    0.36371910572052,
    0.0083936657756567,
    0.05308609828352928
  ],
  "fold_predictions": [
    [
      0.000533045269548893,
      0.9993032217025757,
      3.8022373444190904e-11,
      1.8252464997203788e-06,
      1.0656423931210829e-13,
      1.4128179827821441e-05,
      0.00014768446271773428,
      6.244327721560694e-08
    ],
    [
      2.4519993075955426e-06,
      3.955912575293041e-08,
      6.188817280872172e-08,
      0.712393581867218,
      2.3460550835352478e-08,
      0.286749005317688,
      7.921107680886053e-06,
      0.0008469718159176409
    ],
    [
      8.08384967854181e-08,
      0.003437678562477231,
      3.924613065087179e-11,
      0.024489302188158035,
      5.879924504107251e-14,
      0.9720454216003418,
      1.913997405011969e-09,
      2.755299829004798e-05
    ],
    [
      9.322702680947259e-07,
      0.8381345272064209,
      5.818833912971111e-13,
      0.13656264543533325,
      2.092074152804102e-10,
      0.0039729103446006775,
      0.021072247996926308,
      0.0002567199699115008
    ],
    [
      3.1869877847867656e-09,
      0.5403999090194702,
      1.4385861391019716e-08,
      0.21380656957626343,
      1.4398694736517115e-10,
      0.11259722709655762,
      0.00020034488989040256,
      0.13299588859081268
    ]
  ],
  "filename": "183_1b1_Pl_sc_Meditron_filtered_seg1_aug_pitch_shift-add_noise-highpass_243e1486.wav",
  "feature_type": "mel",
  "timestamp": "20251106_114219",
  "predicted_class": "BRON",
  "class_probabilities": {
    "Asthma": 0.00010730271606007591,
    "BRON": 0.4762550890445709,
    "COPD": 1.5270376962916998e-08,
    "Healthy": 0.21745078265666962,
    "Lung Fibrosis": 4.762781724565457e-09,
    "Plueral Effusion": 0.2750757336616516,
    "Pneumonia": 0.004285640083253384,
    "RTI": 0.0268254391849041
  }
}