{
  "predicted_class_idx": 4,
  "confidence": 0.44271236658096313,
  "all_probabilities": [
    0.0109563572332263,
    0.24562866985797882,
    0.00017918917001225054,
    7.094490683812182e-06,
    0.44271236658096313,
    0.2979119122028351,
    1.5910551155684516e-05,
    0.0025884746573865414
  ],
  "std_probabilities": [
    0.014185996726155281,
    0.38496509194374084,
    0.00033146870555356145,
    1.2516406968643423e-05,
    0.45602303743362427,
    0.3887755572795868,
    3.152414137730375e-05,
    0.005168648436665535
  ],
  "fold_predictions": [
    [
      0.019290734082460403,
      0.20588243007659912,
      4.238812079115917e-11,
      2.3164826501442803e-08,
      0.229292631149292,
      0.5325294733047485,
      7.895775343058631e-05,
      0.012925764545798302
    ],
    [
      0.03513060137629509,
      0.00692947581410408,
      5.1433547923807055e-05,
      3.1985866371542215e-05,
      0.0008129111956804991,
      0.9570276737213135,
      9.533896161428856e-08,
      1.5846524547669105e-05
    ],
    [
      0.00036040719714947045,
      0.015337939374148846,
      0.0008409777074120939,
      3.444517460593488e-06,
      0.9834538698196411,
      1.9973169855802553e-06,
      4.996726943318208e-07,
      7.613854222654481e-07
    ],
    [
      4.2634155761334114e-08,
      5.169974170993186e-11,
      5.2589846540052054e-12,
      1.8906275656149774e-08,
      0.9999995231628418,
      3.0879573387210257e-07,
      4.942841790164451e-14,
      3.3231884174089853e-20
    ],
    [
      2.642007057573892e-09,
      0.9999934434890747,
      3.5346192817087285e-06,
      2.0131036069490115e-15,
      2.969139131892007e-06,
      1.8951565306218193e-13,
      2.4806281432188798e-14,
      7.907576815568973e-10
    ]
  ],
  "filename": "BRON_1.wav",
  "feature_type": "mfcc",
  "timestamp": "20251113_103837",
  "predicted_class": "Lung Fibrosis",
  "class_probabilities": {
    "ASMA": 0.0109563572332263,
    "BRON": 0.24562866985797882,
    "COPD": 0.00017918917001225054,
    "Healthy": 7.094490683812182e-06,
    "Lung Fibrosis": 0.44271236658096313,
    "Plueral Effusion": 0.2979119122028351,
    "Pneumonia": 1.5910551155684516e-05,
    "RTI": 0.0025884746573865414
  }
}