{
  "predicted_class_idx": 1,
  "confidence": 0.9977214932441711,
  "all_probabilities": [
    0.0003572209388948977,
    0.9977214932441711,
    0.0009475158294662833,
    1.2773722119163722e-05,
    1.5525729395449162e-06,
    7.460901230160744e-08,
    7.082532101776451e-05,
    0.000888658338226378
  ],
  "std_probabilities": [
    0.0004893954028375447,
    0.003349683014675975,
    0.0018404247239232063,
    2.2274240109254606e-05,
    3.0571536626666784e-06,
    1.4770449752177228e-07,
    0.0001398498279741034,
    0.0010763474274426699
  ],
  "fold_predictions": [
    [
      1.215855149894196e-07,
      0.9999974966049194,
      2.2198630631464766e-06,
      5.185763285453504e-08,
      7.609500529692781e-11,
      4.329622424470436e-11,
      6.207297453819649e-10,
      1.7128131446497719e-07
    ],
    [
      1.4518319630951737e-06,
      0.9999434947967529,
      2.1208232283242978e-05,
      3.586045238535007e-07,
      2.51786747007543e-09,
      1.28341326455228e-09,
      2.690766720547799e-09,
      3.343891876284033e-05
    ],
    [
      0.000493100262247026,
      0.9973909854888916,
      7.6595380960498e-05,
      4.43071621702984e-06,
      9.363889574842688e-08,
      2.545544608434369e-10,
      3.6063536299479892e-06,
      0.002031250623986125
    ],
    [
      0.001261558965779841,
      0.9913253784179688,
      0.004627994727343321,
      5.721450361306779e-05,
      7.66645825933665e-06,
      3.700159254549362e-07,
      0.00035051105078309774,
      0.0023693896364420652
    ],
    [
      2.9872016966692172e-05,
      0.9999496936798096,
      9.560818398313131e-06,
      1.8129277350453776e-06,
      1.732732568537898e-10,
      1.44784695343958e-09,
      5.865542274108293e-09,
      9.041087650984991e-06
    ]
  ],
  "filename": "201_1b1_Ar_sc_Meditron_filtered_seg2_orig_0044.wav",
  "feature_type": "mfcc",
  "timestamp": "20251106_112829",
  "predicted_class": "BRON",
  "class_probabilities": {
    "Asthma": 0.0003572209388948977,
    "BRON": 0.9977214932441711,
    "COPD": 0.0009475158294662833,
    "Healthy": 1.2773722119163722e-05,
    "Lung Fibrosis": 1.5525729395449162e-06,
    "Plueral Effusion": 7.460901230160744e-08,
    "Pneumonia": 7.082532101776451e-05,
    "RTI": 0.000888658338226378
  }
}